海洋,203
海军,200
系统,152
美国,138
海上,108
中国,107
潜艇,105
俄罗斯,94
无人,93
船舶,81
日本,79
水下,78
北极,69
作战,66
韩国,65
美海军,61
印度,58
安全,56
核潜艇,55
数据,51
英国,46
航行,46
航母,44
舰队,39
造船,38
自主,33
通信,33
破冰船,32
舰艇,32
深海,31
海域,31
中心,30
导弹,29
护卫舰,28
海底,27
智能,27
法国,27
澳大利亚,27
核动力,27
机器人,27
地区,26
航线,26
设备,26
直升机,24
传感器,24
推进,24
航道,23
动力,23
实时,23
潜航器,23
型,23
无人机,23
科考,22
下水,22
舰船,22
平台,22
海运,22
探测,22
首艘,22
海事,22
综合,21
活动,21
升级,21
服务,21
评估,21
重工,21
区域,20
概念,20
提出,20
运输,20
朝鲜,20
卫星,19
近海,19
空间,19
举行,19
能源,19
服役,19
时间,19
南海,19
战斗舰,19
船厂,19
吨,18
俄,18
报,18
第,18
自动,18
国防,18
大,18
驱逐舰,18
网络,18
需求,18
港口,18
配备,18
渔业,18
水面,18
公里,17
保障,17
三井,17
舰,17
信息,17
司令部,17
航运,17
交付,17
该船,17
反潜,17
艇,17
海水,16
极地,16
保护,16
北方,16
风力,16
发电,16
搭载,16
小型,16
挪威,16
武器,16
重点,16
部长,16
 ,16
一艘,16
攻击,16
地质,15
作业,15
最,15
军事,15
商船,15
飞机,15
发射,15
监测,15
南极,15
首个,15
弹道导弹,15
功能,15
实施,15
政策,15
海里,14
100,14
观测,14
反应堆,14
安装,14
智能船舶,14
关系,14
基地,14
部队,14
考察,14
办公室,14
海军陆战队,14
鱼雷,14
电池,14
基础设施,13
建成,13
附近,13
电力,13
现有,13
促进,13
合作伙伴,13
最新,13
解决方案,13
控制系统,13
一,13
优势,13
训练,13
连接,13
航次,12
验证,12
2019,12
工业,12
设施,12
威胁,12
集成,12
设计局,12
天然气,12
排水量,12
美军,12
演习,12
满足,12
战,12
声呐,12
信息网,12
共同,12
信号,12
风电,11
航海,11
维护,11
浮标,11
会议,11
航运界,11
采购,11
拥有,11
确定,11
宽,11
操作,11
自卫队,11
着,11
接收,11
防务,11
大洋,10
感知,10
预算,10
支援,10
歼敌,10
者,10
UUV,10
力量,10
远程,10
雷达,10
海岸,10
方案,10
风险,10
印度洋,10
商业,10
船只,10
行业,10
欧盟,10
下一代,10
打击,10
联盟,10
潜水器,10
数量,10
无人驾驶,10
对于,10
识别,10
造船厂,10
航速,10
柴电,10
新加坡,10
特朗普,10
具备,10
架,10
实验,10
建议,10
现代,10
LNG,10
获取,9
水域,9
特别,9
为了,9
材料,9
监视,9
兆瓦,9
铀,9
燃料,9
一系列,9
最终,9
海洋环境,9
气象,9
培训,9
为期,9
改善,9
天,9
西北,9
该项,9
数字,9
如何,9
指挥,9
资助,9
协会,9
准备,9
全,9
试验,9
有关,9
新一代,9
定位,9
完全,9
北风,9
大幅,9
战术,9
万吨,9
可达,9
家,9
雪龙号,9
船级社,9
需,9
部分,9
通用,9
产业,9
分部,9
菲律宾,9
深度,9
货物,9
经济,8
罗罗,8
发动机,8
规划,8
次,8
启动,8
韩,8
北极星,8
预测,8
2030,8
核电站,8
威慑,8
温度,8
授予,8
资源,8
向阳,8
红,8
航程,8
DARPA,8
状态,8
目的,8
体验,8
船队,8
具体,8
北冰洋,8
决定,8
西太平洋,8
深渊,8
年前,8
要,8
多用途,8
现代化,8
由于,8
电缆,8
该艇,8
侦察,8
进入,8
造船业,8
规定,8
第一艘,8
携带,8
太平洋,8
区,8
仪式,8
随着,8
应,8
舰载,8
充电,8
小时,8
续航,8
重量,8
事故,8
各种,8
采集,8
领土,8
国防部,8
没有,8
航运业,8
红宝石,8
捕捞,8
战舰,8
航空,8
太阳能,8
岛屿,8
站,7
生态,7
塑料,7
曾,7
出云,7
甲板,7
考察站,7
中央,7
之一,7
均,7
攻击型,7
一部分,7
布放,7
防御,7
部,7
BAE,7
防空,7
提交,7
详细,7
显示,7
更好,7
200,7
加速,7
大会,7
理事,7
A,7
类,7
同意,7
禁止,7
年内,7
探索,7
健康,7
领袖,7
军舰,7
三星,7
俄海军,7
创造,7
多个,7
试航,7
多功能,7
水产,7
长,7
年底,7
标志,7
稳定,7
批准,7
整合,7
试射,7
弗吉尼亚,7
穿越,7
海,7
继续,7
打造,7
水雷,7
国外,7
即,7
规则,7
移动,7
水下机器人,7
有人,7
不断,7
2025,7
巡航,7
安全性,7
演示,7
澳大利亚政府,7
投入使用,7
微生物,7
每年,7
模块,7
装甲,7
订单,7
罗尔斯,6
罗伊斯,6
国家海洋局,6
体系,6
地面,6
式,6
德国,6
至少,6
2021,6
第二艘,6
大气,6
生物,6
又,6
期间,6
软件,6
千米,6
自身,6
有利于,6
态势,6
最高,6
背景,6
冰层,6
关注,6
全面,6
覆盖,6
支撑,6
载人,6
近,6
核,6
荷兰,6
高级,6
原型,6
阶段,6
破冰,6
更加,6
迅速,6
亚洲,6
追踪,6
航运公司,6
液化,6
常规,6
反,6
跟踪,6
专用,6
吨级,6
两,6
辅助,6
本次,6
总,6
VR,6
监控,6
有限公司,6
工程,6
载荷,6
器,6
钓鱼岛,6
部门,6
下潜,6
各,6
6000,6
本土,6
上海,6
码头,6
美国防部,6
自由,6
海试,6
分类,6
加快,6
检验,6
巡逻,6
我们,6
涉及,6
3D打印,6
节点,6
共享,6
合作开发,6
网络安全,6
如果,6
理查德森,6
经验,6
空中,6
利益,6
草案,6
传输,6
导航,6
第一,6
法案,6
｡,6
联合国,6
科研,6
透明,6
把,6
IAI,6
两栖,6
公园,5
•,5
及其,5
之后,5
改造,5
日本政府,5
海洋卫星,5
系列,5
基本,5
考察队,5
气象站,5
维修,5
今后,5
新建,5
采办,5
救援,5
之前,5
总部,5
浮动,5
初步,5
北海,5
沿海,5
印度国防部,5
世纪,5
过去,5
北部,5
台,5
通讯,5
距离,5
2000,5
蒸汽,5
低成本,5
每个,5
位置,5
存储,5
市,5
客户,5
展示,5
优化,5
改进,5
两个,5
国,5
当地,5
面临,5
反舰导弹,5
蜂群,5
受,5
发挥,5
承担,5
关键技术,5
勇士,5
各类,5
万米,5
总统,5
欧元,5
用来,5
质量,5
节,5
任何,5
座,5
冬季,5
响应,5
枚,5
着手,5
多种,5
该型,5
石油,5
图像,5
新浦,5
艇体,5
内部,5
表明,5
即将,5
命名,5
不仅,5
强大,5
人士,5
申请,5
光学,5
伦敦,5
一起,5
人工智能,5
分别,5
使得,5
前往,5
陆地,5
船员,5
洛克希德,5
马丁,5
仅,5
指导,5
独立,5
华盛顿,5
存在,5
赢得,5
以色列,5
机动性,5
法,5
框架,5
毫米,5
第八次,5
保安厅,5
保证,5
足够,5
军用,5
导航系统,5
外,5
行动,5
指挥官,5
连续,5
地震,5
开采,5
各国,5
强化,5
交通运输,5
规模,5
恢复,5
维持,5
机动,5
该舰,5
一型,5
起飞,5
节省,5
周边,5
韩国政府,5
船东,5
波浪,5
防卫,5
主,5
战斧,5
巡航导弹,5
芬兰,5
敌方,5
高度,5
反舰,5
基金会,5
资源管理,5
浮岛,5
仍,5
介绍,5
决策,5
运输船,5
锂离子,5
拨款,5
必须,5
巡逻艇,5
称为,5
船坞,5
登陆舰,5
英寸,5
母舰,5
电池板,5
光纤,5
300,4
累计,4
硫化物,4
化学,4
微,4
透露,4
面积,4
国防部长,4
大规模,4
航空母舰,4
协同,4
天气,4
气候变化,4
耗资,4
地方,4
快,4
变化,4
鱼类,4
航标,4
处,4
AIS,4
拓展,4
预警,4
从事,4
皇家,4
淡化,4
厂,4
南部,4
海面,4
约合,4
里,4
则,4
海洋学,4
协调,4
起航,4
本,4
金属,4
定期,4
资产,4
弹射,4
机会,4
按,4
公约,4
贸易,4
C,4
捕鱼,4
避免,4
年度,4
激光,4
趋势,4
海深,4
AUV,4
马里亚纳,4
海沟,4
科学考察,4
普京,4
武器装备,4
新版,4
远,4
城市,4
美国麻省理工学院,4
驾驶,4
初始,4
今年年底,4
船上,4
RITM,4
意义,4
发电机,4
共,4
圣彼得堡,4
当前,4
提议,4
油气,4
地位,4
整个,4
货运,4
北纬,4
度,4
科考船,4
海洋生物,4
多样性,4
首舰,4
伊丽莎白,4
女王,4
时代,4
搜索,4
隐身,4
积极,4
财年,4
远征,4
挑战,4
轻型,4
补充,4
整体,4
满载,4
委托,4
前沿,4
火箭,4
保密,4
动力学,4
厘米,4
多名,4
工具,4
按照,4
XLUUV,4
竞争性,4
极大,4
更换,4
电磁,4
弹射器,4
发送,4
垂直,4
界面,4
重新,4
强调,4
潜射,4
长度,4
尺寸,4
声纳,4
电船,4
这次,4
岛礁,4
专门,4
水面舰艇,4
情报,4
火力,4
保安,4
援助,4
以此,4
长期,4
两艘,4
谷歌,4
覆盖范围,4
即使,4
渔船,4
采取,4
备忘录,4
一直,4
钻探,4
哥伦比亚,4
邮船,4
制造商,4
外长,4
三国,4
船长,4
证实,4
一步,4
民用,4
物体,4
充电站,4
以上,4
大队,4
交通部,4
竞争力,4
采矿,4
全长,4
寻找,4
运载,4
广泛,4
操作员,4
CVQ,4
油轮,4
海航,4
道,4
程度,4
网络化,4
仿生,4
微型,4
俄罗斯国防部,4
一级,4
造船公司,4
组建,4
量子通信,4
120,4
第一阶段,4
省,4
调整,4
韩国现代,4
第一个,4
在内,4
新技术,4
造舰,4
知识,4
钻井,4
印度尼西亚,4
竞争,4
先期,4
局,4
相关者,4
同,4
造价,4
部件,4
远距离,4
才能,4
大小,4
像,4
小于,4
一样,4
本国,4
发生,4
转型,4
丰富,4
铁矿石,4
微粒,4
员工,4
体系结构,4
电,4
演练,4
防护服,4
碲,4
喀山,4
地雷,4
架构,4
隧道,4
捕捉,4
美国雷声公司,4
指挥部,4
波束,3
创建,3
群岛,3
达成协议,3
自动化,3
考虑,3
承受,3
并于,3
开工,3
联合演习,3
化,3
可为,3
天气预报,3
管理局,3
ASR,3
II,3
新船,3
5000,3
比利时,3
欧洲,3
子公司,3
两座,3
抵达,3
楚科奇,3
年来,3
该级,3
构成,3
气温,3
经历,3
下降,3
海洋预报,3
东海,3
水文气象,3
验收,3
灾害,3
SeeByte,3
后续,3
一座,3
借助,3
另外,3
技术创新,3
间,3
民间,3
社会,3
优先,3
事项,3
用时,3
250,3
航段,3
返回,3
共有,3
参加,3
商用,3
IAM,3
分为,3
署,3
离岸,3
风电场,3
再次,3
希腊,3
大国,3
代表,3
中部,3
达成,3
破坏,3
生态环境,3
历时,3
前后,3
结成,3
更大,3
武器系统,3
专项,3
机器,3
科学研究,3
11000,3
米级,3
讨论,3
副,3
尤里,3
鲍里,3
2026,3
阿姆斯特丹,3
一支,3
已有,3
这艘,3
环境监测,3
视觉,3
状况,3
无论,3
亚太,3
认证,3
再,3
亿韩元,3
东,3
风,3
海区,3
要素,3
浮游生物,3
第五代,3
技术开发,3
巨大,3
放射性,3
勘探,3
知识产权,3
滑翔机,3
出席,3
做,3
潜航,3
出口,3
无线电,3
舰炮,3
重型,3
公开,3
加卢什卡,3
电动,3
米型,3
深,3
4.5,3
160,3
千瓦,3
即可,3
条件,3
碳,3
零排放,3
规范,3
年代,3
非,3
检查,3
鱼,3
容纳,3
有效载荷,3
美国政府,3
海基,3
罗斯海,3
乘坐,3
陆基,3
教育,3
依靠,3
适用,3
培训中心,3
共同开发,3
或者,3
虎鲸,3
超大型,3
危险,3
战争,3
学习,3
起,3
构建,3
南北极,3
伙伴关系,3
和平,3
东盟,3
美国通用,3
无需,3
冰,3
对抗,3
唯一,3
契尔丹,3
发射器,3
德,3
南达科他,3
静音,3
阵列,3
三大,3
组成部分,3
设计方案,3
核心,3
协助,3
海警,3
名,3
自动驾驶,3
对象,3
扫描,3
非法,3
行为,3
可靠,3
未,3
海盗,3
一次性,3
装配,3
虽然,3
限制,3
保护区,3
几十年,3
开放,3
西伯利亚,3
船体,3
潜力,3
取代,3
俄亥俄,3
史上,3
声明,3
物联网,3
分配,3
河野,3
太郎,3
会谈,3
牵制,3
实操,3
一号,3
秘密,3
机械,3
用途,3
海战,3
配合,3
配置,3
数据库,3
后勤保障,3
为此,3
沿岸,3
缩短,3
20%,3
里程碑,3
350,3
纽波特,3
VENARI,3
概念设计,3
操控,3
灵活,3
清晰,3
类型,3
飞行,3
CAC2S,3
速率,3
主权,3
列入,3
首席,3
可行性,3
结果,3
最早,3
很,3
核武器,3
尚未,3
万亿韩元,3
履行,3
因此,3
处于,3
TALONS,3
近岸,3
地形,3
两国,3
集装箱船,3
那么,3
海冰,3
第二阶段,3
耗时,3
指控,3
ANTX,3
可见光,3
LED,3
替换,3
方向,3
签订,3
融合,3
国防工业,3
西部,3
三天,3
抵御,3
升级版,3
GPS,3
难题,3
°,3
物质,3
冰面,3
一体化,3
大宇,3
印尼,3
谅解,3
月份,3
山区,3
原位,3
富集,3
呼吁,3
FSRU,3
财团,3
职责,3
化肥,3
康士伯,3
联合开发,3
最初,3
英里,3
150,3
高达,3
ORNL,3
福特,3
计算,3
总吨,3
ISSS,3
螺旋桨,3
途径,3
MOCCA,3
柴油机,3
氢气,3
块,3
固定,3
勘测,3
防止,3
最好,3
标准,3
多次,3
驶入,3
距,3
现实,3
虚拟,3
承接,3
水上,3
通航,3
PreludeFLNG,3
比赛,3
十号,3
指定,3
执行官,3
历史,3
亿英镑,3
实力,3
日方,3
释放,3
电子,3
极客,3
探险,3
亿元,3
承诺,3
落实,3
说,3
金融,3
订造,3
亿澳元,3
花费,3
综合体,3
机翼,3
容量,3
三菱,3
致力于,3
锌,3
CBO,3
随时,3
Tampere,3
导轨,3
军工企业,3
重组,3
海路,3
俄政府,3
M,3
教练机,3
濒海,3
临时,3
提取,3
POSYDON,3
供气,3
Aditya,3
S,3
古巴,3
暨,2
测线,2
条,2
拖曳,2
高清,2
照片,2
取样,2
块状,2
环流,2
防护区,2
总面积,2
受到,2
绍伊古,2
意识,2
带来,2
纳入,2
后勤,2
国防科技,2
星座,2
组网,2
恩,2
克斯,2
堡岛,2
气象预报,2
DAPA,2
海洋工程,2
恶劣,2
天气状况,2
500,2
2022,2
交付给,2
漂浮,2
机组,2
西海岸,2
家庭,2
原子能,2
Rosenergoatom,2
罗蒙诺索,2
夫,2
院士,2
电站,2
摩尔曼斯克,2
经过,2
到达,2
远东地区,2
全部,2
Arighant,2
阿库拉,2
三位一体,2
常态,2
浮冰,2
1500,2
白令海峡,2
珍贵,2
福州,2
自动识别,2
既,2
海况,2
撤离,2
技术支持,2
英国皇家海军,2
万英镑,2
舰上,2
修理,2
这份,2
朴茨茅斯,2
LTTD,2
完工,2
表层,2
因,2
沿海地区,2
动员,2
发展中国家,2
加大,2
舟山,2
区及,2
航路,2
272,2
一套,2
云,2
弗吉尼亚州,2
开业,2
供应商,2
变革,2
数字化,2
风能,2
国际海事组织,2
届,2
理事会,2
选举,2
成员国,2
意大利,2
B,2
最少,2
融化,2
万平方公里,2
动物,2
评选,2
海军上将,2
蓝巴,2
好,2
上将,2
关键问题,2
一批,2
牵头,2
4500,2
年里,2
上周,2
召开,2
2027,2
高精,2
武备,2
Westwood,2
吉瓦,2
增至,2
接近,2
基座,2
污染,2
第一批,2
届时,2
年据,2
厚度,2
通道,2
船是,2
瑞士,2
计算机,2
潜在,2
新增,2
总量,2
持有,2
大静,2
共计,2
人民币,2
园区,2
了解,2
盛行,2
期,2
赤道,2
边界,2
层,2
动态,2
参数,2
同步,2
声学,2
哈斯,2
基级,2
第四代,2
之神级,2
3000,2
振兴,2
量,2
更新,2
议案,2
国家杜马,2
审议,2
还有,2
煤炭,2
涵盖,2
依照,2
耐压,2
压力,2
就是,2
03,2
中东,2
海山,2
硬件,2
英国国防部,2
母港,2
新任,2
大臣,2
更新换代,2
军事装备,2
野心,2
简易,2
爆炸,2
电子战,2
540,2
非常规,2
样机,2
反恐,2
效能,2
研的,2
模型,2
远东,2
发展部,2
会见,2
韩方,2
斯克,2
集装箱运输,2
总长,2
吃水,2
3.3,2
超级,2
电动机,2
驱动,2
×,2
操纵,2
硫,2
颗粒,2
内河,2
绿色,2
科学院,2
船舰,2
对手,2
游泳,2
MantaDroid,2
外形,2
0.7,2
千克,2
游动,2
关岛,2
时隔,2
加入,2
西岸,2
充分利用,2
学科,2
监测网,2
01,2
虚拟现实,2
护目镜,2
场景,2
海员,2
支持系统,2
商业化,2
在线,2
战斗力,2
中船,2
示范,2
符号,2
CCS,2
到来,2
4320,2
设计阶段,2
扩充,2
回收,2
转移,2
Coffman,2
助力,2
内阁,2
官房,2
官,2
资料,2
竹岛,2
明确,2
日称,2
配套,2
举措,2
发挥作用,2
学生,2
主任,2
举办,2
大数据,2
岛,2
第五,2
秘书长,2
重申,2
重要性,2
860,2
发射系统,2
福,2
特级,2
奥巴马,2
EMLAS,2
请求,2
此事,2
供,2
军方,2
摄像机,2
特殊,2
首颗,2
数据传输,2
版,2
新兴,2
描述,2
统一,2
战斗,2
宽度,2
潜入,2
拍摄,2
第三艘,2
卡莫,2
尔塔,2
80%,2
发射装置,2
近程,2
阿里,2
哈曼,2
多项,2
沿,2
东北,2
浅滩,2
具名,2
评论,2
正常,2
将会,2
波音公司,2
杀人,2
鲸,2
选中,2
诺福克,2
海军基地,2
115,2
外国,2
奥斯塔,2
授出,2
与其,2
瑞典,2
统计,2
下海,2
提前,2
波罗的海,2
救生,2
起降,2
厚,2
除了,2
顺利,2
集,2
SRT,2
全世界,2
地球,2
长距离,2
5.5,2
海洋污染,2
蓝色,2
四,2
旋翼,2
Nibbler,2
士兵,2
机,2
技能,2
分钟,2
组件,2
船企,2
迎来,2
内政部,2
取消,2
北极圈,2
野生动物,2
生存,2
不利,2
大西洋,2
功率,2
175,2
大幅提高,2
一同,2
装载,2
船载,2
报警,2
DNVGL,2
日本共同社,2
外相,2
森,2
三方,2
互联互通,2
影响力,2
链,2
倡议,2
安保,2
所用,2
工程技术,2
母船,2
自己,2
航区,2
节能,2
奠定,2
2014,2
以来,2
意味着,2
相较,2
噪音,2
容易,2
SSCPacific,2
无法,2
效用,2
标准化,2
700,2
可靠性,2
更高,2
能量,2
总经理,2
遥控,2
广阔,2
HII,2
1.05,2
修订,2
智库,2
姿态,2
短期,2
ISR,2
行政许可,2
就业机会,2
北美,2
大陆,2
经,2
加拿大,2
北,2
短,2
金荣春,2
配额,2
物流,2
加工,2
努力,2
起重机,2
2.5,2
载重,2
鹦鹉螺,2
左右,2
并未,2
传感,2
舷外,2
水,2
充分发挥,2
流程,2
减小,2
生存能力,2
护航,2
更强,2
低于,2
贸易部长,2
丹尼斯,2
曼图,2
罗夫,2
期望,2
早前,2
索夫,2
30%,2
每,2
反映,2
北极海,2
易于,2
直观,2
优点,2
安排,2
及时,2
塔斯社,2
几个,2
日程表,2
引述,2
言论,2
另,2
特点,2
6500,2
NSWCCD,2
防弹,2
密度,2
嵌入式,2
管理系统,2
适应,2
披露,2
负载,2
彻底,2
远洋,2
切割,2
拟,2
资金周转,2
多家,2
继,2
韩进,2
受损,2
声誉,2
班轮,2
量子,2
一体,2
逾,2
美国防,2
计划局,2
西北风,2
123,2
NMRH,2
111,2
吊舱,2
工厂,2
私营企业,2
视频,2
测量,2
救助,2
越南,2
东南亚,2
等国,2
日美,2
驻,2
2500,2
涡轮,2
去年,2
信号灯,2
调节,2
强度,2
雷声,2
BlockIV,2
导引头,2
SonartechAtlas,2
澳大利亚国防军,2
至关重要,2
海上运输,2
政府部门,2
步伐,2
网络攻击,2
干扰,2
免受,2
竞标,2
主持,2
掌握,2
优质,2
科考队,2
高纬度,2
平衡,2
套,2
漂移,2
溶解氧,2
风速,2
气压,2
辐射,2
首套,2
多体,2
订购,2
209,2
投送,2
入役,2
早期,2
联合体,2
海外,2
出台,2
相应,2
培养,2
特定,2
不可,2
力度,2
起到,2
进而,2
水声,2
复杂,2
浮式,2
各方,2
严重,2
行动计划,2
养护,2
海洋资源,2
法定,2
大于,2
等于,2
生效,2
修造,2
单位,2
货船,2
YARABirkeland,2
Kongsberg,2
90%,2
转为,2
才,2
不到,2
这个,2
一代,2
当今世界,2
战机,2
吨位,2
五大,2
拆船,2
活跃,2
军队,2
水文,2
断氧,2
得,2
MARIN,2
兴建,2
三角形,2
巨型,2
水深,2
随,2
战略规划,2
马,2
分公司,2
领先,2
波浪发电,2
潜深,2
深潜,2
前期,2
股份公司,2
立方米,2
射击,2
大连海事大学,2
围绕,2
无人船舶,2
法规,2
抗,2
退出,2
海岸线,2
打鱼,2
迈克尔,2
谁,2
造成,2
无论是,2
还是,2
第一次,2
产能,2
过剩,2
英国海军,2
上半年,2
重工业,2
同比,2
试运行,2
填补,2
空白,2
应急,2
搜救,2
相当于,2
足球场,2
360,2
宽带,2
MBR,2
侧重于,2
反导,2
较强,2
远海,2
体系化,2
地球物理,2
手段,2
小,2
入列,2
界,2
认可,2
造舰局,2
名称,2
队伍,2
故障,2
KOGAS,2
截至,2
相当,2
战斗机,2
职员,2
1600,2
凯塞林,2
模拟器,2
就任,2
货轮,2
前提,2
cnBeta6,2
里程,2
合金,2
铝,2
阳极,2
阴极,2
分解成,2
阴离子,2
电力系统,2
中据,2
ATLA,2
高速,2
分支机构,2
彩虹,2
达门,2
弥补,2
不足,2
真正,2
引进,2
降解,2
日化,2
用品,2
足以,2
工业界,2
必,2
必拓,2
远洋运输,2
大约,2
议程,2
各项,2
预防,2
古,2
特雷斯,2
致辞,2
只有,2
联手,2
一半,2
文在寅,2
维多利亚州,2
万个,2
间接,2
西班牙,2
乘客,2
紧急情况,2
焦点,2
大陆架,2
交通,2
各个,2
载具,2
网络系统,2
CMOC,2
准将,2
领导,2
于海军,2
绘制,2
地貌,2
艇长,2
LRSAM,2
BEL,2
白皮书,2
概述,2
若干,2
泰国,2
潮汐发电,2
碳素,2
米特,2
授权,2
YaraBirkeland,2
仓库,2
用电,2
输出,2
射程,2
摧毁,2
川崎,2
已同,2
的黎波里,2
舰据,2
许多,2
电化学,2
研究组,2
扩散,2
周期,2
朝鲜半岛,2
援引,2
355,2
平均,2
苏联,2
HSL,2
事业,2
战术导弹,2
量产,2
只,2
穿戴,2
防护,2
公斤,2
凝胶,2
蛇形,2
Eelume,2
表面,2
运作,2
炮弹,2
寻求,2
重大,2
运送,2
废物,2
容器,2
山脉,2
1000,2
鲨,2
除,2
用以,2
联邦,2
出借,2
TC90,2
警戒,2
扩展,2
造访,2
周边国家,2
处理器,2
偏远,2
居住,2
加贺,2
cnBeta3,2
马萨诸塞州,2
波士顿,2
雷区,2
Knifefish,2
探雷,2
GeneralDynamicsMissionSystems,2
指挥船,2
开放式,2
即插即用,2
矿井,2
骑士,2
现役,2
保护者,2
集中,2
控制中心,2
区内,2
军事演习,2
高于,2
给予,2
SSMM,2
启用,2
挑战者,2
地震仪,2
人工,2
剖面,2
州,2
导电,2
化合物,2
沉积,2
吸附,2
敌人,2
侵犯,2
战备,2
EngieZeebrugge,2
号长,2
渡船,2
头盔,2
混合,2
测量船,2
照明,2
双,2
机械手,2
CIIF,2
敌军,2
移交,2
成型,2
亚拉巴马州,2
冰芯,2
水凝胶,2
柔软,2
船配,2
RF,2
环球,1
3357,1
摄像,1
万张,1
电视,1
抓斗,1
岩芯,1
钻机,1
３,1
样品,1
重约,1
单体,1
队员,1
门户网,1
经理,1
亚历山大,1
基里,1
洛夫,1
期限,1
决议,1
北岛,1
附属,1
设立,1
万公顷,1
北边,1
俄已,1
Sunflower,1
客船,1
最终目标,1
当局,1
耐热性,1
负荷,1
边远地区,1
工业局,1
十三,1
五,1
水色,1
轨,1
系列化,1
定量化,1
应用服务,1
架设,1
一台,1
监测数据,1
参考,1
数值,1
模式,1
提供数据,1
5200,1
韩国大宇,1
优良,1
深达,1
米处,1
一口,1
井,1
可用,1
救援艇,1
Floatgen,1
坐落于,1
2950,1
户,1
尝试,1
4%,1
少数几个,1
布鲁塞尔,1
WindEurope,1
紧随,1
第二,1
国据,1
定于,1
秋季,1
春天,1
棒,1
后该,1
沿着,1
比利,1
比诺,1
核电厂,1
关闭,1
城镇,1
971,1
ATV,1
支柱,1
总署,1
年度报告,1
警告,1
上升,1
一倍,1
现象,1
史无前例,1
消失,1
海平面,1
前所未见,1
融雪,1
寒流,1
波斯湾地区,1
气候,1
暖化,1
危害,1
海拔,1
福建省,1
标体,1
播报,1
范畴,1
助航,1
2269,1
MK18,1
先驱,1
1800,1
勇敢,1
队,1
港,1
岸基,1
低温,1
热,1
脱盐,1
建在,1
泰米尔纳德邦,1
金奈市,1
卢比,1
大海,1
热能,1
真空,1
低压,1
冷,1
压缩,1
淡水,1
联合国教科文组织,1
十年,1
教科文组织,1
空间规划,1
鼓励,1
科学界,1
决策者,1
资金来源,1
多样化,1
提倡,1
小岛屿,1
发达国家,1
天分,1
25000,1
西南,1
物海,1
数以千计,1
分布式,1
哺乳动物,1
传送,1
提案,1
阿灵顿,1
奥勒,1
松,1
维护程序,1
营地,1
中国科技部,1
开发商,1
联系,1
纽带,1
对接,1
新机遇,1
供应链,1
新一届,1
161,1
竞选,1
投票,1
票,1
当选,1
其余,1
得票数,1
依次,1
巴拿马,1
连任,1
理事国,1
地理,1
香港,1
东网,1
促使,1
变暖,1
令,1
可供,1
渔民,1
280,1
物种,1
航空航天,1
电子杂志,1
重大新闻,1
网络战,1
朱姆,1
沃尔特,1
流产,1
接二连三,1
撞,1
最受,1
子弹,1
弹药,1
苏尼尔,1
四方,1
谈及,1
声称,1
做好,1
非传统,1
哈尔滨工程大学,1
无缆,1
第一套,1
探访,1
最深,1
尚无,1
先例,1
中为,1
打下基础,1
索契,1
俄国防部,1
索夫称,1
核威慑,1
除此以外,1
注重,1
WorldOffshoreWindMarketFore,1
总支出,1
3960,1
装机容量,1
17.8,1
95.2,1
支出,1
650,1
64%,1
期内,1
涡轮机,1
14500,1
15900,1
个据,1
运河,1
RoboatRoboat,1
水道,1
生活,1
给出,1
公共,1
小艇,1
Roboat,1
10510,1
实体模型,1
315,1
400,1
开辟,1
改为,1
火炮,1
或于,1
一共,1
注册机构,1
注册,1
挂旗,1
ASV,1
Worker7,1
半,1
ABB,1
ABBAbilityMarinePilotVision,1
最新进展,1
可视化,1
碰撞,1
非常,1
世界市场,1
Douglas,1
OFSResearch,1
称到,1
25338,1
敷设,1
复合,1
增率,1
6.4%,1
欧洲地区,1
77%,1
刺激,1
市场需求,1
许可,1
周期长,1
追加,1
收益,1
性差,1
原因,1
放弃,1
不会,1
50.1%,1
股份,1
两家,1
5100,1
济州岛,1
海气,1
相互作用,1
水体,1
第四个,1
天本,1
深入,1
认识,1
流系,1
机制,1
活性,1
群落,1
季风,1
弗拉基米尔,1
大公,1
号艇,1
发射筒,1
布拉瓦,1
洲际,1
RSM,1
尾舵,1
孔雀石,1
亚森级,1
AN,1
SPQ,1
9BX,1
波段,1
轻量化,1
有源,1
相控阵,1
目标侦察,1
潜望镜,1
不明,1
改装,1
老,1
上且,1
单个,1
俄总统,1
悬挂,1
旗帜,1
独家,1
权以,1
俄国,1
下议院,1
延伸,1
欧亚,1
约翰霍普金斯,1
学院,1
美韩,1
冒进,1
时间表,1
核弹头,1
一段,1
壳体,1
或许,1
圆满完成,1
厦门,1
创下,1
尺度,1
深水,1
锚系,1
潜标,1
结核,1
立体,1
二世,1
亲自,1
加文,1
威廉姆斯,1
日益加剧,1
保卫,1
盟国,1
价值观,1
主力军,1
苍龙,1
兵库县,1
神户,1
为翔龙,1
阵容,1
由此,1
翔,1
龙,1
实战,1
警惕,1
3720,1
2970,1
JCREW,1
投掷,1
爆炸物,1
剩余,1
210,1
MK38MOD2,1
器件,1
火控,1
件,1
卡,1
风暴,1
却,1
几倍,1
境外,1
地缘,1
政治,1
官金荣春时,1
转交,1
核算,1
彼得罗,1
巴甫洛夫,1
回收期,1
新能源,1
自卸船,1
广州,1
吊装,1
70.5,1
13.9,1
双电,1
锂电池,1
+,1
电容,1
直翼,1
全向,1
推进器,1
12.8,1
中该,1
全程,1
消耗,1
燃油,1
废气,1
污染物,1
PM2.5,1
Ⅲ,1
等级,1
工程院,1
医学院,1
初,1
现阶段,1
审查,1
策略,1
中国海事,1
赫瑞,1
瓦特,1
爱丁堡大学,1
帝国,1
理工学院,1
牛津大学,1
利物浦,1
3600,1
检查和,1
新加坡国立大学,1
魔鬼,1
鱼鳍,1
PVC,1
片,1
每秒,1
一次,1
扁平,1
身体,1
战斗群,1
核心作用,1
罗纳德,1
里根,1
西奥多,1
罗斯福,1
尼米兹,1
2007,1
不多见,1
横须贺,1
据点,1
管辖,1
之神,1
率,1
82%,1
102,1
25%,1
核力量,1
性,1
明日,1
考察船,1
3.6,1
万海里,1
基冰基,1
空,1
基站,1
基等,1
冰架,1
前期工作,1
观,1
环境保护,1
整治,1
物资,1
工程建设,1
固定翼,1
消除,1
积木,1
社,1
还原,1
轻松,1
便携,1
身处,1
或是,1
实际,1
依据,1
年初,1
该国,1
应该,1
但是,1
租来,1
查,1
克拉,1
黄埔,1
文冲,1
Idolphin38800,1
散货船,1
起程,1
劳氏,1
LR,1
CYBER,1
SAFECYBER,1
PERFORMCYBER,1
MAINTAIN,1
I,1
SHIP,1
NMEI,1
领先水平,1
面世,1
阵营,1
日益增长,1
在于,1
司,1
司长,1
智能化,1
霸主,1
跨,1
必然趋势,1
网上,1
教材,1
埼,1
玉县,1
册子,1
岛根县,1
手册,1
独岛,1
写为,1
固有,1
要领,1
小学,1
初中,1
负责人,1
教育领域,1
加深,1
理解,1
秦为稼,1
学术年会,1
尽快,1
分中心,1
特,1
拉诺,1
湾,1
难言,1
常年,1
冰川,1
陆军,1
亚太地区,1
美方,1
冰山,1
工贸,1
投标,1
Project22220,1
核燃料,1
晚些时候,1
出口商,1
原子,1
EMALSEMALS,1
生成,1
旧,1
设计所,1
EMALS,1
维沙尔号,1
信,1
回复,1
古里安,1
AUVHydroCamelII,1
HydroCamelII,1
最前沿,1
六,1
自由度,1
几乎,1
自主性,1
样本,1
臂,1
下半年,1
长征,1
运载火箭,1
人们,1
洋面,1
风浪,1
建模,1
海浪,1
性质,1
2009,1
立项,1
中方,1
卫星平台,1
法方,1
接收站,1
意图,1
中去,1
对抗性,1
看法,1
情报机构,1
东海岸,1
迄今为止,1
空军,1
压倒性,1
来说,1
可行,1
尽管如此,1
不能,1
3300,1
109,1
节由,1
柴油发动机,1
塔瓦尔,1
什,1
瓦利,1
克级,1
布局,1
联装,1
RBU,1
Aridhaman,1
该级艇,1
最新型,1
其首艇,1
已于,1
更大且,1
发射管,1
USHUS,1
Panchendriya,1
第三批,1
很多,1
前所未有,1
开发人员,1
更难,1
轮机舱,1
涂层,1
康涅狄格州,1
格罗顿,1
顺利完成,1
万多,1
历史纪录,1
一周,1
2012,1
冰冻,1
铺平道路,1
称不愿,1
查菲号,1
USSChafee,1
西沙群岛,1
称美,1
邀请,1
各式,1
拨给,1
4230,1
分头,1
交给,1
比较,1
选定,1
某,1
那,1
以供,1
SSN787,1
BlockIII,1
7800,1
节可,1
特种,1
持久性,1
投射,1
专职,1
长官,1
由以,1
为首,1
两份,1
独立型,1
芬坎蒂尼,1
马里,1
内特,1
2023,1
谷,1
歌云,1
高峰论坛,1
首份,1
此类,1
机器学习,1
引擎,1
相遇,1
专长,1
编制,1
21180,1
一架,1
白天,1
夜晚,1
行驶,1
自给,1
力长,1
万公里,1
来回,1
两次,1
拖船,1
一身,1
群,1
初期,1
颗,1
轨道,1
边界地区,1
这方面,1
身份,1
多种不同,1
最小,1
外交,1
莫盖,1
里尼,1
马耳他,1
第四届,1
项,1
清洁,1
3750,1
非洲,1
东南部,1
逐步,1
淘汰,1
建筑,1
饮水机,1
自动售货机,1
水杯,1
第七,1
比尔,1
维维安,1
上校,1
发言,1
首批,1
接受,1
编程,1
单架,1
美元,1
为雪龙,1
号雪龙,1
一道,1
组队,1
施工,1
设计院,1
消化,1
审核,1
覆盖面积,1
平方英里,1
7.7,1
担心,1
北极熊,1
驯鹿,1
修改,1
纽约时报,1
第一步,1
BaltiyskyZavod,1
核反应堆,1
交付使用,1
当天,1
发来,1
贺电,1
巩固,1
强国,1
171,1
三叉戟,1
哥伦比亚号,1
2028,1
2031,1
舱,1
卖,1
Dualog,1
NTT,1
电信,1
电话公司,1
NTTDATA,1
不断扩大,1
陈列,1
船舶机械,1
开放平台,1
国务卿,1
蒂勒,1
斯瓦拉,1
杰在,1
纽约,1
举行会谈,1
美印,1
日益,1
日美印,1
军演,1
太平洋地区,1
珍珠,1
一带,1
一路,1
国际航运,1
海船,1
详细信息,1
安全漏洞,1
国际标准,1
实验所,1
运输部,1
武汉,1
蛟龙,1
告别,1
09,1
90.2,1
16.8,1
续航力,1
14000,1
无限,1
数据处理,1
多种类型,1
平方米,1
缆控,1
作业系统,1
降噪,1
大大提高,1
精细,1
空间站,1
坚实基础,1
世界日报,1
尚,1
清楚,1
金正恩,1
政权,1
安静,1
难以,1
察觉,1
公海,1
避开,1
属实,1
向前,1
迈进,1
双体船,1
冻海,1
油气田,1
技术设备,1
打捞,1
沉入,1
据介绍,1
长航,1
舰长,1
3500,1
冗余度,1
电气,1
班杰明,1
索普,1
舰比,1
亨廷顿,1
英,1
戈尔斯,1
合同条款,1
结束,1
著名,1
题为,1
制海权,1
长篇,1
对策,1
放在,1
编组,1
进攻性,1
中队,1
印发,1
有序,1
公民,1
法人,1
时须,1
国务院,1
主管部门,1
提出申请,1
MARAD,1
980,1
交通部长,1
赵小兰,1
海运业,1
中起,1
举足轻重,1
搭乘,1
至此,1
指,1
阿拉斯加,1
北大西洋,1
巴拿马运河,1
东北亚,1
东岸,1
韩联社,1
中文网,1
第三届,1
东方,1
论坛,1
时同,1
署长,1
伊利亚,1
舍,1
斯塔,1
科夫,1
会上,1
开拓,1
局限于,1
水产品,1
矿藏,1
227,1
坪,1
矿业,1
巴布亚新几内亚,1
制造业,1
购买,1
新舰,1
增量,1
分,1
多年,1
近似,1
计入,1
其内,1
这一造,1
称其,1
办法,1
其正,1
联网,1
BMT,1
变革性,1
下以,1
清理,1
大片,1
能为,1
借鉴,1
思路,1
路径,1
成熟,1
托马斯,1
舒,1
加特,1
借此,1
明显,1
区别,1
降落,1
繁琐,1
束缚,1
多余,1
垂发,1
必要性,1
促成,1
克里斯托夫,1
德马尔热里,1
仅用,1
哈默费,1
斯特,1
保宁,1
行程,1
取道,1
苏伊士运河,1
轻易,1
厚达,1
2.1,1
平均速度,1
仅凭,1
自带,1
天半,1
纪录,1
短时间,1
通行,1
一定,1
得益于,1
新纪录,1
天线,1
梯队,1
查看,1
更改,1
五角大楼,1
展现,1
声索,1
连续性,1
华尔街日报,1
内在,1
美政府,1
制度性,1
化新,1
不仅仅,1
军机,1
亿日元,1
费用,1
归属,1
管区,1
克莱恩,1
普渡大学,1
大容量,1
储能,1
易燃易爆,1
减震,1
高能量,1
超长,1
供电,1
研究员,1
集成度,1
极具,1
感,1
鳗鱼,1
飞鱼,1
灵感,1
颠覆,1
消息人士,1
核威胁,1
私人机构,1
国际原子能机构,1
此后,1
23560,1
天将,1
中坚力量,1
水冷,1
在建,1
相似,1
俄新社,1
别的,1
萧条,1
中小型,1
还款,1
保函,1
refundguarantee,1
担保,1
合约,1
预付款,1
陷入困境,1
前段时间,1
破产,1
上海交通大学,1
观察,1
光子,1
极化,1
量子态,1
纠缠,1
空海,1
迈出,1
结果显示,1
数百米,1
信道,1
百米,1
量级,1
是从,1
几米,1
飞行器,1
禁区,1
更进,1
大显身手,1
Aridaman,1
周内,1
顾问,1
监管,1
从此,1
斥资,1
常规武器,1
该局,1
牵拉,1
米长,1
龙卷风,1
巡逻舰,1
桅杆,1
本轮,1
感兴趣,1
硬壳,1
充气,1
RHIB,1
远距,1
子项目,1
征询,1
书,1
RFI,1
NMUHRFI,1
洛马,1
波音,1
12.5,1
NMUH,1
电子情报,1
12.7,1
机枪,1
采购计划,1
这批,1
选择,1
原始,1
华南理工大学,1
珠海,1
荷包,1
载,1
形式,1
滞留,1
北斗,1
4G,1
数传,1
水翼,1
实用性,1
中继,1
甚至,1
这笔,1
警卫队,1
海上巡逻,1
同日,1
防长,1
磋商,1
美日,1
指针,1
开启,1
行经,1
3500TEU,1
节省成本,1
日期,1
集运,1
翻了一番,1
4000,1
MPM,1
船用,1
发电机组,1
年于,1
诺格,1
宇航,1
地点,1
巴拿马城,1
引导,1
创新性,1
闪光灯,1
文字,1
转换器,1
FLTC,1
技术升级,1
收发,1
VLC,1
氙气灯,1
泡,1
光,1
朝向,1
便捷,1
对陆,1
中使,1
商讨,1
被动,1
多模,1
中期,1
科学技术,1
DSTGroup,1
DST,1
短时,1
创新型,1
转让,1
独特,1
工业部,1
克里斯托弗,1
佩恩,1
中小企业,1
国际性,1
Jaakonmeri,1
埃,1
乌拉,1
约基,1
DIMECC,1
最长,1
往北达,1
17.85,1
西侧,1
7.1,1
卓越,1
属于,1
诺斯罗普,1
格鲁曼,1
NorthropGrumman,1
随后,1
打击目标,1
学术界,1
工业部门,1
关键作用,1
eLoran,1
全球定位系统,1
备用系统,1
黑客,1
二战时期,1
典型,1
强约,1
130,1
万倍,1
堵塞,1
SEA5000,1
标书,1
总监,1
共同完成,1
澳方,1
预警系统,1
山东,1
威海市,1
荣成,1
石岛,1
接收机,1
人机交互,1
最后,1
防灾,1
减灾,1
无缝,1
平安,1
冰站,1
套海冰,1
台冰基,1
雪冰,1
冰下,1
叶绿素,1
冰基,1
湿度,1
通量,1
使用寿命,1
传回,1
青岛,1
杰瑞,1
工控,1
中石化,1
胜利油田,1
攻克,1
RBF,1
神经网络,1
控制技术,1
仿真,1
打破,1
垄断,1
劳动强度,1
差,1
修井,1
承包商,1
孙元,1
首艇,1
1400,1
10000,1
特种部队,1
1300,1
格拉,1
哈,1
卡拉,1
未有,1
2011,1
孙,1
一元,1
继法德英,1
俄后,1
第五个,1
博览会,1
局局长,1
戴维,1
哈恩,1
关于,1
危及,1
障碍,1
以求,1
杀伤力,1
互操作性,1
高回报,1
紧跟,1
东将,1
KoreaShippingPartnershipKSP,1
运力,1
联合经营,1
协同效应,1
指导方针,1
秘书处,1
沉积物,1
种群,1
常见,1
近底,1
氨氮,1
铁,1
代谢,1
系,1
定向,1
拟定,1
区该,1
议会,1
削弱,1
过度,1
开倒车,1
不好,1
示范作用,1
浅海,1
白龙,1
黄海,1
铱星,1
岸站,1
实时处理,1
海表,1
风向,1
相对湿度,1
参量,1
底层,1
盐度,1
自持,1
集群,1
EDA,1
圣路易斯,1
尤其,1
浅水,1
区域环境,1
不易,1
机载,1
储存,1
气化,1
H,1
LineShippingHyundaiLNGShipping,1
泛洋,1
SK,1
美洲,1
终端,1
诀窍,1
困境,1
生态系统,1
服务质量,1
海岸带,1
管理体系,1
培育,1
扩张,1
秩序,1
文化,1
旅游业,1
经济损失,1
涉海,1
说明,1
适用范围,1
展望,1
次要,1
相结合,1
新西兰,1
各州,1
保持一致,1
农业部,1
海洋渔业,1
日起,1
施行,1
两部,1
管理工作,1
依法,1
监督管理,1
雅苒,1
YaraInternational,1
投放,1
一条,1
上该,1
载货量,1
很少,1
仅能,1
集装箱,1
纯,1
机组人员,1
转折点,1
橡树,1
岭,1
颠覆性,1
Disruptive,1
体长,1
9.14,1
大面积,1
增材,1
BAAM,1
体是,1
可选,1
碳纤维,1
复合材料,1
组装,1
功能性,1
杰拉尔,1
列编,1
视为,1
阻拦,1
拦阻,1
索,1
出勤率,1
33%,1
改进型,1
麻雀,1
､,1
拉姆,1
贸发,1
UNCTAD,1
统计数字,1
报废,1
49.5%,1
份额,1
前三大,1
总吨位,1
91.8%,1
排名,1
38.1%,1
四大,1
孟加拉,1
巴基斯坦,1
94.9%,1
各有所长,1
日趋,1
同类,1
6%,1
原本,1
导航员,1
变得,1
因而,1
运营商,1
最佳,1
线路,1
限度,1
阻力,1
倾斜,1
管理效率,1
460,1
水中,1
尽可能,1
隐蔽,1
探潜,1
启程,1
环,1
雪,1
龙船,1
重点项目,1
酸化,1
垃圾,1
19000,1
余海里,1
白令海,1
北欧,1
拉达,1
喀琅施塔,1
蓄电池,1
氧气,1
一段时间,1
浮出,1
开动,1
延长,1
额外,1
动力装置,1
燃烧,1
耗氧且,1
柴油,1
制取,1
正由,1
cnBeta7,1
用作,1
房屋,1
农场,1
构思,1
物料,1
水泥,1
钢铁,1
组合,1
起来,1
1.5,1
平方公里,1
用下,1
锚,1
由多国,1
已获,1
现时,1
起步,1
实行,1
单,1
磁学,1
呈,1
测绘,1
阐述,1
导向,1
生命,1
财产损失,1
领导者,1
迄今,1
局与洛,1
洛,1
紧密,1
电子科技,1
集团公司,1
液压,1
转换,1
千伏,1
逆变器,1
0.5,1
米浪,1
波况,1
频繁,1
蓄能,1
工程化,1
年报,1
极限,1
12000,1
矿产资源,1
叶片,1
水力,1
脉冲,1
泵,1
秒,1
压出,1
消声器,1
中国船舶工业集团公司,1
水运,1
共建,1
揭牌,1
共性,1
聚合物,1
全军,1
弹性,1
10%,1
减重,1
7.62,1
枪弹,1
形状,1
英国政府,1
进程,1
两年,1
爱尔兰,1
遵守,1
不得,1
超量,1
戈夫,1
重掌,1
控制权,1
半个,1
SINTEF,1
开放性,1
打,1
所谓,1
双胞胎,1
拷贝,1
接口,1
生命周期,1
隆重召开,1
国内外,1
发起,1
知名,1
无人化,1
序幕,1
拉开,1
低端,1
环境污染,1
人为,1
操作失误,1
人才,1
缺失,1
钢材,1
格拉斯哥,1
法伦,1
尖端,1
充分体现,1
世界各地,1
3400,1
苏格兰,1
船舶工业,1
注入,1
活力,1
动态分析,1
克拉克,1
CLARKSON3,1
256,1
修正,1
CGT,1
发货量,1
34%,1
登上,1
宝座,1
承揽,1
金额,1
居三大,1
之,1
首,1
同期,1
电台,1
主导,1
传真,1
黄岩岛,1
宗谷,1
海峡,1
南北,1
曹妃甸,1
南,1
台湾海峡,1
批次,1
实船,1
效果,1
图片,1
待,1
先决,1
服务水平,1
履约,1
大力,1
话语权,1
主动权,1
FLNGPreludeFLNG,1
离开,1
巨济,1
Prelude,1
油田,1
壳牌,1
FLNG,1
125,1
飓风,1
重,1
256000,1
600000,1
LNG130,1
冷凝水,1
400000,1
石油气,1
KongsbergSeatex,1
Radionor,1
延伸性,1
互联网,1
链接,1
单元,1
公共服务,1
交换,1
损害,1
基金,1
第十届,1
工程质量,1
工艺性能,1
精确,1
到岸,1
万吨级,1
先后,1
总体设计,1
总装,1
技术装备,1
对海,1
标志性,1
战斗舰艇,1
呈现,1
出坞,1
跻身,1
前列,1
船其,1
水合物,1
舾装,1
八号,1
九号,1
所属,1
录入,1
受理,1
颁发,1
证书,1
最具,1
权威,1
资质,1
更名,1
可信度,1
首度,1
库卢称,1
强健,1
品牌,1
传承,1
融为一体,1
吸引,1
人力资源,1
任命,1
一些,1
AI,1
环境友好,1
KLC,1
12700,1
2037,1
日大,1
SabinePassLNG,1
运往,1
原油,1
汽车,1
BBC6,1
起航出海,1
姊妹,1
威尔士,1
亲王,1
6.5,1
后能,1
人英,1
最强,1
首航,1
多重,1
西,1
米尔顿,1
培训基地,1
1.8,1
发动机舱,1
模拟系统,1
这里,1
电脑,1
控制室,1
S8G,1
检修,1
贮存,1
官金荣春,1
国会,1
农林,1
畜产,1
食品,1
人事,1
听证会,1
困局,1
综合性,1
务实,1
力争,1
销售额,1
增派,1
失联,1
韩籍,1
StellaDaisy,1
反对,1
海砂,1
采掘,1
采砂,1
评价,1
后拟,1
立即,1
韩日,1
协定,1
高级别,1
谈判,1
尽早,1
重启,1
校友,1
创办,1
创业,1
OpenWaterPower,1
吸入,1
激活,1
镍合金,1
碱性,1
电解质,1
当,1
被吸入,1
氢氧根,1
反应,1
氢氧化铝,1
然后,1
供给,1
电路,1
耐用,1
侦测,1
声,1
后勤局,1
三体,1
HMSVOATLA,1
HMSVO,1
卡迪洛,1
克,1
已知,1
有所不同,1
科技含量,1
船除,1
交通工具,1
意在,1
走,1
出去,1
2024,1
遴选,1
东芝公司,1
退役,1
今年夏天,1
福岛,1
款,1
长约,1
直径约,1
相机,1
灯,1
线缆,1
东芝,1
更为,1
轻巧,1
抗辐射,1
强据,1
巴斯,1
植物,1
木质素,1
出易,1
添加,1
坚固,1
流入,1
无害,1
糖类,1
自然环境,1
很快,1
矿业集团,1
BHPBillitonLtd,1
矿产,1
亿吨,1
铜,1
煤,1
一旦,1
加上,1
货车,1
火车,1
运输成本,1
联合国总部,1
闭幕,1
按时,1
紧急行动,1
扭转,1
恶化,1
层面,1
共同努力,1
家园,1
丰饶,1
本周,1
宣言,1
日经,1
海运公司,1
障碍物,1
最短,1
参与方,1
占据,1
市场份额,1
至约,1
大力支持,1
纪念活动,1
金融公司,1
旧船,1
公船,1
东南,1
澳洲,1
发电场,1
澳大利亚联邦政府,1
可行性研究,1
埃文斯,1
排放量,1
1050,1
电力网,1
测试阶段,1
1.2,1
职位,1
新闻,1
新工艺,1
集合,1
开发技术,1
Lygesus2Market,1
引入,1
参与者,1
塞浦路斯,1
落水,1
疏散,1
救生衣,1
机舱,1
钥匙卡,1
可追踪,1
手镯,1
支持软件,1
烟雾,1
探测器,1
火灾,1
漏水,1
遭遇,1
时如,1
沉船,1
找到,1
公务,1
警备,1
特辑,1
敲定,1
体制,1
方针,1
海难,1
派遣,1
司令,1
中将,1
尼古拉,1
叶夫梅,1
诺夫,1
执勤,1
俄联邦,1
专属经济区,1
运输系统,1
国土,1
国立,1
港湾,1
东京,1
海洋大学,1
昭岛,1
成员,1
带动,1
液态,1
推广,1
变成,1
加里,1
吉森,1
本质,1
想,1
联成,1
彼此,1
分享,1
运算,1
有朝一日,1
釜山,1
联合作战,1
紧急,1
商议,1
出动,1
战略武器,1
级别,1
参谋长,1
美国第七舰队,1
校级,1
军官,1
平时,1
设,1
以后,1
搬,1
别处,1
办公,1
自然资源,1
13280,1
134.7,1
引人注目,1
一对,1
可像,1
折叠,1
刀,1
收回,1
壳,1
发出,1
广播,1
可全,1
航空工业,1
6.3,1
DRDO,1
国有,1
CNO,1
约翰,1
TheFutureNavy,1
现在,1
思考,1
这样,1
远远不够,1
融入,1
壮大,1
本地,1
激励,1
劳动力,1
备战,1
CARAT,1
协同工作,1
科罗拉多,1
LCS4,1
格,1
梅格尔,1
多边,1
密切合作,1
印度尼西亚政府,1
弗洛雷斯,1
岛建,1
万人,1
多万,1
荷兰政府,1
水电,1
合资,1
UNOceanConference,1
纽约联合国总部,1
蓝碳,1
BlueCarbonDataandKnowledgeNetwork,1
湿地,1
数据共享,1
头条,1
安全工程,1
论证,1
两栖作战,1
指导意义,1
武装力量,1
971M,1
猎豹,1
鲨鱼,1
神剑,1
日至,1
涟,1
宙斯,1
盾,1
日美共,1
中国台湾,1
确认,1
国际观,1
舰式,1
挪威海,1
事,1
生产商,1
Yara,1
全自动,1
支线,1
GeirHaoy,1
陆运,1
环境影响,1
树立,1
标杆,1
斯蒂夫,1
马克尔,1
高功率,1
调峰,1
有力,1
分配机制,1
子系统,1
存储设备,1
输入,1
存储技术,1
大胆,1
坎布里亚郡,1
2250,1
舰只,1
旗鱼,1
隐形,1
监听,1
4800,1
之外,1
大船,1
企今治,1
十余家,1
船企将,1
开发新,1
凭借,1
技术实力,1
摆脱,1
韩船,1
企的,1
价格竞争,1
夏季,1
符合,1
环保,1
废除,1
国有企业,1
单独,1
拉尔森,1
&,1
托,1
布罗,1
纳凡蒂亚,1
信实,1
DCNS,1
NSR,1
经由,1
297,1
次数,1
1705,1
726.6,1
35%,1
升温,1
第二代,1
干,1
舰是,1
拟建,1
UMCS,1
加油,1
兼容性,1
数据通信,1
光电,1
摄像头,1
海军航空,1
聚焦,1
软硬件,1
测试表明,1
互操作,1
易燃,1
替代品,1
3D,1
海绵,1
代替,1
粉状,1
负极,1
水基,1
布鲁金斯,1
学会,1
演讲时,1
反复,1
创新能力,1
因为,1
计算能力,1
迫使,1
消减,1
乃至,1
此基础,1
制度,1
快捷,1
卡尔,1
文森号,1
东部,1
媒体,1
安全形势,1
韩美,1
同盟,1
核心内容,1
拦截导弹,1
美国国会,1
估计,1
新造,1
266,1
可比价格,1
计比,1
高出,1
60%,1
等到,1
2035,1
新开通,1
往返,1
客货,1
混,1
装船,1
万景峰,1
俄方,1
友好关系,1
近年来,1
重视,1
罗先,1
市罗,1
津港,1
使用权,1
朝,1
局长,1
国营,1
提名,1
补给舰,1
4.48,1
厅,1
历经,1
艰苦,1
攻关,1
出舰,1
争取,1
韩军,1
舰地,1
战斗能力,1
军事基地,1
解体,1
军事行动,1
建于,1
法兰士,1
约瑟夫,1
亚历山德拉,1
高地,1
北端,1
储量,1
宣誓,1
估价,1
总理,1
德米特里,1
梅德韦,1
杰夫,1
民船,1
新罗西斯克,1
研究局,1
服装,1
纺织,1
托莱多,1
老式,1
减轻,1
氧量,1
冰袋,1
降温,1
灵活性,1
易,1
穿,1
性据,1
局已,1
第四艘,1
奥弗涅,1
舰身,1
142,1
载员,1
145,1
康,1
斯伯格,1
EelumeEelume,1
抓取,1
清洁刷,1
可拆卸,1
可去,1
触及,1
狭窄,1
扭动,1
身躯,1
强力,1
水流,1
停留,1
自行,1
所以,1
第一代,1
炮能,1
马赫,1
弹丸,1
星球大战,1
依赖,1
推进剂,1
纯靠,1
炮,1
脉冲功率,1
炮送,1
电脉冲,1
磁场,1
作用力,1
以约,1
7242,1
飞出,1
可穿透,1
以外,1
混凝土,1
月底,1
今治,1
明村,1
盈利,1
月初,1
改革,1
缩小,1
造船工业,1
深受,1
和乏,1
冰区,1
获批,1
最多,1
乏,1
BBC4,1
加纳,1
利群岛,1
储藏,1
稀有金属,1
矿约,1
之下,1
外壳,1
岩石,1
包裹,1
2670,1
供应量,1
稀土金属,1
太阳能电池,1
分拆,1
继续加强,1
重心,1
逐渐,1
转向,1
友好,1
海工,1
矿物,1
后代,1
美国能源部,1
俄勒冈州,1
彭德尔,1
顿,1
翼展,1
6.7,1
总重,1
284,1
飞行高度,1
4572,1
云层,1
机场,1
公路,1
重建,1
修建,1
铁路,1
马克西姆,1
索科洛夫,1
核能,1
大多数,1
矿物质,1
兼具,1
型号,1
北德文,1
亚森,1
而亚森,1
533,1
Onyx,1
Kalibr,1
超音速,1
长达,1
省于,1
日向,1
倍菲,1
架飞机,1
飞行员,1
菲,1
CSIS,1
AMTI,1
军事设施,1
多张,1
南沙群岛,1
永暑礁,1
渚,1
碧礁,1
美济礁,1
近来,1
异常,1
租借,1
TC,1
尹卓,1
欲,1
彰显,1
替,1
出头,1
扰乱,1
抓手,1
处理速度,1
软件系统,1
简化,1
人机界面,1
流畅,1
引起,1
错误,1
148,1
补贴,1
岛民,1
人数,1
主张,1
法律,1
边境,1
人口,1
被划,1
扶助,1
领海范围,1
至今,1
上任,1
多月,1
底特律,1
舰舰,1
密尔沃基,1
日以,1
广岛,1
县,1
吴市,1
护卫队,1
群均,1
防御能力,1
248,1
多任务,1
架该,1
舰除,1
水陆,1
两栖部队,1
导弹艇,1
主力,1
继承,1
时速,1
体型,1
大浪,1
驶出,1
门,1
水炮,1
多枚,1
长钉,1
模拟,1
替代者,1
逼真,1
再现,1
管控,1
蔚山,1
情形,1
安全意识,1
于厂,1
闭路电视,1
165,1
监视器,1
系统对,1
预判,1
做出,1
安全事故,1
知情,1
的话,1
派,1
中途,1
停靠,1
斯里兰卡,1
马拉巴尔,1
鲉,1
鱼级,1
虎鲨,1
显著,1
看作,1
NRL,1
热塑性,1
弹性体,1
专利,1
软化,1
点,1
摄氏度,1
加热,1
晶体,1
断裂,1
一般,1
防弹玻璃,1
极佳,1
更轻据,1
模块化,1
来源,1
公告,1
无人潜艇,1
全双工,1
比特率,1
英尺,1
16.5,1
15.5,1
13.25,1
磅,1
装,1
万向节,1
斯塔特,1
StadTunnel,1
第一条,1
Moldefjorden,1
Kjodepollen,1
1.7,1
重达,1
16000,1
往来,1
2029,1
3.19,1
ICT,1
SmartNavigation,1
云计算,1
预报,1
信息安全,1
信息化,1
免遭,1
近程导弹,1
包,1
执法,1
国产,1
吨重,1
7.8,1
搜集,1
米外,1
喷射,1
水柱,1
冲绳县,1
宫古岛,1
部据,1
众议院,1
参议院,1
212,1
DDG,1
中科院,1
沈阳,1
海翼,1
6329,1
刷新,1
世界纪录,1
对海翼,1
173,1
推进设备,1
喀拉,1
海到,1
打通,1
参观,1
纽斯,1
发表演说,1
军备,1
大增,1
设想,1
308,1
中国科学院,1
最深处,1
两条,1
极为,1
一手,1
数据资料,1
第二个,1
地带,1
国家计划,1
2097,1
卢布,1
247,1
理念,1
划分,1
内需,1
萎缩,1
这三大,1
雇佣,1
名单,1
这三家,1
54000,1
Mk48,1
更具,1
致命性,1
改良,1
声音,1
接收器,1
制导,1
记忆,1
处理量,1
大大降低,1
合,1
7700,1
西澳大利亚,1
生产线,1
珀斯,1
亨德森,1
工业区,1
防波堤,1
宣称,1
一笔,1
总值,1
总体,1
年间,1
西澳,1
助理,1
艾莉森,1
斯蒂勒,1
研发部门,1
起草,1
筹划,1
游戏规则,1
小企业,1
地为,1
美国斯坦福大学,1
半波整流,1
交流电,1
有着,1
很强,1
选择性,1
吸附性,1
偕,1
胺,1
肟,1
基底,1
电场,1
离子,1
迁移,1
电极,1
诱导,1
电中性,1
受限于,1
表面积,1
大大,1
物理化学,1
定位导航,1
运用,1
声波,1
信标,1
坐标,1
回,1
少量,1
传播,1
声源,1
不再,1
上浮,1
高精度,1
暴露,1
概率,1
重振,1
拒止,1
惩罚,1
既成事实,1
无限期,1
适度,1
替代性,1
影岛,1
商事,1
公共事业,1
ENGIE,1
合资企业,1
107.6,1
18.4,1
7403,1
双燃料,1
泽,1
布吕赫,1
港及,1
西南部,1
喀拉拉邦,1
调试,1
最优化,1
3.7,1
7.5,1
节船,1
顶部,1
千瓦时,1
大部分,1
技术咨询,1
Alten,1
混乱,1
GunnAR,1
增强现实,1
传达,1
联络官,1
提示,1
解释,1
炮手,1
命令,1
上述,1
开发阶段,1
光伏,1
萨尔,1
韦克沙克,1
机库,1
产,1
电量,1
5.4,1
空调,1
含,1
防腐,1
成分,1
面板,1
平接,1
于海洋,1
抵抗,1
大风,1
很轻据,1
奥地利,1
西贝尔,1
两套,1
100Camcopter,1
红外,1
成像,1
合成孔径雷达,1
搜寻,1
夺取,1
cnBeta2,1
RE2Robotics,1
破除,1
桥梁,1
拆弹,1
零件,1
外部,1
覆盖物,1
炸弹,1
发明,1
全身,1
酷似,1
水母,1
水泵,1
注水,1
触角,1
诞生,1
活,1
器官,1
外科手术,1
新闻局,1
保养,1
应有,1
航空兵,1
岸防,1
经常性,1
空战,1
1180,1
交互性,1
数据链,1
窃听,1
ESRP,1
作战部,1
撤销,1
一年,1
开发部,1
多相,1
大排量,1
指令,1
发言人,1
杰姬,1
波,1
中尉,1
变动,1
货物运输,1
宣传,1
展览,1
规范化,1
交流,1
托运人,1
内陆,1
钻取,1
万年前,1
气候变迁,1
内陆地区,1
项目经理,1
洛克,1
补给,1
算法,1
协同作战,1
越来越,1
跨域,1
爪状,1
强制,1
船市,1
低迷,1
普遍,1
通商,1
2400,1
14.1,1
多元,1
多元化,1
600,1
家据,1
加州,1
圣地亚哥,1
斯克里普斯,1
启发,1
周围,1
探险家,1
AUE,1
台灯,1
米左右,1
前进,1
所处,1
简报,1
Next,1
GenerationUnmannedUnderseaSystems,1
版该,1
庞大,1
TUNA,1
主干,1
射频,1
数据网络,1
此,1
纤细,1
超小,1
直径,1
必要,1
备选,1
系统验证,1
