无人机,416
系统,349
导弹,243
飞行,229
美国,221
飞机,209
战斗机,198
航空,171
俄罗斯,149
空军,144
航空工业,142
发动机,137
信息网,134
试验,107
印度,102
作战,100
武器,89
空中,87
直升机,84
日本,84
发射,80
雷达,73
韩国,67
弹道导弹,61
美国空军,61
激光,58
安全,57
验证,57
防御,56
简报,55
小时,55
防空,52
自主,51
海军,51
朝鲜,50
无人,50
试射,45
美军,45
国防,45
远程,44
超声速,44
拦截,44
平台,43
地面,43
轰炸机,42
英国,41
俄,40
威胁,39
巡航导弹,37
监视,37
概念,37
通信,37
射程,36
首飞,35
机载,35
海上,35
网络,34
试飞,34
起飞,34
重量,34
评估,33
战术,33
运输机,33
推进,32
航程,32
战机,32
阶段,32
飞行器,32
可达,31
中心,31
美海军,31
指挥,30
军事,30
探测,30
数据,29
续航,29
传感器,29
侦察,29
预算,28
训练,28
反导,27
以色列,27
司令部,27
最,26
携带,26
机翼,26
波音,26
机,26
部队,26
有效载荷,25
公里,25
DARPA,25
NASA,24
旋翼,24
实施,24
制导,24
国防部,24
基地,24
马丁,24
卫星,24
洛马,23
首架,23
炸弹,23
需求,23
区域,23
中队,23
防务,23
有人,23
飞行员,23
方案,23
中国,23
洛克希德,23
波音公司,22
新一代,22
距离,22
混合,22
信息,22
工业,22
导弹系统,22
米格,22
最新,22
情报,22
空军基地,22
客机,21
空客,21
着陆,21
高空,21
通用,21
演习,21
现有,21
办公室,21
均,21
启动,20
防卫,20
动力,20
财年,20
苏,20
核武器,20
认证,20
100,20
识别,20
材料,20
精确,20
设备,19
枚,19
共同,19
综合,19
MQ,19
加油机,19
200,19
萨德,19
分钟,19
欧洲,19
武器系统,19
高度,19
海军陆战队,19
洲际,18
演示,18
软件,18
确定,18
雷神,18
优势,18
微型,18
飞行高度,18
500,18
电子战,18
当前,18
跟踪,18
系列,18
维护,18
特朗普,18
不仅,18
该项,18
燃料电池,18
则,18
2025,17
状态,17
总统,17
投放,17
多种,17
拉莫斯,17
两个,17
法国,17
按照,17
GPS,17
服务,17
曾,17
军方,17
300,17
初始,17
摧毁,16
重点,16
操作,16
垂直,16
着,16
空空导弹,16
军用,16
处于,16
型号,16
提出,16
配备,16
满足,16
最终,16
第,16
反,16
改进,16
敌方,16
该弹,16
高级,16
火箭,15
造成,15
机场,15
起降,15
移动,15
最高,15
第五代,15
BAE,15
配装,15
智能,15
举行,15
取代,15
B61,15
预警机,15
服役,15
属于,15
台风,15
太平洋,15
标准,15
3D打印,15
伊朗,15
空域,14
长航,14
模式,14
外,14
反舰导弹,14
名,14
布,14
陆基,14
潜在,14
透露,14
安装,14
器,14
拟于,14
整个,14
显示,14
•,14
核,14
FAA,14
马赫,13
一部分,13
图,13
式,13
模拟,13
航空航天,13
多个,13
红外,13
航母,13
航宇,13
复合材料,13
隐身,13
航空公司,13
展示,13
空中加油,13
关系,13
多用途,13
美国防部,13
接收,13
信号,13
北约,13
分别,13
一枚,13
MDA,13
地区,13
运输,13
光纤,13
实时,13
两种,13
保护,12
低成本,12
飞行速度,12
1000,12
为期,12
驾驶,12
30MKI,12
一架,12
第二阶段,12
全,12
陆军,12
电,12
高速,12
拟,12
鹰,12
组件,12
继续,12
空战,12
预警,12
目的,12
位置,12
行动,12
水下,12
战场,12
巡航,12
工厂,12
～,12
韩,12
解决方案,12
轻型,12
土耳其,12
德国,12
CH,12
出口,12
客户,12
导航,11
太阳能,11
加油,11
有关,11
250,11
超,11
争锋,11
驱动,11
自动,11
及其,11
对抗,11
现役,11
之一,11
年底,11
原子,11
拥有,11
类型,11
传输,11
因此,11
商业,11
操作员,11
体系,11
韩美,11
协助,11
重新,11
不断,11
干扰,11
中程,11
燃油,11
侦察机,11
数据链,11
美陆军,11
适应,11
机型,11
130,11
管理局,11
现已,11
35B,11
靶场,10
战斗,10
原型机,10
160,10
安全性,10
民用航空,10
AFRL,10
诺格,10
蜂群,10
原型,10
长,10
签订,10
监测,10
小,10
任何,10
省,10
搭载,10
共,10
总,10
准备,10
活动,10
局,10
装配,10
间,10
弹药,10
需,10
原因,10
申请,10
试验场,10
最新型,10
无线电,10
电子,10
轨道,10
2D,10
2014,10
大幅,10
阵风,10
澳大利亚,10
杀伤,10
航天,10
五角大楼,10
补给,10
叙利亚,10
战备,10
未,10
载人,10
士兵,10
KC,10
美国陆军,10
远距离,10
多项,10
400,9
年初,9
精度,9
标志,9
竞标,9
自卫队,9
汽车,9
数量,9
寻求,9
没有,9
电力,9
商用,9
现代化,9
由于,9
逐步,9
全面,9
如何,9
至少,9
各,9
部分,9
车辆,9
重大,9
样机,9
AN,9
侦查,9
空间,9
机队,9
武器装备,9
应,9
随着,9
军区,9
控制系统,9
时速,9
仅为,9
韩联社,9
涡轮,9
燃料,9
上空,9
感知,9
公开,9
氢,9
高达,9
53K,9
教练机,9
计算机,9
年内,9
首个,9
DRDO,9
自动化,9
合资,9
存在,9
零部件,9
改进型,8
弹头,8
GE,8
失败,8
投入使用,8
尺寸,8
此,8
延长,8
以便,8
实验,8
设计局,8
设施,8
条件,8
方向,8
订单,8
战斗部,8
AGM,8
JASSM,8
ER,8
装载,8
预定,8
陆地,8
碳纤维,8
中央,8
特点,8
全部,8
发生,8
1B,8
海域,8
投送,8
定位,8
年代,8
本土,8
授权,8
组建,8
俄罗斯国防部,8
弹,8
来袭,8
2021,8
高能,8
150,8
接受,8
分为,8
国产,8
北极,8
救援,8
机体,8
规划,8
低空,8
力量,8
高精度,8
~,8
考虑,8
无人驾驶,8
西部,8
连续飞行,8
风险,8
恢复,8
潜射,8
编队,8
抵达,8
对于,8
重型,8
 ,8
舰载,8
操控,8
试验机,8
东部,8
电池,8
程度,8
覆盖,8
取得,8
130J,8
火箭弹,8
降落,8
空地导弹,8
特种,8
已于,8
政策,8
性,8
MC,8
737MAX,8
两国,8
事故,8
韩美军,8
征询,8
购买,8
俄印,8
超音速,7
2023,7
俄军,7
一系列,7
事宜,7
气流,7
UAS,7
固定翼,7
螺旋桨,7
II,7
引导,7
路,7
框架,7
乘客,7
制造商,7
自由,7
民用,7
襟翼,7
称该,7
舰船,7
地形,7
GBU,7
35A,7
附近,7
MIT,7
地图,7
两家,7
测量,7
拨款,7
条约,7
2024,7
助推,7
滑翔,7
功能,7
负责人,7
即将,7
太空,7
无法,7
必须,7
全天候,7
诺斯罗普,7
动能,7
伊尔,7
半径,7
功率,7
第一阶段,7
激光器,7
千瓦,7
常规,7
翼展,7
之前,7
司令,7
次,7
定向,7
一步,7
年度,7
自动驾驶,7
更好,7
保密,7
军演,7
巡逻机,7
机动,7
态势,7
只,7
极端,7
会议,7
加速,7
期间,7
视频,7
RQ,7
非,7
英国国防部,7
复杂,7
分布式,7
美国联邦,7
一套,7
完全,7
长期,7
物流,7
2000,7
搜索,7
上半年,7
中期,7
变形,7
若,7
超级,7
进度,7
787,7
工业界,7
喷气,7
中将,7
大规模,7
EASA,7
GE9X,7
仅,7
行业,7
驻,7
因,7
核弹,7
SAM,7
家,7
印度斯坦,7
即,7
韩国国防部,7
坠毁,7
&,7
计划局,7
白杨,6
2030,6
低速,6
以上,6
亚声速,6
质量,6
星际,6
共同开发,6
天气,6
首批,6
空地,6
防区,6
LRASM,6
联合开发,6
印尼,6
近,6
大约,6
释放,6
相对,6
第六代,6
配有,6
采办,6
运载,6
近年来,6
量,6
返回,6
地点,6
组装,6
基,6
一直,6
合作伙伴,6
成熟,6
硬件,6
攻击机,6
评审,6
符合,6
捕获,6
上将,6
光电,6
发射器,6
加装,6
鹰眼,6
核弹头,6
种,6
截击机,6
宙斯,6
盾,6
航空站,6
美国通用,6
美元,6
半岛,6
降噪,6
初步,6
打造,6
理事会,6
高功率,6
保障,6
维持,6
两架,6
俄国防部,6
副,6
部长,6
发挥,6
替换,6
盟友,6
选择,6
联邦,6
响应,6
本次,6
伊斯兰,6
模块化,6
仍,6
载荷,6
城市,6
检查,6
AFRE,6
光学,6
击落,6
连接,6
周刊,6
朝方,6
一定,6
关注,6
ATK,6
世纪,6
挑战,6
适用,6
秒,6
实战,6
夏威夷,6
发射架,6
独立,6
武装部队,6
模块,6
其它,6
麻省理工学院,6
无,6
左右,6
年前,6
动力系统,6
确认,6
回收,6
地空导弹,6
鱼雷,6
地对空,6
欧盟,6
有源,6
相控阵,6
日益,6
推力,6
四,6
沙特,6
有限公司,6
各种,6
批准,6
拦截导弹,6
ISR,6
维修,6
C919,6
MOKV,6
IAI,6
光辉,6
逾,6
恶劣,6
基站,6
一带,6
调整,6
以期,6
赛博,6
更加,6
UTC,6
越南,6
马蒂斯,6
制裁,6
碳化硅,6
书,6
多功能,5
关键技术,5
同,5
特定,5
战区,5
智汇,5
限制,5
引进,5
费用,5
驾驶舱,5
改善,5
核武库,5
布局,5
介入,5
无需,5
台,5
突击,5
6000,5
增强型,5
派遣,5
运营商,5
整合,5
模型,5
罗罗,5
内华达州,5
非核,5
配置,5
多域,5
协调,5
攻击能力,5
法,5
160M2,5
空气,5
LPLD,5
要,5
版本,5
佛罗里达州,5
订购,5
空射,5
代表,5
120,5
称为,5
水面,5
总金额,5
舰队,5
印度国防部,5
暴露,5
激光雷达,5
生成,5
首席,5
欧洲各国,5
后勤,5
国防部长,5
核力量,5
巨大,5
第二个,5
不会,5
具体,5
上升,5
每年,5
而成,5
共计,5
121,5
热,5
披露,5
讨论,5
战斧,5
缩短,5
固体燃料,5
一名,5
成员,5
意向,5
变化,5
一是,5
优先,5
二是,5
动态,5
路线,5
供应商,5
国,5
总额,5
做出,5
回应,5
培训,5
时期,5
自身,5
共享,5
实际,5
第一架,5
表明,5
保证,5
噪声,5
喷气式,5
投标,5
GNSS,5
宇航,5
效能,5
价格,5
莱昂纳多,5
安防,5
机组人员,5
免受,5
集群,5
3000,5
突防,5
多层,5
一次,5
环保,5
单位,5
每,5
甚至,5
单元,5
灰鹰,5
图像,5
箭,5
大卫,5
第二次,5
英国皇家空军,5
视距,5
五代,5
飞行技术,5
火力,5
现阶段,5
西科斯基,5
航展,5
用户,5
岩国,5
安,5
工程,5
公斤,5
通讯,5
反坦克,5
金属,5
加拿大,5
研造,5
安全局,5
生产型,5
ALIAS,5
死神,5
航电,5
450,5
管理系统,5
联队,5
命中,5
多次,5
某些,5
货运,5
即可,5
美政府,5
蜂窝,5
必要,5
货机,5
737MAX9,5
意义,5
出现,5
届时,5
网易,5
头盔,5
载有,5
生物,5
美国国家航空航天局,5
澎湃,5
巴基斯坦,5
预算案,5
民用飞机,5
成员国,5
菲律宾,5
同比,5
对外,5
外国,5
迪拜,5
亿航,5
关于,5
备件,5
A350,5
核航弹,5
单,4
备忘录,4
AS2,4
载客量,4
巡航速度,4
寿命,4
巴西,4
苏霍伊,4
翼梢,4
油耗,4
海鹰,4
战术导弹,4
1500,4
高温,4
荷兰,4
航行,4
再,4
雷声,4
毫米,4
35C,4
增程型,4
公务机,4
印度尼西亚,4
实弹,4
击中,4
电机,4
销售,4
升,4
架苏,4
万英镑,4
开放式,4
风扇,4
奠定,4
外形,4
基本,4
双,4
变革,4
水域,4
18E,4
军舰,4
医疗,4
预测,4
趋势,4
好,4
数字,4
演练,4
护卫舰,4
接收机,4
里程碑,4
代替,4
厘米,4
开发商,4
强大,4
卡,4
800,4
进程,4
英尺,4
法案,4
5000,4
违反,4
禁止,4
领导,4
波兰,4
取得成功,4
大幅提高,4
9000,4
强,4
对手,4
两次,4
鉴定,4
规定,4
重,4
核心,4
格鲁曼,4
获取,4
天线,4
起,4
空天,4
短,4
大小,4
低于,4
飞机制造,4
相应,4
长达,4
陆上,4
所属,4
日本政府,4
下降,4
或是,4
潜艇,4
师,4
无畏,4
起落架,4
防护,4
分会场,4
凭借,4
3D,4
统一,4
总理,4
交通运输,4
科研,4
鲍里,4
现在,4
强调,4
有效性,4
主席,4
特征,4
600,4
很,4
MH,4
特种部队,4
多架,4
天,4
重复使用,4
审议,4
波罗的海,4
承诺,4
核试验,4
在于,4
莫斯科,4
航空局,4
以此,4
防止,4
普京,4
进展,4
培养,4
FGFA,4
面临,4
昂贵,4
命令,4
苏联,4
还有,4
军队,4
编号,4
消耗,4
架构,4
第一季度,4
转换,4
旋翼机,4
军用飞机,4
民兵,4
率,4
算法,4
中文网,4
韩军,4
6500,4
带来,4
泰雷兹,4
点,4
分,4
落入,4
海岸,4
展会,4
相机,4
无线,4
射频,4
SPY,4
投产,4
适航,4
支撑,4
更快,4
然后,4
完善,4
MBDA,4
部门,4
挑衅,4
集团公司,4
竞争力,4
星州,4
临时,4
军事基地,4
爱国者,4
道,4
地对地,4
弹射,4
格里芬,4
AC,4
武装,4
中空,4
批量生产,4
最后,4
易,4
加州,4
飞往,4
更大,4
制导武器,4
套,4
准确,4
可行性,4
狂风,4
穿透,4
APR,4
路径,4
民机,4
更换,4
吊舱,4
隐形,4
拉,4
程序,4
表现,4
部件,4
扩展,4
首款,4
阻力,4
巴黎,4
janes,4
运送,4
通道,4
综合体,4
1%,4
老化,4
sputniknews,4
大力神,4
意大利,4
德事隆,4
大黄蜂,4
为此,4
捕食者,4
原理,4
采取,4
以来,4
美方,4
月底,4
伴飞,4
新技术,4
拉斐尔,4
避免,4
动力装置,4
脉冲,4
爆震,4
记录,4
机上,4
始于,4
极光,4
defensenews,4
引擎,4
114,4
约翰,4
卫星通信,4
能量,4
紧急,4
另,4
高通,4
海基,4
陆续,4
决定,4
朝鲜半岛,4
贝尔,4
中型,4
仪表,4
受,4
单通道,4
俄空,4
天军,4
主动,4
资源,4
继,4
中程导弹,4
迅速,4
显著,4
退役,4
至关重要,4
美国国防部,4
战时,4
时报,4
印度政府,4
之后,4
达成,4
美国航空公司,4
稳定,4
寻找,4
普惠,4
排放,4
探测器,4
导弹部队,4
疲劳,4
把,4
足够,4
承担,4
局面,4
10%,4
整体,4
火箭炮,4
AG600,4
美国防,4
分类,4
海底,4
Mesmer,4
参考,3
航空网,3
一支,3
缩比,3
轻质,3
受到,3
收购,3
竞争,3
反对,3
一体化,3
流程,3
协同,3
资讯,3
反应,3
马赫数,3
进气道,3
可用,3
滞空,3
船舶,3
年据,3
直径,3
宝石,3
美国波音公司,3
可能性,3
拓展,3
当量,3
8000,3
总经理,3
做,3
尾翼,3
运动,3
HAMR,3
1200,3
稳步,3
一,3
追踪,3
派出,3
美韩,3
贸易部,3
117,3
三维,3
AESA,3
卡莫,3
夫,3
第一种,3
初步设计,3
既,3
又,3
过,3
铁路,3
随时,3
RFI,3
规格,3
使用寿命,3
地面部队,3
俄罗斯政府,3
者,3
电子扫描,3
阵列,3
参谋长,3
火星,3
厅,3
提交,3
亿日元,3
手段,3
转向,3
LRDR,3
结果,3
东海岸,3
反舰,3
水面舰艇,3
设想,3
生存能力,3
四个,3
邦,3
达列夫,3
代号,3
体积,3
巡逻,3
元件,3
预期,3
海事,3
舰艇,3
段,3
积极,3
四种,3
总装,3
日本航空自卫队,3
安东诺夫,3
1800,3
180,3
及时,3
第二架,3
竞争性,3
合同规定,3
该局,3
保卫,3
领空,3
第一,3
奥里萨邦,3
重约,3
后缘,3
ICARUS,3
溶解,3
消失,3
2022,3
召开,3
危险,3
交通,3
执行官,3
越来越,3
马克,3
设立,3
努力,3
为了,3
尤里,3
国土,3
290,3
指挥官,3
围绕,3
机长,3
该型机,3
承受,3
周边,3
VA001,3
洛,3
三年,3
230,3
一次性,3
有限,3
伙伴,3
来说,3
外交官,3
次数,3
交通管制,3
臭鼬,3
偏离,3
三是,3
如果,3
立即,3
销毁,3
场景,3
不再,3
戈德费,3
恩,3
高层,3
接到,3
初期,3
A330neo,3
克,3
单座,3
打击目标,3
控制能力,3
Link16,3
黑翼,3
套件,3
惯性,3
仪,3
王,3
26T2V,3
机组,3
测绘,3
创建,3
远,3
同一,3
旋转翼,3
安静,3
全速,3
可靠性,3
距,3
每分钟,3
加仑,3
速率,3
控制技术,3
气球,3
分离,3
代尔,3
尚无,3
意味着,3
沟通,3
敌军,3
空,3
更新,3
优先级,3
重视,3
主导地位,3
摄像机,3
固定,3
周期,3
整机,3
分部,3
这笔,3
网络空间,3
下属,3
飞,3
遥控,3
带有,3
周围,3
压制,3
西海岸,3
短程,3
靶弹,3
并于,3
主管,3
JPO,3
批次,3
指令,3
雷达网,3
西欧,3
英国皇家海军,3
发起,3
物资,3
重达,3
制空,3
涵道,3
专门,3
空投,3
设定,3
空对地,3
格,3
第二轮,3
组成部分,3
自主性,3
海洋,3
经济,3
滑翔机,3
人工智能,3
AI,3
接近,3
人民币,3
空对空,3
援助,3
近距,3
以色列空军,3
蝉式,3
每架,3
架该,3
再次,3
DRS,3
分布,3
指示,3
虎,3
广域,3
监控,3
雷达探测,3
LTE,3
用来,3
NRL,3
机身,3
拒止,3
倾转,3
行驶,3
电子系统,3
软件系统,3
两栖,3
首份,3
导航系统,3
赛峰,3
运转,3
高压,3
顺利完成,3
3ME,3
350,3
1600,3
后者,3
弹翼,3
总价值,3
亿英镑,3
座舱,3
内部,3
双发,3
数,3
量产,3
PAC,3
经费,3
面向,3
Sagitta,3
精准,3
效应,3
第四代,3
科学技术,3
唯一,3
新加坡,3
巡,3
飞弹,3
电动,3
转场,3
印,3
修改,3
冲绳,3
H145M,3
用作,3
群山,3
节点,3
军工,3
132,3
减阻,3
测试计划,3
现,3
运输能力,3
处理器,3
亚历山大,3
共有,3
加快,3
瑞典,3
成像,3
本月,3
2013,3
支援,3
火控,3
惯性导航,3
INS,3
airforce,3
technology,3
途径,3
对美,3
边境,3
防御性,3
A320neo,3
终端,3
循环,3
创造,3
2012,3
削减,3
声明,3
助推器,3
棕榈,3
空运,3
监督,3
国有,3
3500,3
机器人,3
过度,3
参议院,3
迈,3
碎片,3
德比,3
幻影,3
继而,3
意外,3
研的,3
4G,3
设计阶段,3
因素,3
全境,3
就是,3
顺利,3
发射装置,3
子,3
许多,3
请求,3
Uber,3
碰撞,3
通讯社,3
DAPA,3
FC,3
AML,3
锆石,3
大气层,3
作出,3
创业,3
供电,3
详细,3
倡议,3
尽快,3
阿联酋,3
制造业,3
有利于,3
uasvision,3
应急,3
兼容,3
参谋,3
本部,3
新浦,3
领导人,3
袭击,3
白鲸,3
阿拉斯加,3
PAKDA,3
限度,3
编组,3
专项,3
使得,3
市,3
温度,3
发射管,3
电缆,3
全国,3
被动,3
RF,3
促进,3
早期,3
参数,3
特,3
下令,3
今晨,3
曾多次,3
NC3,3
猫头鹰,3
三级,3
缩减,3
销售额,3
112,3
机械,3
敏感,3
面板,3
F4,3
马,3
迈特,3
上任,3
苍鹭,3
TP,3
XP,3
股份,3
航班,3
同盟,3
各自,3
Vencore,3
理念,3
通常,3
过渡,3
投,3
石器,3
虚拟现实,3
借助,3
大大,3
小精灵,3
并未,3
受伤,3
供应,3
尽管,3
空袭,3
出动,3
紧张,3
EMARSS,3
360,3
碳纳米管,3
跨域,3
互联,3
133,3
项,3
推广,3
797,3
司令官,3
中东地区,3
中东,3
EPIC,3
涉及,3
引入,3
西,3
飞艇,3
聚合物,3
远超,3
摄氏度,3
两台,3
TriFan,3
承包商,3
伊,3
黛利拉,3
叙,3
船只,3
贸易,3
国会,3
防御能力,3
边界,3
两,3
重申,3
乐天,3
争议,3
连续,3
飞车,3
双座,3
纤维,3
污染,3
禁飞区,3
群,3
极大,3
摩托,3
亨茨,3
维尔,3
CMC,3
CSBA,3
建议,3
FA,3
审查,3
能为,3
利益,3
发电,3
架飞机,3
AEW,3
＆,3
旋风,3
舰载机,3
严重,3
该款,3
UEC,3
支线,3
层流,3
PDV,3
亚太地区,3
星球,3
金星,3
JTARV,3
紧凑,3
水雷,3
停留,3
VAW,3
技术转让,3
航天飞机,3
早,3
MRJ,3
芯片,3
AOEW,3
沙迦,3
户外,3
以氢,3
动力源,3
ALMDS,3
白皮书,3
Akash,3
MkIII,3
Perdix,3
数字通信,3
新西兰,3
RS,2
Aerion,2
谅解,2
1.4,2
10000,2
边疆区,2
凯旋,2
远东地区,2
境内,2
PAK,2
DA,2
颤振,2
若能,2
会谈,2
系,2
对此,2
持有,2
决策,2
所以,2
告终,2
小翼,2
可操作性,2
先后,2
吸气,2
物理,2
Puma,2
相互作用,2
到达,2
批量,2
三,2
约合,2
装甲,2
挂载,2
154,2
甲板,2
18G,2
三型,2
列入,2
研,2
役,2
三轮,2
输出,2
全长约,2
宽,2
售价,2
一批,2
华盛顿,2
大幅度,2
增至,2
辐射,2
格尔金,2
取证,2
PC,2
改型,2
飞翼,2
略,2
面,2
副翼,2
航空器,2
投射,2
交战,2
舰,2
着陆时,2
涡桨,2
链接,2
激光制导,2
几年,2
融资,2
大部分,2
170,2
三国,2
日至,2
交换,2
日方,2
船舰,2
动用,2
授时,2
萤火虫,2
端口,2
6.3,2
充电,2
偏远地区,2
冲压,2
后期,2
复合式,2
类,2
放弃,2
缺少,2
近程,2
UAV,2
进步,2
机将,2
主动防御,2
暂停,2
导,2
遵守,2
控制协议,2
事业,2
协作,2
军备,2
总数,2
4500,2
若干,2
做好,2
快,2
生存力,2
入侵,2
托诺帕,2
15E,2
企业级,2
锁定,2
分层,2
免遭,2
2.5,2
两级,2
三种,2
大于,2
专利,2
舱,2
控制器,2
空军司令,2
最快,2
XB,2
共同完成,2
动力学,2
电子设备,2
76MD,2
90A,2
独特,2
特殊,2
–,2
Elbit,2
赫尔墨斯,2
融合,2
4572,2
虽然,2
HELLADS,2
挫败,2
测试中心,2
2C,2
首枚,2
携载,2
打,2
一体,2
问世,2
4CTriton,2
监管,2
乌克兰,2
斑鸠,2
站,2
现代,2
4C,2
39.9,2
合成孔径雷达,2
渔船,2
孔径,2
空基,2
2040,2
前后,2
北方,2
诺夫,2
新地岛,2
昌迪,2
普尔,2
长约,2
基本型,2
对比,2
结果显示,2
非常,2
摩尔,2
斯,2
或者,2
当,2
只有,2
电子器件,2
2600,2
研讨会,2
面向未来,2
轻量化,2
矿石,2
拍摄,2
清楚,2
了解,2
PrecisionHawk,2
系统软件,2
简单,2
AIM,2
最远,2
已知,2
空中客车,2
依赖,2
官方,2
国家队,2
军民,2
梅德韦,2
杰夫,2
法令,2
卢布,2
410,2
架安,2
决议,2
同步,2
海面,2
索夫,2
采访,2
高精,2
新版,2
抑制,2
2026,2
康京,2
韩国政府,2
构筑,2
美国国会,2
1.2,2
2027,2
470,2
初,2
落后,2
ViktorBondarev,2
媒体,2
潜力,2
第五,2
论证,2
地效,2
艇,2
理工大学,2
缺陷,2
转子,2
军事演习,2
第五次,2
60R,2
两军,2
联合作战,2
反潜,2
适合,2
15%,2
香草,2
重油,2
不到,2
13.6,2
可为,2
－,2
ALCS,2
所用,2
细节,2
放宽,2
冷战,2
草案,2
战争,2
2010,2
北极星,2
Ⅱ,2
俄新社,2
强化,2
白宫,2
部,2
参加,2
代理,2
;,2
多家,2
灭虫,2
国会议员,2
退出,2
化学武器,2
皇家,2
模拟器,2
印俄,2
停止,2
将军,2
转入,2
生活,2
履行,2
优步,2
AirspaceXMOBi,2
MSN1795,2
图卢兹,2
1100,2
14%,2
740,2
2S,2
OMS,2
潜航器,2
改造,2
指标,2
地域,2
除了,2
零排放,2
101,2
旅,2
绘制,2
适应性,2
混合式,2
颁布,2
纳入,2
达成协议,2
域,2
碳氢,2
上周,2
向洛马,2
四家,2
926,2
率先,2
4542,2
硬式,2
软式,2
洛克,2
威尔,2
III,2
威慑,2
ATHENA,2
各类,2
心跳,2
呼吸,2
动作,2
医院,2
资助,2
临近,2
双层,2
StarLight,2
称有,2
SR,2
加利福尼亚州,2
总部,2
FRV,2
科研工作,2
咨询,2
第一项,2
致力于,2
第二项,2
日向,2
们,2
加上,2
警戒,2
截至,2
DIRCM,2
斩首,2
兵力,2
哪些,2
侦察兵,2
开源,2
成型,2
塑料,2
加,2
组合,2
总预算,2
结束,2
并列,2
合并,2
焦点,2
占据,2
构建,2
视为,2
资产,2
告警,2
协会,2
清晨,2
北海道,2
OUTRIDER,2
高清,2
TV,2
阻挡,2
最小,2
颜色,2
70%,2
单兵,2
瞄准,2
切断,2
证明,2
第三次,2
小批量,2
首先,2
代码,2
增量,2
能以,2
等待,2
预警系统,2
29B6,2
集装箱,2
反射,2
海,2
受体,2
导引头,2
更远,2
抵御,2
海拔,2
封锁,2
以防,2
库特,2
2035,2
凌晨,2
将萨德,2
剩余,2
搭配,2
增大,2
开启,2
座,2
Avina,2
核试验场,2
中继,2
协同作战,2
定位系统,2
内华达,2
Cobham,2
Hermes900,2
机和,2
管,2
2028,2
SRC,2
尽可能,2
平民,2
更长,2
油箱,2
闪电,2
海军航空,2
NAVAIR,2
AAQ,2
DAIRCM,2
Block30,2
EISS,2
8700,2
海里,2
传输速度,2
226T,2
3.6,2
同轴,2
货舱,2
西卡,2
CICADA,2
航天工业,2
载,2
船上,2
VH,2
92A,2
测试项目,2
纽约,2
6V,2
流星,2
转移,2
西班牙,2
水陆,2
磅,2
爆,2
第一批,2
ARL,2
优化,2
V2,2
ARTS,2
Arriel2L2,2
压缩机,2
双通道,2
下一阶段,2
抗干扰能力,2
导引,2
给出,2
处,2
扫描,2
跑道,2
滑行,2
Talaash,2
前者,2
重构,2
SupercamS450,2
脱离,2
摄像头,2
音爆,2
马歇尔,2
QinetiQ,2
授出,2
机动性,2
年度预算,2
惠特尼,2
NGT,2
内燃机,2
主力,2
AFIT,2
Locata,2
进一步提高,2
严峻,2
同意,2
第三代,2
DST,2
场,2
Gamekeeper,2
引发,2
SkyStriker,2
巡飞,2
隐蔽,2
种马,2
涡轮喷气,2
Aquila,2
CM,2
虚拟,2
软管,2
VMFA,2
嘉手纳,2
南部,2
机降,2
型别,2
桥梁,2
首尔,2
此类,2
国王,2
逐渐,2
首相,2
涡流,2
降低成本,2
USMC,2
53E,2
不足,2
KalashnikovConcern,2
已为,2
ZALA421,2
16E5,2
装有,2
下线,2
人道主义,2
超轻,2
最轻,2
机头,2
专,2
AL,2
涡扇,2
Textron,2
750,2
换装,2
升级版,2
鹰狮,2
ARDS,2
电子情报,2
ECR,2
LRPF,2
效果,2
日起,2
实弹演习,2
液态,2
填充,2
镓,2
英西图,2
Tor,2
M2,2
能否,2
空防,2
拟向,2
辅助,2
306,2
版,2
阿姆斯特朗,2
该国,2
武装力量,2
多任务,2
遭到,2
正常,2
摩擦,2
冲突,2
鹰式,2
科,2
沃罗涅日,2
Д,2
М,2
Stinger,2
经过,2
检验,2
列装,2
减轻,2
杀伤力,2
密切合作,2
容易,2
事务,2
索夫称,2
亮相,2
商飞,2
A321,2
PD,2
证实,2
在内,2
年来,2
自行,2
多管,2
相较,2
9B,2
天空,2
48.2,2
亚利桑那州,2
CPS,2
绝大部分,2
备选,2
三家,2
LRSAM,2
BEL,2
777X,2
监视系统,2
重塑,2
737,2
控系统,2
截止,2
海尔,2
深化,2
无人化,2
安排,2
多型,2
正为,2
共轴,2
社,2
光伏,2
工程师,2
丹,2
最佳,2
国际海事卫星组织,2
罗尔斯,2
罗伊斯,2
Kale,2
副总裁,2
国防工业,2
远征,2
美国高通公司,2
智能手机,2
顶级,2
开创,2
用途,2
改装,2
密度,2
电动机,2
可行性研究,2
面积,2
单价,2
主流,2
1.5,2
小于,2
较强,2
成,2
继续执行,2
单个,2
队,2
项目经理,2
化,2
迈出,2
UberElevate,2
源于,2
高尔夫球场,2
月份,2
启用,2
车,2
舆论,2
批评,2
声称,2
采购计划,2
FFX,2
敌人,2
Heli,2
Expo2017,2
定义,2
其能,2
飞行数据,2
增强现实,2
CAMM,2
开发人员,2
商务,2
声速,2
分辨,2
波段,2
位,2
众议员,2
上书,2
奥巴马,2
建议书,2
现任,2
众议院,2
与其,2
早晨,2
咸镜南道,2
不详,2
相同,2
推断,2
袭,2
各项,2
A330,2
尾部,2
最多,2
单独,2
数枚,2
温,2
家族,2
220,2
CFM,2
LEAP,2
隐身技术,2
批,2
TBM,2
体,2
跨,2
UAVOS,2
最低,2
1A,2
每个,2
招标,2
运用,2
以内,2
以下,2
系留,2
RID,2
巴沙尔,2
频繁,2
飞行物,2
填补,2
铁穹,2
巴克斯,2
联系,2
职位,2
存活,2
采集,2
ADATS,2
数据传输,2
系统集成,2
BoomSupersonic,2
耗时,2
经营,2
策略,2
转变,2
侧重于,2
云,2
内特,2
武士,2
触屏,2
无线网络,2
智能化,2
所谓,2
网络化,2
可回收,2
扎,2
温特,2
克里斯托弗,2
转让,2
中国南方航空公司,2
南方航空公司,2
2.7,2
BBC,2
驻扎,2
交流,2
以外,2
公司总裁,2
300V4,2
军事化,2
强硬,2
交通部,2
1700,2
相继,2
斯瓦洛格,2
内置,2
生存,2
DAPRA,2
尚,2
方,2
明确,2
本,2
50%,2
残骸,2
度,2
折叠,2
电热,2
防冰,2
加热器,2
前缘,2
叶片,2
更为,2
最早,2
劳伦斯,2
利弗莫,2
尔,2
LLNL,2
上述,2
增程,2
型布,2
关键性,2
737MAX8,2
历时,2
第一个,2
可比,2
驻守,2
诺特,2
GAMA,2
找到,2
弹性,2
失效,2
科姆,2
警用,2
航拍,2
通告,2
潜舰,2
班加罗尔,2
第三,2
总裁,2
FCX,2
001,2
抗扭,2
主,2
随后,2
机上安装,2
先,2
最近,2
强度,2
广泛,2
耐热,2
常用,2
加工,2
XTI,2
新墨西哥州,2
北部,2
德利,2
卜,2
哈,2
塔伊,2
获救,2
国立,2
平安北道,2
构成,2
尚未,2
波形,2
几十年,2
商品,2
变得,2
廉价,2
卡拉姆,2
AAD,2
固体,2
双模,2
似乎,2
SPYDER,2
秃鹫,2
规模,2
决心,2
一切,2
口径,2
有效途径,2
用地,2
引起,2
自民党,2
即使,2
摆脱,2
历史,2
新高,2
军费开支,2
并称,2
抵消,2
军费,2
美国国务院,2
海外,2
进口,2
联合国安理会,2
安理会,2
内向,2
国际标准,2
宇宙,2
星州县,2
射线,2
未能,2
短舱,2
GTF,2
低等,2
AirMap,2
非常复杂,2
便携,2
示范性,2
陶瓷纤维,2
节省,2
机会,2
滩,2
闯入,2
适当,2
四代,2
出席,2
仪式,2
陆海,2
航空运输,2
CAT,2
演进,2
下载,2
控制中心,2
传送,2
高超音速,2
地球,2
霍尼韦尔,2
全程,2
JetWave,2
NLR,2
带动,2
占有,2
令人,2
顺利进行,2
日益频繁,2
学会,2
CABS,2
ERJ,2
145,2
敌我,2
240,2
密集,2
跨越,2
过去,2
国务院,2
迈克尔,2
两国之间,2
集中,2
气动,2
4000,2
私营,2
持股,2
51%,2
爱沙尼亚,2
列宁格勒,2
的士,2
184,2
先河,2
灭火,2
水上,2
单次,2
步兵,2
50km,2
载客,2
目的地,2
出口额,2
年间,2
水端,2
不能,2
蜜蜂,2
物质,2
50PAKFA,2
数年,2
隶属于,2
53%,2
明显,2
LM,2
100J,2
水,2
商,2
163,2
KF,2
为主,2
项目管理,2
遇难,2
错误,2
半导体,2
电子元件,2
HEL,2
大多数,2
侧边,2
吊臂,2
OFFSET,2
起重机,2
延误,2
工作量,2
第一次,2
此项,2
125,2
革命,2
卫队,2
塞姆,2
长钉,2
Spike,2
多枚,2
美国通用电气公司,2
陶瓷,2
相当于,2
詹姆斯,2
出访,2
U650,2
水陆两用,2
打破,2
DLR,2
救助,2
联合国,2
大使,2
空军一号,2
aviationtoday,2
噪音,2
NSC,2
工具,2
HASS,2
泰雷斯,2
MerlinMk2,2
Searchwater,2
Cerberus,2
Metis,2
三菱,2
重工,2
超小型,2
室内,2
舷外,2
60S,2
86B,2
LDAL,2
流动,2
Block4,2
NETMA,2
JNAAM,2
失事,2
吉拉尼,2
北美,2
延期,2
推迟,2
沃斯堡,2
后备,2
埃尔森,2
前沿,2
A350XWB,2
显示器,2
振荡,2
烈火,2
对接,2
兴趣,2
前期工作,2
虎式,2
合格,2
爆炸,2
海洋环境,2
中科院,2
大连,2
化物所,2
零,2
美德,2
第三个,2
电源,2
SCO,2
鸟类,2
驱逐,2
充分发挥,2
立陶宛,2
110,2
美国大学,2
平均,2
返航,2
绿色,2
生产成本,2
三枚,2
误射,2
一艘,2
从小,2
四类,2
军在,1
卡普斯,1
京,1
亚尔,1
12M,1
将有助,1
攻克,1
7800,1
总动员,1
远东,1
滨海,1
师该,1
师于,1
值班,1
俄罗斯远东地区,1
总参谋长,1
马卡罗夫,1
失误,1
战略轰炸,1
22M3,1
95MS,1
56A,1
极易,1
破坏性,1
借此,1
喷气机,1
庞巴迪,1
米歇尔,1
特梅尔,1
强烈,1
巴西政府,1
巴,1
特权,1
优先股,1
对巴,1
一票否决权,1
股份公司,1
SSJ100,1
马刀,1
形,1
3%,1
灰狼,1
GrayWolf,1
敌,1
生存性,1
可穿透,1
彩虹,1
前山,1
佩刀,1
预,1
冷却器,1
HTX,1
℃,1
SolAero,1
约翰霍普金斯,1
APL,1
DelftDynamics,1
Damen,1
造船厂,1
NEREUS,1
信息工程,1
叶可,1
叶,1
向前,1
长途运输,1
灾后,1
IISDB,1
寻标器,1
毫米波,1
半主动,1
SDB,1
英里,1
Block3F,1
GAU,1
航炮,1
IVGBU,1
39GBU,1
12GBU,1
装卸,1
其为,1
18EA,1
挪威,1
JSM,1
协商,1
试投,1
Dislitbang,1
发展局,1
SariBahari,1
弹重,1
韩国三星,1
BladeswitchBladeswitch,1
1.6,1
缸,1
汽油,1
190hp,1
305,1
Bladeswitch,1
6.2,1
8.2,1
车体,1
所制,1
英国政府,1
5400,1
交由,1
ATI,1
罩,1
增材,1
超扇,1
机匣,1
西风,1
空气质量,1
灯塔,1
报,1
核武,1
7000,1
该份,1
千吨级,1
中子弹,1
电磁脉冲,1
X射线,1
伽马射线,1
巴拉诺夫,1
90APC,1
90A1PC,1
90A2,1
90A3SaM146,1
仅仅,1
工艺水平,1
MAGMA,1
机尾,1
上方,1
外倾,1
取消,1
颠覆性,1
158C,1
辨识,1
延伸,1
开放,1
近岸,1
扮演,1
角色,1
M80Stiletto,1
当其,1
额外,1
综保,1
远远,1
DGA,1
400M,1
阿特拉斯,1
A400M,1
TP400,1
8900,1
0.72,1
容纳,1
116,1
伞兵,1
崎岖,1
伞降,1
Raytheon,1
工具包,1
航空业,1
多样化,1
新机,1
金融市场,1
持续增长,1
1390,1
1890,1
美日韩,1
轨迹,1
金刚,1
神盾,1
鸟海,1
多艘,1
分享,1
军码,1
对雷神,1
MAGR,1
2K,1
土星,1
美国麻省理工学院,1
宽度,1
6.35,1
43.18,1
0.8,1
学生,1
TerraDrone,1
电信,1
KDDI,1
农药,1
喷洒,1
灾害,1
投递,1
超越,1
中距,1
AMRAAM,1
中旬,1
风洞试验,1
不久,1
2008,1
展览会,1
ICBM,1
开发新,1
重启,1
私营企业,1
成熟技术,1
昼夜,1
20000,1
最短,1
西门子公司,1
结成,1
FanX,1
国防科,1
就要,1
闻,1
5800,1
反击,1
有权,1
迫使,1
ECCTECCT,1
EA,1
咆哮,1
AESAradar,1
ECCT,1
队伍,1
作,1
监察局,1
哈佩雕,1
攻防,1
中该,1
960,1
性能比,1
战略部,1
后续,1
技术储备,1
高速度,1
岛屿,1
重力,1
萨尔茨,1
曼,1
MDC2,1
无缝,1
蓝图,1
战据,1
宣告,1
235,1
领先水平,1
暂时,1
性能指标,1
不间断,1
捕捉,1
孟加拉湾,1
击中目标,1
TheDrive,1
FOIA,1
审计长,1
DODIG,1
审计报告,1
明确指出,1
选,1
另一方面,1
明确规定,1
核打击,1
时间表,1
基线,1
搜寻,1
维克多,1
绰号,1
白天鹅,1
海盗旗,1
仅次于,1
曾经,1
混编,1
远洋,1
场该,1
50U,1
翼身,1
控,1
信号情报,1
880,1
功耗,1
光圈,1
日后,1
液体,1
输出功率,1
Augustine,1
省向,1
克拉夫,1
琴科,1
察,1
近年,1
塔拉,1
先科,1
17221,1
选定,1
秋田,1
山口县,1
营地,1
SM3Block2A,1
开始运行,1
BK,1
1050,1
2400,1
配合,1
穆古角,1
今年底,1
代,1
鱼,1
海神,1
全长,1
14.5,1
4.7,1
米重,1
14628,1
航速,1
610,1
18000,1
15186,1
最长,1
多云,1
可疑,1
后能,1
货轮,1
浮出,1
电磁,1
8883385,1
9400015,1
柏林,1
IQPC,1
大会,1
达索,1
集体,1
要素,1
尼古拉,1
叶弗梅,1
季克西,1
迪克森,1
楚科奇,1
守卫,1
科拉,1
白海,1
阿尔汉格尔斯克,1
州,1
涅涅茨,1
自治区,1
宠臣,1
铠甲,1
弹炮,1
合一,1
溅落,1
647,1
或核,1
弹径,1
0.52,1
湾流,1
GIII,1
介绍,1
被测,1
真实,1
发明,1
自我,1
解聚,1
热源,1
阳光,1
下时,1
物品,1
保留,1
下来,1
SHiELD,1
防御型,1
走向,1
美国联邦政府,1
日程安排,1
论文,1
摘要,1
集,1
设置,1
XF9,1
研究进展,1
据宇辰,1
开采,1
旋转,1
飞入,1
矿工,1
炸出,1
多少,1
爆破,1
矿洞,1
HAZONSolutions,1
已达成,1
业务范围,1
HAZON,1
软件平台,1
融进,1
内使,1
获知,1
LREW,1
120D,1
22A,1
DirkHoke,1
过分,1
难以,1
团结起来,1
龙,1
德国总理,1
默克尔,1
SSP,1
主任,1
特里,1
本尼,1
迪特,1
集合,1
建模,1
签发,1
租赁,1
架米,1
萨特,1
首要,1
核威慑,1
现代战争,1
地区冲突,1
优先发展,1
新式,1
样式,1
外长,1
追加,1
军事同盟,1
尽早,1
对话,1
必要性,1
虽,1
暂无,1
多层面,1
入手,1
万亿美元,1
本世纪,1
兼,1
俄罗斯联邦,1
安全委员会,1
兼具,1
优秀,1
Ekranoplan,1
阿列克谢耶夫,1
水翼,1
牵头,1
550,1
缩,1
机已,1
风洞,1
托木斯克,1
X光,1
μ,1
电子束,1
焊接,1
高温高压,1
高该,1
燃气轮机,1
釜山,1
济州岛,1
Haedori,1
Wallaby,1
韩澳,1
联合演习,1
8A,1
反潜巡逻机,1
山猫,1
实弹射击,1
首支,1
命名,1
同比增加,1
美国航空航天局,1
沃洛普斯,1
五天,1
0.03,1
立方米,1
瓦,1
理论,1
罗柯,1
6B,1
性能需求,1
3180,1
意欲,1
终结,1
核裁军,1
时代,1
扼制,1
核潜射,1
切身利益,1
加大,1
咸兴市,1
秘密,1
优点,1
KN,1
一旦,1
战事,1
几乎,1
自卫,1
指责,1
玩核,1
足球,1
这名,1
朝鲜外交部,1
研究部,1
防扩散,1
坚信,1
正确,1
抗衡,1
核威胁,1
各州,1
避障,1
航,1
工作队,1
充当,1
事项,1
可用资产,1
失灵,1
失联,1
突发事件,1
完全符合,1
伊拉克,1
审计,1
通报,1
6.574,1
4BBlock30,1
应该,1
化学,1
武器库,1
缓慢,1
库存,1
故障,1
十分必要,1
课程,1
流产,1
因为,1
前不久,1
相提并论,1
思路,1
这会,1
戴维,1
只是,1
虽未,1
我们,1
争霸,1
责任,1
Airspacex,1
出租车,1
世界各地,1
城市交通,1
作战方案,1
4267,1
拉尼亚,1
利刃,1
中洛马,1
传递情报,1
分发,1
2578822,1
翻新,1
管式,1
数字式,1
人制,1
NPK90,1
瑞士,1
PassengerDrone,1
两座,1
手动,1
缓解,1
交通拥堵,1
分辨率,1
海滩,1
波浪,1
空降师,1
建筑,1
立视图,1
快照,1
EganAirships,1
Plimp,1
8.5,1
氦气,1
球,1
升力,1
钢体,1
广告,1
航空摄影,1
上市,1
克兰,1
菲尔德,1
类别,1
需比,1
分贝,1
AerojetRocketdyne,1
使高,1
说明书,1
6800,1
724,1
1296,1
图片,1
46A,1
17282,1
盟军,1
1514,1
升据,1
柯林斯,1
两项,1
1.57,1
ALCSALCS,1
特级,1
专业,1
光束,1
Outlaw,1
南澳,1
图像处理,1
脸部,1
颈部,1
衡量,1
家庭,1
护理,1
病房,1
作战区,1
上层,1
下层,1
按,1
重飞,1
风,1
持久,1
驻空,1
几分,1
交通管理,1
多名,1
目击者,1
目击,1
疑似,1
某型,1
机在,1
帕姆,1
所在地,1
画面,1
总裁兼,1
罗布,1
韦斯,1
暗示,1
原定,1
仍会,1
按原,1
两大,1
考察,1
韧性,1
绝对优势,1
韩国国会,1
委员长,1
李喆雨,1
记者,1
采取任何,1
预料到,1
察觉,1
没,1
采取措施,1
事后,1
震惊,1
动静,1
安兴,1
扰乱,1
诱导,1
核导,1
与日俱增,1
息息相关,1
希瑟,1
威尔逊,1
Scout,1
遥控器,1
可手,1
抛,1
Gopro,1
即插即用,1
615,1
2144,1
现货,1
0,1
射流,1
第四个,1
互补,1
米切尔,1
迎接,1
信息时代,1
反思,1
对称,1
IT,1
Dstl,1
签约,1
世界领先,1
Elix,1
IR,1
Miysis,1
端到,1
端的,1
适用范围,1
VIP,1
放送,1
06,1
当地,1
:,1
处该,1
3700,1
770,1
所射,1
IRBM,1
先驱者,1
WirthResearch,1
10cm,1
仅重,1
1.7,1
kg,1
发射筒,1
92.6,1
km,1
h,1
敌对,1
过滤器,1
选择性,1
光线,1
失真,1
层,1
看清,1
仪表盘,1
可见光,1
透射,1
阻拦,1
波长,1
AUDSAUDS,1
直观,1
界面,1
多频,1
频带,1
链路,1
良好效果,1
AMDR,1
6AMDR,1
文特,1
硅谷,1
35JPO,1
重心,1
力学,1
更少,1
开发者,1
既定,1
FlyingMissileRail,1
0.9,1
每月,1
出去,1
敌机,1
设计师,1
地平线,1
隐形飞机,1
截面积,1
阿吉尔号,1
双向,1
海狼,1
一周,1
发动,1
炮兵部队,1
突然袭击,1
低中,1
军事力量,1
轰炸,1
全面战争,1
战略目标,1
营业,1
收入,1
45%,1
产量,1
管理费用,1
经济效益,1
改革,1
开拓,1
国际航空,1
４,1
车及,1
运入,1
庆尚,1
北道,1
环评,1
联军,1
高低,1
布防,1
黄貂鱼,1
输送,1
6804,1
JP5,1
555,1
PCA,1
中为,1
2.9,1
三涵,1
推进器,1
除,1
电池组,1
备份,1
研制成功,1
通勤,1
大门,1
Challenger,1
软,1
丰溪,1
里,1
公海,1
玄武,1
2A,1
SLAM,1
紧急情况,1
时能,1
后勤机关,1
二者之间,1
收发,1
诺,1
三位一体,1
FLA,1
德雷珀,1
依赖于,1
未知,1
单目,1
灵活机动,1
GOED,1
NIAS,1
微软公司,1
马达,1
5.7,1
米据,1
700,1
由洛马,1
本地化,1
1.049,1
176,1
BlockIIB,1
130W,1
多种类型,1
4.6,1
造价,1
低廉,1
最新版,1
MK5,1
声呐,1
1.78,1
便携性,1
联合政府,1
MFP,1
萨博,1
分公司,1
6300,1
基本功能,1
做到,1
低功耗,1
莫古角,1
B1,1
构型,1
航路,1
中段,1
模态,1
比其,1
前身,1
68%,1
更具,1
锤,1
用以,1
受控,1
射击,1
HybridTiger,1
太阳能电池,1
夜间,1
白天,1
电池板,1
2590,1
夜视,1
60000,1
18300,1
NTTDoCoMo,1
全日,1
高速通信,1
LANWiFi,1
高速传输,1
28500,1
430,1
每秒,1
27Mbps,1
三层,1
投石,1
索和铁穹,1
俄卡,1
高温气候,1
载重,1
搭乘,1
专用设备,1
KRET,1
机可,1
电磁炮,1
外层空间,1
堆叠,1
德,1
德是,1
群体行为,1
Kratos,1
13716,1
有轨,1
弹射器,1
降落伞,1
KARI,1
TR,1
中载,1
船以,1
18.52,1
测量船,1
相对运动,1
渔场,1
总计,1
奥韦戈,1
盘旋,1
通场,1
夸爱岛,1
风暴,1
之影,1
百夫长,1
SingularAircraft,1
FlyoxMarkI,1
MarkIIFlyox,1
11.5,1
3.8,1
233,1
UnmannedAircraftInternational,1
消防,1
8650,1
453kg,1
抗干扰,1
破坏,1
群中,1
0.22,1
长度,1
0.25,1
悬停,1
现正,1
编程,1
1.083,1
2ARTS,1
V2ARTS,1
发送,1
空勤人员,1
Arriel,1
华科技,1
Arriel2N,1
轴向,1
压气机,1
扩压器,1
Fadec,1
奥廖尔,1
3E,1
出口型,1
Kronshtadt,1
坐标,1
可沿,1
前进方向,1
下滑,1
角度,1
Sayyad,1
生产线,1
Moog,1
SABRE,1
桅杆,1
炮塔,1
两辆,1
MRAP,1
击毁,1
SupercamS350,1
560,1
硬着陆,1
热成像仪,1
摄影,1
3770,1
按计划,1
中据,1
设计方案,1
流体动力,1
低音,1
爆及,1
机据,1
10.6,1
翼盒,1
洛西,1
茅斯,1
科宁斯比,1
威丁顿,1
模拟训练,1
拉菲尔,1
预订,1
Litening,1
锁定目标,1
灵活处理,1
50T,1
用该,1
空舰,1
贴近,1
低空飞行,1
难于,1
格鲁门,1
普特,1
电控,1
试验台,1
4.09,1
形式,1
热电,1
预先,1
Mahepa,1
两型,1
第二,1
720,1
学院,1
定位导航,1
对系统,1
出局,1
方位,1
支付,1
购进,1
技术支持,1
联合内阁,1
路线图,1
乌美拉,1
Aveillant,1
戴高乐,1
款,1
摩纳哥,1
安全事故,1
标记,1
低声,1
学,1
据洛马,1
跨州,1
SIKORSKY,1
马里兰州,1
PAX,1
包线,1
质检,1
Nirbhay,1
第四次,1
关键部位,1
不当,1
Facebook,1
型飞机,1
扰流器,1
无线电台,1
涂装,1
光滑度,1
确保安全,1
随,1
雅克,1
六段,1
29000,1
牛,1
和锥管,1
行为,1
情景,1
锥,1
1212,1
后该,1
协同工作,1
KSK,1
指挥部,1
H145,1
防弹,1
电子对抗,1
一代,1
Yonhap,1
余枚,1
158,1
JASSMJASSM,1
多千米,1
区外,1
严密,1
设防,1
阿卜,1
杜勒,1
阿齐兹,1
城,1
Taqnia,1
型机,1
9.2,1
两用,1
运载火箭,1
重大意义,1
又称,1
织女星,1
发生器,1
幅度,1
消耗量,1
四分之一,1
几百万美元,1
Sikorsky,1
跳,1
卡拉什尼科夫,1
气垫,1
着落,1
承载,1
ICE,1
厂内,1
SOF,1
为洛马,1
第十种,1
SuperHercules,1
衍生,1
情报侦察,1
专用,1
GabbianoTF,1
至今,1
专为,1
多模,1
英寸,1
30.48,1
收发机,1
RTP,1
自动识别,1
AIS,1
交联,1
小型化,1
赫耶夫,1
AlexanderMikheev,1
41F,1
将会,1
Nightwarden,1
ShadowM2,1
167,1
340,1
Shadow,1
数字化,1
BlockIII,1
划拨,1
2.649,1
燃油箱,1
储油量,1
风阻,1
标定,1
DTPN,1
情报网络,1
TTNT,1
散射截面,1
计算,1
提前,1
IRST21,1
787CC1,1
品质,1
30%,1
加紧,1
新加坡航空公司,1
SAAB,1
林雪平,1
东哥特,1
兰,1
Janes,1
PredatorB,1
ELS,1
上该,1
招标书,1
智汇网,1
1.164,1
499,1
ATACMS,1
拉贾斯坦邦,1
纳格,1
五种,1
明显提高,1
vektor,1
调频,1
源,1
出能,1
搬运,1
省自,1
精简,1
SOCOM,1
Insitu,1
4.75,1
7B,1
影子,1
黑杰克,1
最为,1
阿斯特拉罕,1
金刚石,1
安泰,1
自称,1
巴拉特,1
从事,1
RBE,1
能手,1
方据,1
TersusGNSS,1
OEM,1
IMU,1
集成系统,1
GPSL1,1
L2GLONASS,1
BDS,1
捷联,1
无论,1
遮挡,1
绝对,1
航向,1
俯仰,1
横滚,1
观察,1
爱德华兹,1
成熟性,1
复合,1
大修,1
MRO,1
国防科技,1
指导,1
着力,1
国防部门,1
twitter,1
B52H,1
发言人,1
戴维斯,1
东欧地区,1
实行,1
驱离,1
加剧,1
矛盾,1
AdvancedHawk,1
机首,1
转弯,1
攻角,1
市场需求,1
兵,1
戈洛夫,1
克拉,1
斯诺达尔,1
斯克,1
在短期内,1
会聚,1
三项,1
第三项,1
这三项,1
难题,1
已有,1
难缠,1
SPIKE,1
SpikeLRIISpikeLRII,1
5.5,1
SPIKELRII,1
有赖于,1
欧等国,1
护盾,1
SHIELD,1
不同于,1
致盲,1
制导系统,1
能差,1
强国,1
差距,1
先进武器,1
下半年,1
这份,1
顶层,1
cnBeta6,1
航天技术,1
StratolaunchSystems,1
在建,1
Stratolaunch,1
莫哈韦,1
沙漠,1
台普惠,1
PW4056,1
590,1
余米,1
窄体,1
211,1
3200,1
相似,1
运力,1
以高展,1
舷,1
双涵,1
高速运转,1
5860,1
器上,1
一群,1
拦截器,1
弹道学,1
燃气,1
更高,1
千牛,1
望,1
空天飞机,1
守卫者,1
2751kg,1
尤马,1
7620,1
10668,1
尚余,1
128kg,1
架原,1
推延,1
1.613,1
1.813,1
申请材料,1
特别,1
1.74,1
某,1
交货,1
固定价格,1
9.49,1
这三家,1
湾,1
AAR,1
密歇根,1
豪,1
厄尔,1
Construction,1
俄勒冈州,1
哥伦比亚,1
地位,1
1832,1
1712,1
6.8%,1
239,1
247,1
维护费用,1
479,1
492,1
202,1
254,1
六代,1
2100,1
2.95,1
9600,1
4.51,1
地基,1
2.16,1
俄亥俄州,1
皮伯斯,1
台上,1
沙特阿拉伯,1
一揽子,1
支奴干,1
沙美,1
军火交易,1
军火,1
Aurora,1
机器,1
视觉,1
平板,1
电脑,1
接口,1
语音识别,1
失能,1
3.99,1
482,1
15000,1
美国国会参议院,1
监察,1
长对,1
凯恩,1
多位,1
质疑,1
回绝,1
聚集,1
推算出,1
在昌迪普,1
5F,1
司,1
司长,1
谢尔盖,1
叶梅,1
利亚,1
占领,1
份额,1
爱德华,1
数值,1
频发,1
坠落,1
掉落,1
被称作,1
Safe2Ditch,1
诊断,1
检索,1
着陆点,1
数据库,1
废热,1
低据,1
Inmarsat,1
巴姆,1
SATCOM,1
InmarsatSwiftBroadband,1
拟用,1
CobhamSATCOM,1
AVIATORUAV200,1
1.45,1
盒子,1
同类产品,1
轻,1
76%,1
比特率,1
实时控制,1
平行,1
UAC,1
双引擎,1
逐步完善,1
ASDNews5,1
TF,1
奥斯曼,1
奥,1
基亚,1
伙伴关系,1
432,1
内利斯,1
Reaper,1
时察,1
杰达姆,1
气象条件,1
负担,1
试验报告,1
优于,1
切换,1
频率,1
手机,1
3G4G,1
专利技术,1
商业模式,1
正对,1
麦克斯韦,1
电气化,1
研究员,1
肖恩,1
克拉克,1
130Wh,1
Kg,1
锂离子,1
冗余,1
60KW,1
原位,1
台罗塔,1
克斯,1
活塞,1
P2006T,1
原始,1
展弦比,1
意,1
次于,1
便,1
央视,1
水准,1
干线,1
上海浦东国际机场,1
爬升,1
平飞,1
进近,1
复飞,1
适航证,1
西南区,1
安达曼,1
尼科巴,1
群岛,1
列装布,1
数个,1
团,1
岸上,1
拟将,1
布撒,1
橇,1
UMCS,1
背景,1
兼容性,1
数据通信,1
聚焦,1
软硬件,1
测试表明,1
互操作,1
一起,1
UnmannedSystemsNews4,1
首套,1
多份,1
简化,1
加入,1
发射台,1
电磁场,1
纽,1
贝里,1
上校,1
ADSNews4,1
UberElevateNetwork,1
eVTOLeVTOL,1
XV,1
24AX,1
Plane,1
Centaur,1
可选,1
AACUS,1
规避,1
eVTOL,1
范登堡,1
未武装,1
马绍尔群岛,1
夸贾林,1
环礁,1
6759,1
宣称,1
筹备,1
一年,1
局势,1
无关,1
资料,1
运至,1
或于,1
蓄意,1
萨德入,1
既成事实,1
面基,1
TSLM,1
SSM,1
700K,1
垂发,1
数百枚,1
列装后,1
链,1
先发制人,1
博览会,1
XFC,1
机所,1
扭矩,1
如向,1
货物,1
工业协会,1
一笔,1
3.23,1
来源,1
情报信息,1
港湾,1
机械制造,1
联合体,1
１,1
IBTimes4,1
LiliumAviation,1
VTOL,1
私人,1
百合,1
LiliumJet,1
充电电池,1
上下,1
丹尼尔,1
韦根,1
初试,1
固态,1
氮化,1
极,1
远处,1
关键设备,1
观察者,1
联名,1
废除,1
人权,1
禁售,1
约旦,1
中东国家,1
收割,1
扩大出口,1
主导者,1
邓肯,1
亨特,1
国防委员会,1
委员,1
解除武装,1
重振,1
美利坚,1
多边,1
反恐,1
Verizon,1
AATI,1
网络覆盖,1
自然灾害,1
网络服务,1
灾区,1
网络通信,1
有待,1
422,1
智能型,1
极具,1
危险性,1
核战争,1
2AB,1
21F,1
15EF,1
16C,1
DF,1
16MLUF,1
PA,1
情报机构,1
推测,1
飞毛腿,1
纪念,1
已故,1
金日成,1
诞辰,1
105,1
周年,1
阅兵式,1
意在,1
朝,1
施压,1
武力,1
示威,1
koreaherald,1
提前完成,1
LIGNex1,1
Cheongung,1
KAMD,1
对来,1
试评,1
ROC,1
美国有线电视新闻网,1
阿富汗,1
投掷,1
43B,1
9.8,1
之母,1
预防措施,1
伤亡,1
超大型,1
上部,1
后部,1
斜坡,1
装运,1
1.127,1
多弹头,1
六枚,1
诱饵,1
Unit,1
3300,1
阿拉斯加州,1
赖特,1
堡,1
机库,1
竣工,1
施工,1
埃尔门,1
多夫,1
工程兵,1
Boeing,1
舒适度,1
设计图,1
俄军方,1
前述,1
埋弹,1
吸波,1
管理器,1
TBMTBM,1
／,1
僚机,1
推理,1
跨平台,1
军种,1
美国硅谷,1
伪,1
天燕座,1
30Apus,1
遥感,1
细长,1
弯曲,1
降,1
25%,1
较重,1
翼,1
梁据,1
aerotime,1
鸟取,1
县境,1
港,1
美保,1
入列,1
日本自卫队,1
5600,1
鬼怪,1
试飞员,1
学校,1
Calspan,1
MilitaryAerospace4,1
蝉,1
手掌,1
压力,1
湿度,1
方圆,1
织就,1
疏而不漏,1
天网,1
防范,1
渗透,1
各地,1
准地,1
侦知,1
敌情,1
防患未然,1
Intelligent,1
Aerospace,1
地理位置,1
感兴趣,1
诸如,1
GoHypersonicsGHI,1
高保真,1
匹配,1
度美,1
两艘,1
地中海,1
上午,1
中部,1
沙,1
伊拉,1
军用机场,1
唐纳,1
军事行动,1
国务卿,1
蒂勒,1
森称,1
举措,1
推翻,1
统治,1
慎重考虑,1
sputniknews4,1
安恒,1
Anheung,1
有意,1
分在,1
不明飞行物,1
SLBM,1
鉴于,1
地上,1
密切,1
动向,1
以色列政府,1
弹弓,1
军工企业,1
空白,1
多层次,1
建成,1
shreveporttimes4,1
战斗人员,1
分支机构,1
236,1
166,1
文职,1
贾布洛称,1
通信卫星,1
大洋,1
边远地区,1
极地,1
圈内,1
军事设施,1
联络,1
制,1
遥测,1
超高速,1
40MB,1
s,1
上传,1
带宽,1
以太网,1
传感,1
更高据,1
南卡,1
客舱,1
330,1
11910,1
149,1
2.2,1
伦敦,1
董事会,1
售后服务,1
财政,1
管理制度,1
集中力量,1
如图,1
160SSJ100MS,1
商业化,1
Airforce,1
红外制导,1
系统对,1
振动,1
友军,1
加密,1
高科技,1
实践,1
最新动向,1
其空,1
aviationnews3,1
270,1
UASVISION3,1
杰弗里,1
卡里亚斯,1
远程目标,1
USUINews3,1
少将,1
接替,1
退休,1
波格丹,1
担任,1
特此,1
愿意,1
对峙,1
直接参与,1
一类,1
报价,1
莫迪,1
特拉维夫,1
BBCNEWS3,1
股票,1
％,1
联运,1
联通,1
旅游,1
进军,1
精密,1
轰击,1
互补性,1
定性,1
文森特,1
布鲁克斯,1
参演,1
巨大贡献,1
有益于,1
日刊,1
新闻,1
脱欧,1
Mil,1
embedded,1
纽约州,1
1770,1
极限,1
XD3,1
拒绝服务,1
DDOS,1
频段,1
阻止,1
攻击者,1
反馈,1
阿尔久,1
科夫,1
首届,1
系列产品,1
不利,1
一条,1
值得,1
借鉴,1
列昂诺夫,1
曾于,1
巴克,1
道尔,1
丰富,1
石油,1
天然气,1
权,1
俄对,1
加深,1
姿态,1
猛增,1
6780,1
增设,1
亚马逊,1
UPS,1
派送,1
快递,1
零售,1
大批,1
起步,1
1536,1
GNIITs,1
马里,1
国立大学,1
Svarog,1
陀螺仪,1
低头,1
抬头,1
瞳孔,1
转动,1
眼睛,1
真实感,1
编制,1
示范,1
Dynetics,1
江原道,1
元山,1
内阁,1
官房长官,1
菅义伟,1
记者会,1
未有,1
射,1
研判,1
由南,1
苏丹,1
首都,1
朱巴,1
瓦乌,1
余人于,1
下午,1
余人,1
所幸,1
身体状况,1
大碍,1
朱巴当,1
天下,1
大雨,1
状况不佳,1
BrahmosAerospace,1
客户名单,1
AlexanderMaksichev,1
一致同意,1
第三国,1
合研,1
时其,1
箭式,1
山姆,1
真主党,1
据点,1
多轮,1
叙以,1
再度,1
高技术,1
相连,1
甄别,1
几种,1
同温层,1
堡垒,1
劳斯莱斯,1
2050,1
2060,1
换发,1
期限,1
颗粒,1
排放物,1
凝结,1
尾迹,1
收益,1
结论,1
积极开展,1
760,1
人次,1
730,1
升限,1
6100,1
易用性,1
吉斯,1
坦省,1
巴默,1
县席,1
芙,1
卡库,1
德拉,1
跳伞,1
生还,1
这架,1
从久德浦尔市,1
事发,1
例行,1
摔成,1
彻底,1
FlyingProduction,1
Thor,1
12.5,1
负载,1
红外线,1
勘测,1
情报搜集,1
简洁,1
轴臂,1
折叠式,1
收,1
背包,1
作业,1
CNT,1
美迪,1
MetisDesignCorp,1
合作开发,1
冰,1
脱冰,1
因而,1
安定,1
整流罩,1
网络系统,1
互操作性,1
CIIF,1
数据共享,1
整支,1
北,1
全景,1
GreyEagle,1
309,1
8840,1
蝰蛇,1
天基,1
SBIR,1
金额,1
令人瞩目,1
行星,1
分区,1
ThinRedLineUSA,1
垃圾处理,1
袋,1
Modification,1
瓦特,1
外太空,1
立方体,1
板,1
Composite,1
Development,1
ERASMUS,1
机系统,1
TethersUnlimited,1
此后,1
才能,1
市场化,1
概念设计,1
款型,1
体型,1
首航,1
KBS,1
依照,1
市区,1
浪费,1
长且,1
高昂,1
控制部件,1
微观,1
改良,1
奥利,1
萨,1
BrahMos,1
MAX8,1
耗油率,1
二氧化碳,1
AFMC,1
爱伦,1
帕夫利,1
夫斯基,1
称其正,1
SDPE,1
及多域,1
技术人员,1
以兵,1
棋,1
推演,1
北达科他州,1
首度,1
度量,1
典型,1
两点,1
起落,1
航线,1
充分,1
第一版,1
不断改进,1
层压,1
纳米,1
钢中,1
层状,1
赋予,1
钢,1
骨骼,1
微,1
裂纹,1
航天器,1
损坏,1
减小,1
广阔,1
株式会社,1
东京,1
国际展览中心,1
举办,1
至约,1
处其上,1
摄像,1
器材,1
影像,1
伊势,1
志摩,1
峰会,1
海战,1
SPAWAR,1
OCOMMS,1
水深,1
传输速率,1
比特,1
著名,1
简称,1
大城市,1
南亚地区,1
KishoreJayarama,1
达拉斯,1
尾梁,1
配电,1
形状,1
桨叶,1
计算机辅助,1
数周后,1
3600,1
订货,1
季度,1
印证,1
较大型,1
直到,1
微型化,1
15F,1
为止,1
只用,1
数千,1
远高于,1
常规武器,1
莫斯科大学,1
物理学家,1
铝,1
钛合金,1
超轻型,1
耐受,1
环氧树脂,1
基体,1
熔解,1
粘度,1
成本低,1
称萨德,1
含,1
运抵,1
乌山,1
韩政府,1
否认,1
鹞鹰,1
对萨德,1
Bye,1
长距离,1
旅行,1
图波列夫,1
波,1
埋式,1
最大化,1
延迟,1
今年夏天,1
霍洛曼,1
预示,1
实质性,1
邀请,1
所研,1
如今,1
节约,1
原由,1
陈大光,1
扎克,1
阿哈,1
诺维奇,1
商谈,1
Delilah,1
187,1
以后,1
2006,1
洽谈,1
反对派,1
沙姆人,1
坠落在,1
土,1
东南部,1
送,1
就医,1
恐怖分子,1
拉塔基亚,1
NHK,1
今天,1
东仓里,1
四枚,1
专属经济区,1
收到,1
损失,1
AMC,1
卡尔顿,1
埃弗,1
哈特,1
不是,1
夏季,1
圆滑,1
曲面,1
USTR,1
议程,1
主张,1
原封不动,1
世界贸易组织,1
WTO,1
争端,1
无视,1
国际贸易,1
规则,1
走,1
国内法,1
迈向,1
自由化,1
相悖,1
一半,1
贸易逆差,1
对华贸易,1
警惕,1
对华,1
征收,1
高额,1
关税,1
更轻且,1
传导性,1
传热,1
宇航服,1
自然科学,1
NatureScientificReports,1
pib,1
7.5,1
ParagonParagon,1
动,1
Paragon,1
60%,1
反映,1
几周,1
内沿,1
快速反应,1
反应时间,1
欲,1
两月,1
历届,1
之,1
卡尔,1
文森号,1
核动力,1
战略武器,1
演从,1
第一天,1
推向,1
剑拔弩张,1
通话,1
坚定不移,1
必将,1
反制,1
Splav,1
Smerch,1
装入,1
比用,1
载体,1
灵活,1
易地,1
出让,1
周边国家,1
坚决,1
强烈不满,1
审理,1
财会,1
在野党,1
公明党,1
赞成票,1
占多数,1
表决,1
送交,1
天内,1
议决,1
强力,1
推行,1
安倍,1
经济学,1
通货紧缩,1
兆,1
4547,1
年创,1
540,1
公共安全,1
历史性,1
紧迫,1
时刻,1
晚间,1
演讲,1
金属产品,1
煤炭,1
铁,1
铁矿石,1
铜镍,1
银,1
锌,1
对朝,1
落实,1
2321,1
值得注意,1
半个,1
国际标准化组织,1
审批,1
产经,1
增多,1
境外,1
看好,1
高尔夫,1
俱乐部,1
土地,1
PAL,1
910,1
串列,1
标准版,1
时车,1
桨,1
顶部,1
片,1
该车,1
里程,1
1315,1
138,1
157,1
单人,1
先期,1
基金会,1
神经系统,1
德米特里,1
乌斯宾,1
斯基称,1
灵敏,1
构件,1
细微,1
简氏,1
重新启动,1
31BM,1
三角旗,1
过反,1
ASM,1
135,1
反卫,1
复兴,1
延续,1
普拉特,1
超高,1
齿轮,1
传动,1
第一代,1
提供商,1
微软,1
风投,1
领投,1
B轮,1
筹集,1
参投,1
索尼,1
哪些地方,1
南加州,1
飞行轨道,1
运算,1
法则,1
有着,1
相互协作,1
多角度,1
HAL,1
外界,1
跃升,1
缝翼,1
Hoversurf,1
骑乘,1
首台,1
经,1
真人,1
消费,1
承重,1
京东,1
陕西省政府,1
陕西省,1
全域,1
四省,1
许可,1
下行,1
农,1
特产品,1
上行,1
通航,1
阿拉巴马州,1
新材料,1
羧甲基,1
纤维素,1
2%,1
美国能源部,1
国外,1
碳素,1
业,1
股权,1
官邸,1
架机,1
应答,1
呼叫,1
非法,1
执法,1
委托,1
还应,1
布拉,1
莫斯航宇,1
制度,1
MTCR,1
陆射型,1
舰射型,1
印军,1
互通,1
互用,1
网关,1
AirborneGateway,1
MADL,1
格式,1
读取,1
组网,1
传递数据,1
克拉克空军基地,1
50PH,1
阿诺德,1
曼兹塔,1
总指挥,1
埃德加,1
福劳瑞纳,1
交机,1
金鹰,1
改研,1
两域,1
尚有,1
PreliminarySafetyReview2017,1
事故率,1
0.0003%,1
43%,1
安全事件,1
发生率,1
0.00016%,1
38%,1
侧翻,1
系统故障,1
诺基亚公司,1
即时,1
兆比特,1
3G,1
急救,1
应用程序,1
地向,1
照片,1
被困,1
灾情,1
工,1
攻关,1
穆拉,1
霍夫斯,1
基称,1
JetWaveTM,1
Wi,1
Fi,1
体验,1
浏览,1
网页,1
查收,1
邮件,1
音乐,1
网络连接,1
GXAviationKa,1
媲美,1
家中,1
网速,1
在线,1
QWK,1
特力,1
戴,1
布朗,1
KBR,1
猛禽,1
哈里斯,1
美澳,1
军力,1
18A,1
一同,1
北领地,1
区,1
昆士兰州,1
进攻,1
放在,1
遏制,1
崛起,1
代尔夫,1
不足以,1
朝着,1
全电,1
中间,1
226,1
49.5%,1
50.5%,1
董事长,1
瓦尔纳,1
朱称,1
2007,1
阿斯特拉,1
印合研,1
试制,1
敲定,1
期待,1
国合,1
研的布,1
军事装备,1
深入,1
周边环境,1
罗戈津,1
一般,1
指,1
人士,1
2.23,1
甲虫,1
AM,1
375,1
布鲁塞尔,1
那不勒斯,1
秘书长,1
斯托尔,1
滕,1
贝格,1
北非地区,1
建立联系,1
其是,1
危机,1
合金,1
由格洛纳斯,1
有生力量,1
格洛纳斯,1
偏差,1
数米,1
尺度,1
数百米,1
误差,1
完备,1
航空展,1
BS,1
达诺,1
阿,1
亲自,1
周期长,1
饱受,1
斥,1
巨资,1
MK1A,1
纽约时报,1
伊斯坎德尔,1
营该,1
曝光,1
东方,1
2500,1
参议员,1
麦凯恩,1
俄方,1
中导,1
美苏,1
公约,1
欧美军,1
俄国家杜马,1
国际事务,1
斯卢茨基,1
此番,1
适逢,1
竭力,1
空缺,1
之际,1
本周一,1
顾问,1
弗林,1
辞职,1
而言,1
仍然,1
31FP,1
Air,1
Cosmos,1
报刊,1
自筹资金,1
鸭式,1
克里莫夫,1
VK,1
1.8,1
外挂,1
Larsen,1
ToubroL,1
TMBDA,1
日益增长,1
49%,1
FDI,1
RC,1
135W,1
两天,1
飞近,1
4138,1
米尔登,1
霍尔,1
9400,1
沿着,1
边界地区,1
加里宁格勒州,1
靠近,1
克里米亚,1
道路,1
政府首脑,1
Ehang,1
试运营,1
CES,1
展出,1
人工,1
器官,1
产业,1
试车,1
船身,1
悬臂,1
单翼,1
及前,1
三点,1
收放,1
选装,1
53.5,1
汲水,1
投水,1
救火,1
余平方米,1
抗浪,1
森林,1
环境监测,1
岛礁,1
三剑客,1
战略意义,1
运,1
比肩,1
珠海,1
阿斯塔,1
波夫,1
管理机构,1
炮兵,1
保障部门,1
海军基地,1
边境地区,1
检查和,1
省正,1
谋求,1
2032,1
总成本,1
205,1
财政状况,1
省称,1
及洛马,1
身高,1
m,1
净重,1
200kg,1
半小时,1
117kg,1
入座,1
交通局,1
全力,1
争取,1
按时,1
地为,1
多数,1
遣派,1
ATR,1
ONERA,1
低阻,1
洁净,1
Etriolla,1
460,1
1460,1
52%,1
进口额,1
增涨,1
22%,1
452,1
财政年度,1
军售,1
的话,1
岛,1
大地,1
2000km,1
弹是,1
PAD,1
地层,1
芳,1
岘,1
尚且,1
芦洞,1
舞,1
非洲,1
际,1
构成威胁,1
美联社,1
谴责,1
昆虫,1
般,1
传播,1
花粉,1
底部,1
沾,1
腹毛,1
授粉,1
伪装,1
光源,1
避开,1
只能,1
添加,1
专家组,1
俄制,1
探讨,1
机件,1
亟待,1
Sustainment,1
Block,1
其全,1
亚太,1
军事战略,1
经费不足,1
机群,1
不佳,1
62%,1
或待,1
总体,1
趴窝,1
过高,1
眼下,1
窘境,1
归咎于,1
机制,1
开支,1
民用型,1
试航,1
该软件,1
生命,1
迹象,1
过于,1
漫长,1
短期内,1
太空站,1
地下,1
深空,1
仅剩,1
发表声明,1
股东,1
萨伯和洛,1
50A,1
KAI,1
4F,1
PTDirgantara,1
PTDI,1
前往,1
timesofindia,1
东南亚,1
技术培训,1
总参谋部,1
名土军,1
俄联邦,1
死亡,1
另有,1
致电,1
埃,1
尔多,1
安对,1
误炸,1
致歉,1
哀悼,1
不幸,1
俄土,1
调查组,1
此事,1
两国关系,1
一度,1
僵化,1
友好关系,1
SiC,1
集成电路,1
表面,1
高热,1
521,1
规划系统,1
EUCLID,1
拟邀,1
泵浦,1
各型,1
超标,1
对象,1
聘请,1
美国宇航局,1
资深,1
MarkMoore,1
近海,1
战斗舰,1
进攻性,1
跨部门,1
公告,1
手势,1
触碰,1
触感,1
秋季,1
地面站,1
人机,1
便携式,1
战舰,1
卡车,1
400kg,1
基础设施,1
部将,1
管理软件,1
757737,1
摩西,1
莱克,1
困扰,1
先前,1
115,1
里根,1
战斗群,1
省及,1
晚上,1
3Block2A,1
保罗,1
琼斯,1
驱逐舰,1
发射成功,1
姿轨,1
舵,1
二,1
美日,1
两基,1
南省,1
防空演习,1
3.5,1
万平方公里,1
美国财政部,1
圣城,1
个人,1
实体,1
NAWCWD,1
引信,1
非对称,1
可肩,1
扛,1
锡,1
拉丘兹,1
套反,1
沉默,1
弓箭手,1
SilentArcher,1
显示屏,1
慢速,1
ceramicmatrixcomposite,1
一轮,1
累积,1
碎屑,1
灰尘,1
新任,1
如期,1
安保,1
室长,1
金宽,1
镇,1
会晤,1
时称,1
关系密切,1
和平,1
严惩不贷,1
令其,1
转达,1
高度重视,1
期望,1
金属材料,1
三大,1
巡查,1
航测,1
农林,1
植保,1
海岛,1
局限性,1
505JetRangerX,1
拉贝尔,1
单发,1
525,1
停飞,1
零备件,1
超低空,1
状况,1
经济性,1
考量,1
德黑兰,1
南,1
Semnan,1
1010,1
发生爆炸,1
社会,1
日应,1
紧急会议,1
美驻,1
哈利,1
提高警惕,1
呼吁,1
就此,1
采取行动,1
外交部长,1
里夫,1
并非,1
伊核,1
举出,1
印海军,1
许可证,1
资产重组,1
成本费用,1
冷却,1
短距,1
省油,1
2200,1
单一,1
大涵,1
平流层,1
携有,1
70000,1
21336,1
情形,1
2029,1
海王,1
加热,1
UTRC,1
电气,1
宫永俊,1
业绩,1
供,1
俄式,1
价格昂贵,1
29K,1
缺乏,1
室内环境,1
兼备,1
机器学习,1
潜质,1
但离,1
抗,1
电磁干扰,1
漏洞,1
失去,1
ALQ,1
248,1
如俄日,1
炙,1
红宝石,1
东风,1
吸引,1
各大,1
如雷,1
神诺,1
最初,1
揭开,1
永久,1
帷幕,1
表达,1
太平洋地区,1
18D,1
52H,1
ALCMAGM,1
ALCM,1
由美,1
AFGSC,1
有序,1
发出,1
申请书,1
四轴,1
减速,1
锻,1
破片,1
EFP,1
引爆,1
日期,1
日据,1
MalloyAeronautics,1
SURVICE,1
矩形,1
Hoverbike,1
数千米,1
大大增加,1
363,1
激发,1
大气,1
透镜,1
防护装置,1
皮纳卡,1
ARDE,1
伊玛,1
RCI,1
DRDL,1
车载,1
年产量,1
3.28,1
艾姆斯,1
利用计算机,1
模型模拟,1
依靠,1
离开,1
两度,1
LPMP,1
平克尼号,1
沿,1
末段,1
俯冲,1
五年,1
拉汉姆,1
内尔,1
防,1
哈丽雅特,1
鲍德温,1
2.69,1
CROWSNEST,1
伊丽莎白,1
女王,1
航空母舰,1
AAM,1
4B,1
AAM4,1
原则,1
西北部,1
普列谢茨克,1
发射场,1
勘察,1
头,1
万千米,1
快且,1
能作,1
变轨,1
很强,1
腾讯,1
中国香港,1
伊斯坦布尔,1
吉尔吉斯,1
坦,1
玛纳斯,1
冲向,1
一座,1
人口,1
村庄,1
儿童,1
其余,1
死者,1
村民,1
747,1
TK6491,1
ACT,1
机龄,1
出事,1
满布,1
浓雾,1
吉国,1
当局,1
机师,1
人为,1
主因,1
nation,1
驻美,1
贾利勒,1
阿巴斯,1
新年,1
午宴,1
美国政府,1
称巴美,1
美国会,1
拒绝,1
以至于,1
巴方,1
搁浅,1
纸质,1
单程,1
两倍,1
操作界面,1
驾驶员,1
纸飞机,1
疫苗,1
药品,1
识别系统,1
抗干扰性,1
误伤,1
35S,1
AUS,1
加氢,1
仅限于,1
一大步,1
佐治亚,1
理工学院,1
产品设计,1
集聚,1
ADAPT,1
切割,1
本身,1
周转,1
三天,1
相结合,1
奥斯陆大学,1
第一步,1
Next,1
GenerationUnmannedUnderseaSystems,1
版该,1
庞大,1
官,1
吉尔摩,1
数百种,1
德克萨斯州,1
储备,1
希尔,1
伯灵顿,1
国民,1
警卫队,1
莱肯,1
西斯,1
垄断,1
纤维材料,1
宇部,1
兴产,1
炭精,1
电极,1
美国通用电气,1
镍合金,1
改由,1
尖端,1
耗油量,1
订单数,1
用量,1
APY9,1
玻璃,1
FDNF,1
创,1
共向,1
688,1
8%,1
635,1
545,1
A320,1
架为,1
A380,1
40%,1
成就,1
宽体,1
两款,1
A321neo,1
172,1
带,1
耦合,1
FMS,1
一台,1
MFD,1
双余度,1
处理单元,1
总线,1
ARINC739,1
CDU,1
弹跳,1
升空,1
博格,1
缓冲,1
掉,1
钢索,1
便是,1
费钱,1
起飞时,1
操纵,1
AES,1
探雷,1
航道,1
濒海,1
封闭,1
海峡,1
两栖作战,1
雷场,1
装,1
拆,1
外军,1
MCH,1
出可达,1
但舞,1
洲际导弹,1
观点,1
钚,1
储量,1
已达,1
50kg,1
太勇浩称,1
歼敌,1
核潜艇,1
弹长,1
三次,1
随即,1
出台,1
制约,1
排除,1
印度洋,1
奥尚,1
纳西,1
复杂化,1
理查森,1
卡姆,1
两支,1
其非,1
对称性,1
平衡,1
TrentXWB,1
标准型,1
900,1
第三架,1
数周,1
executivegov,1
核导弹,1
实践性,1
调度,1
范畴,1
探究,1
重新部署,1
茹玛,1
Yuma,1
出发,1
钢铁,1
骑士,1
阿卡什,1
1990,1
两枚,1
Mk,1
两弹,1
靶机,1
成形,1
热衷于,1
OCCAR,1
地狱火,1
Rafael,1
由法德,1
主导,1
能源部,1
NNSA,1
延寿,1
LEPLEP,1
划分,1
子系统,1
整弹,1
抗辐射,1
加固,1
3B61,1
4B61,1
空爆,1
触地,1
钻地型,1
事业部,1
RDL,1
商业机会,1
FedBizOpps,1
防护系统,1
紧凑型,1
耐用,1
大功率,1
跨音速,1
突出,1
TUNA,1
不可,1
用时,1
主干,1
数据网络,1
浮标,1
纤细,1
超小,1
足以,1
系统验证,1
沈阳,1
辽宁,1
水热,1
可靠,1
320,1
至此,1
环境友好,1
低噪声,1
新能源,1
热点,1
箔条,1
布洒器,1
103,1
林肯,1
试验室,1
抛弃,1
大脑,1
间或,1
控制站,1
相互,1
DIUx,1
网络应用,1
DDN,1
站点,1
SMF,1
彼得大帝,1
军事学院,1
ClearFlightSolutions,1
Robirds,1
试用,1
多年,1
民用机场,1
创下,1
重量级,1
272,1
米左右,1
小规模,1
建制,1
各军区,1
8AMTSh,1
贴,1
4900,1
文字,1
语音,1
流,1
情报界,1
政府部门,1
受益,1
存贮器,1
汉斯,1
CROWS,1
各个,1
抗赛,1
博,1
AirForceCyberCampaignPlan,1
月末,1
Tu,1
联邦政府,1
营销,1
俄政府,1
统计数据,1
合理,1
现状,1
亿比索,1
6.9,1
为菲,1
老旧,1
OV,1
野马,1
来源于,1
信托,1
基金,1
商需,1
后勤保障,1
年末,1
总价,1
洛马诺,1
格雷,1
神,1
山脉,1
开发阶段,1
EMD,1
戴夫,1
古德芬,1
取决于,1
现实,1
拉脱维亚,1
边疆地区,1
多达,1
140,1
俄空军,1
逐年,1
较为,1
工程系,1
穆罕默德,1
加达,1
拿,1
后仅,1
无毒,1
无害,1
川崎,1
进行谈判,1
3C,1
竞争对手,1
物联网,1
尖端技术,1
减产,1
形势,1
汇率,1
波动,1
航空事业,1
营运,1
艰难,1
难关,1
来看,1
正由,1
大型机,1
中小型机,1
各家,1
猎户座,1
3CK,1
日本海,1
日常,1
鱼叉,1
深水,1
操作失误,1
当时,1
伤害,1
财产损失,1
炸药,1
扫雷舰,1
打捞,1
两三个,1
氢气,1
东北,1
突破性,1
Department13,1
幻术,1
而是,1
通信协议,1
黑镖,1
MITRE,1
挑战赛,1
决赛,1
国土安全部,1
司法部,1
上约,1
75%,1
90%,1
原有,1
一些,1
技术标准,1
署,1
KATS,1
国家标准,1
KSW9000,1
六大,1
五大类,1
万米,1
依据,1
分成,1
调节,1
插入式,1
卸载,1
第三阶段,1
认可,1
