卫星,516
发射,413
太空,383
火箭,257
NASA,207
美国,204
系统,193
轨道,171
航天,132
飞船,102
运载火箭,98
地球,96
发动机,90
SpaceX,89
探索,87
商业,84
月球,82
火星,82
中国,78
俄罗斯,74
日本,73
服务,72
试验,71
通信,63
空间,60
航小宇,59
飞行,57
猎鹰,57
探测,56
联盟,52
太空站,52
宇宙,49
颗,49
欧洲,48
望远镜,46
数据,45
千克,45
载人,44
导弹,44
通信卫星,43
型,43
探测器,43
中心,40
验证,39
星,37
外空,37
航天器,37
空间站,37
导航,37
小,36
小型,36
宇航员,35
推进,34
搭载,33
印度,33
地面,33
时间,32
送入,32
进入,31
千米,31
空军,31
颗卫星,31
美国国家航空航天局,31
俄,29
观测,29
平台,29
星际,29
作战,29
货运,29
回收,29
信息,28
2019,28
弹道导弹,28
燃料,27
安全,27
GPS,27
同步,27
深空,27
首颗,26
遥感,26
设备,26
阿里安,26
载荷,25
表面,25
轨,25
防御,25
吨,25
自主,25
下一代,24
小行星,23
图像,22
星座,22
飞行器,22
3D打印,22
运载,22
航空,22
一颗,22
拟,22
器,21
空军基地,21
航天中心,21
拟于,21
机器人,21
波段,20
韩国,20
激光,20
重复使用,20
需求,20
发射场,20
方案,20
两个,20
英国,20
生命,20
腾讯,20
距离,19
阶段,19
智汇,19
着陆,19
该项,19
分别,19
对接,19
首个,19
最终,19
近地,19
第一级,19
质量,19
波音公司,19
美军,19
存在,19
次,19
有效载荷,18
寿命,18
美国空军,18
太阳,18
基地,18
侦察,18
拦截,18
JAXA,18
韦伯,18
重量,17
携带,17
特朗普,17
军事,17
威胁,17
猎户座,17
龙,17
法案,17
现有,16
ATK,16
两颗,16
无人,16
共同,16
故障,16
联邦,16
监测,16
有关,16
朝鲜,16
詹姆斯,16
雷达,16
实验,15
集成,15
需,15
依赖,15
100,15
海洋,15
第,15
送往,15
准备,15
航天飞机,15
信号,15
补给,15
材料,15
着,15
升空,15
军用,15
X,15
部分,14
着陆器,14
年底,14
政策,14
移动,14
M,14
推力,14
大,14
海上,14
网络,14
本次,14
用户,14
防务,14
区域,14
因此,14
登陆,14
传感器,14
高度,14
重,14
具备,13
天顶,13
光学,13
系列,13
促进,13
伽利略,13
碎片,13
预算,13
肯尼迪航天中心,13
仅,13
维珍,13
更好,13
潜在,13
最,13
功率,13
厘米,13
重约,13
提出,13
运送,13
一枚,13
木卫二,13
资助,13
大气,12
意大利,12
高分辨率,12
授予,12
年初,12
要,12
继续,12
客户,12
导航系统,12
跟踪,12
武器,12
不仅,12
台,12
点,12
传输,12
追梦者,12
随后,12
空客,12
功能,12
卡纳维拉尔角,12
考虑,12
太平洋,12
舱,12
SLS,12
木星,12
马丁,12
现已,12
概念,12
成熟,12
发生,12
微型,11
其它,11
签订,11
卫星平台,11
航天工业,11
组装,11
2021,11
信息网,11
RD,11
满足,11
保护,11
拜科努尔,11
配备,11
总统,11
太阳系,11
纳,11
金属,11
带来,11
重型,11
试射,11
转移,11
指挥,11
高空,11
神,11
卫星通信,11
波音,11
马斯克,11
模块,11
标志,11
局,11
铱星,11
条件,11
启动,11
电池,11
洛克希德,11
航空航天,10
天地,10
信息网络,10
整个,10
三个,10
航空工业,10
组件,10
液氧,10
监视,10
具体,10
做,10
事故,10
天气,10
即,10
无人机,10
届时,10
陆地,10
降落,10
释放,10
大气层,10
独立,10
洛马,10
行星,10
分辨率,10
态势,10
升级,10
天体,10
2022,10
测量,10
复合材料,10
因,10
操作,10
温度,10
上空,10
萨德,10
太空飞行,10
发射系统,10
项,10
模拟,10
180,9
摆脱,9
欧洲航天局,9
欧元,9
曾,9
实施,9
把,9
情报,9
大幅,9
规划,9
反,9
决定,9
成像,9
引擎,9
红外,9
控制系统,9
预警,9
仪器,9
确定,9
变化,9
DARPA,9
相机,9
交付,9
ISRO,9
每年,9
批准,9
评估,9
太阳能,9
范登堡,9
为期,9
固体,9
目的,9
•,9
迄今,9
进步,9
由于,9
一是,9
种子岛,9
准,9
构成,9
精确,9
办公室,9
仍,9
37B,9
拥有,9
防卫,9
则,9
登月,9
ESA,9
尚未,9
授时,9
ULA,9
随着,9
显示,9
土星,9
仅为,9
该星,9
欧空局,8
立方,8
能源,8
互联网,8
按照,8
200,8
发送,8
周期,8
法国,8
科研,8
共,8
自动,8
延长,8
纪录,8
再,8
多个,8
工业,8
×,8
视频,8
高速,8
水,8
物质,8
超声速,8
原因,8
天基,8
对于,8
段,8
起源,8
哨兵,8
一号,8
国防,8
第二次,8
演习,8
飞机,8
货物,8
法属圭亚那,8
设施,8
千瓦,8
最新,8
面临,8
天,8
基础设施,8
长期,8
当前,8
再次,8
谷神星,8
尺寸,8
助推器,8
火箭弹,8
最高,8
经济,8
纳米,8
宽带,8
两种,8
及其,8
任何,8
两次,8
均,8
ISS,8
拖船,8
新一代,8
极端,8
中程,8
MDA,8
财年,8
微小,8
数字,8
创造,8
安装,8
风洞,8
打造,8
无法,8
今日,8
演示,8
授权,8
装配,7
体积,7
航天局,7
一体化,7
分,7
甲烷,7
管理局,7
数量,7
风险,7
并未,7
构建,7
低成本,7
机,7
500,7
巨大,7
点火,7
波束,7
若,7
状态,7
一定,7
对抗,7
一部分,7
司令部,7
秒,7
OneWeb,7
站,7
恢复,7
库鲁,7
各种,7
形式,7
关于,7
期间,7
前往,7
费用,7
预测,7
数据传输,7
以色列,7
推力器,7
化,7
覆盖,7
MS,7
佛罗里达州,7
二是,7
三是,7
Ka,7
旅行,7
引力波,7
黑洞,7
WGS,7
部件,7
该型,7
动力,7
质子,7
新技术,7
金星,7
预期,7
垃圾,7
寻找,7
哈勃,7
精度,7
德国,7
致力于,7
首飞,7
运输,7
1000,7
2024,7
模型,7
送,7
中子星,7
多种,7
产业,7
逾,7
继而,7
加注,7
透露,7
蓝色,7
奥巴马,7
车,7
总,7
如果,7
氧化剂,7
推进器,6
芯片,6
Ku,6
公里,6
主,6
全电,6
本国,6
第一阶段,6
一步,6
巡视,6
喷气,6
全面,6
获取,6
了解,6
采购,6
攻击,6
左右,6
连接,6
漫游,6
亚,6
试飞,6
GLONASS,6
活动,6
全,6
预定,6
称为,6
行业,6
推进剂,6
发射台,6
天线,6
美国陆军,6
首批,6
保障,6
类型,6
拍摄,6
模式,6
冲突,6
一次,6
返回,6
最早,6
A,6
劳拉,6
地点,6
迹象,6
可达,6
1.2,6
加速,6
举行,6
美国宇航局,6
私人,6
服务公司,6
直径,6
部门,6
框架,6
弹性,6
碰撞,6
BE,6
年内,6
广泛,6
物资,6
小时,6
属于,6
回声,6
完全,6
原型,6
战,6
混合,6
机会,6
检查,6
早期,6
配置,6
造成,6
表明,6
美国国会,6
任命,6
取得,6
应,6
台湾,6
GPSIII,6
抗干扰能力,6
可行性,6
特殊,6
反导,6
哈萨克斯坦,6
按,6
2030,6
勘测,6
希腊,6
赛峰,6
第二阶段,6
欧盟,6
首席,6
改进,6
2014,6
近年来,6
鹿儿岛县,6
载有,6
电子,6
二级,6
普,6
赛克,6
星球,6
碳纳米管,6
星系,6
辐射,6
液体燃料,6
价格,6
气候,6
欧亚,6
JWST,6
公斤,5
C,5
转发器,5
微,5
收购,5
制造商,5
H2A,5
300,5
转向,5
逐步,5
情报局,5
初步,5
进而,5
融资,5
创下,5
新兴,5
尝试,5
蓝源,5
飞行高度,5
运作,5
涵盖,5
领导,5
萨里,5
定位,5
月份,5
资源,5
打算,5
专利,5
创始人,5
缩短,5
副,5
无线电,5
S,5
2.1,5
宇航,5
后续,5
重点,5
低轨,5
宽,5
为此,5
关注,5
强调,5
初创,5
建成,5
增设,5
起飞,5
程度,5
以便,5
称该,5
工程,5
年前,5
到达,5
BAE,5
指挥官,5
创建,5
船舶,5
内华达,5
山脉,5
3000,5
迅速,5
卫星网络,5
阿莱尼亚,5
预防,5
如何,5
电力,5
承担,5
更大,5
采集,5
～,5
不断,5
结果,5
隼,5
战术,5
整合,5
研的,5
打破,5
霍尔,5
评审,5
最后,5
受到,5
处于,5
铱,5
QZSS,5
日本政府,5
扫描,5
确认,5
高达,5
通用,5
感知,5
算法,5
两国,5
加入,5
普列谢茨克,5
共有,5
转换,5
零部件,5
主管,5
恒星,5
此,5
超,5
地面站,5
科学实验,5
洲际,5
2.5,5
不会,5
申请,5
阿丽亚娜,5
超小型,5
完善,5
日晚,5
人民币,5
逃逸,5
夏威夷,5
加纳,5
更换,5
射程,5
萨迪什,5
达万,5
接受,5
机制,5
埃隆,5
一直,5
特点,5
之一,5
软件,5
气象,5
分离,5
雷蒙德,5
提案,5
之后,5
卡西尼,5
NROL,5
震动,5
爆炸,5
虚拟现实,5
免受,5
外,5
外星,5
储箱,5
第一个,5
汽车,5
研造,5
后者,5
制导,5
立方体,5
美政府,5
出口,5
泵,5
X射线,5
白宫,5
液氦,5
借助,4
变轨,4
路,4
地区,4
年据,4
摄像机,4
热,4
真空,4
燃烧,4
普罗米修斯,4
购买,4
多家,4
承诺,4
私营,4
FCC,4
维护,4
调整,4
试验场,4
接近,4
单级,4
启用,4
方向,4
外国,4
资产,4
扩展,4
1.5,4
卫讯,4
入轨,4
度,4
位置,4
提交,4
以上,4
国防部,4
杰夫,4
B,4
更加,4
多次,4
800,4
强度,4
安全性,4
领导人,4
军方,4
频率,4
SBIRS,4
取代,4
极轨,4
元素,4
成分,4
样品,4
光谱,4
陆地卫星,4
减小,4
旗帜,4
军事行动,4
初始,4
反应堆,4
行动,4
空中,4
组合,4
国产,4
加州,4
接入,4
加快,4
测绘,4
搜寻,4
宇宙飞船,4
家,4
瑞士,4
接替,4
基金,4
顺利,4
威慑,4
每,4
或者,4
大小,4
工具,4
标准,4
已于,4
战场,4
操控,4
地形,4
接收,4
长,4
军演,4
审查,4
架构,4
电源,4
阿,4
两家,4
一年,4
低温,4
以来,4
机械,4
SES,4
证据,4
可能性,4
组网,4
H,4
连续,4
2023,4
公开,4
新闻,4
能量,4
高温,4
马歇尔,4
实时,4
识别,4
世纪,4
年代,4
之旅,4
代号,4
美俄,4
没有,4
传回,4
间,4
时代,4
一系列,4
亚马逊,4
电视,4
厚度,4
挑战,4
指导,4
观察,4
土卫二,4
福卫,4
人造卫星,4
传送,4
量子,4
量子通信,4
光,4
太空中心,4
部队,4
第三颗,4
效应,4
托木斯克,4
模块化,4
枚,4
GMD,4
静,4
弹,4
未能,4
生存,4
可靠性,4
历史,4
各项,4
智汇网,4
路线,4
取消,4
处,4
每秒,4
水星,4
交会,4
最重,4
反应器,4
电能,4
撞击,4
双子星,4
试车,4
集团公司,4
约翰,4
登陆器,4
",4
PSLV,4
制图,4
首先,4
极大,4
引力,4
港,4
拦截器,4
防御能力,4
近,4
IRNSS,4
原子钟,4
星钟,4
核聚变,4
去,4
执行官,4
简化,4
频谱,4
内部,4
难题,4
掌握,4
推迟,4
以期,4
K2,4
定位系统,4
型号,4
曾于,4
苏联,4
ESO,4
靶标,4
吨重,4
GSA,4
新任,4
111,4
继,4
放弃,4
月球车,4
阿波罗,4
H3,4
选择,4
披露,4
环,4
戈达德,4
商,4
智能,4
解体,4
滑翔机,4
分布,4
然而,4
保证,4
器件,4
北约,4
总计,4
EchoStar23,4
在内,4
马铃薯,4
疲劳,4
格林,4
运营商,4
凌晨,4
头盔,4
化合物,4
局长,4
不能,4
一箭,4
建筑,4
航宇,4
着陆点,4
当局,4
规则,4
RCI,4
第三级,4
太空服,4
FAA,4
eROSITA,4
冻原,4
管制,4
清单,4
氦,4
安加拉,3
借此,3
界,3
二氧化碳,3
偏振,3
极,3
声学,3
AFRL,3
助推,3
液体,3
地球科学,3
审核,3
中将,3
该份,3
优势,3
美国联邦,3
MEV,3
延寿,3
常规,3
谢泼德,3
垂直,3
游客,3
商用,3
指令,3
指示,3
提及,3
带回,3
物联网,3
10cm,3
完整,3
SSTL,3
生成,3
容量,3
技术开发,3
涉及,3
土壤,3
一台,3
合金,3
修改,3
通讯,3
导弹系统,3
俄罗斯联邦,3
远程,3
总理,3
失败,3
事务,3
维加,3
低地,3
选定,3
高能,3
美国国防部,3
展示,3
陆军,3
美国政府,3
Earth,3
i,3
特别,3
700,3
尺度,3
征询,3
敌方,3
科学仪器,3
中子,3
伽马射线,3
250,3
美国防部,3
空射,3
一些,3
虚拟,3
跑道,3
前后,3
第二轮,3
CRS,3
休斯,3
中旬,3
步伐,3
及时,3
泰雷兹,3
另,3
之,3
机动,3
电,3
详细,3
拍照,3
贝索斯,3
电信,3
韩星,3
5A,3
广播,3
6.5,3
探讨,3
与其,3
分为,3
动能,3
非,3
通道,3
日期,3
四个,3
指向,3
人们,3
之前,3
训练,3
站点,3
三分之一,3
黎明,3
近距离,3
Vector,3
单次,3
意味着,3
延续,3
法,3
冰,3
性质,3
样机,3
捆绑,3
多域,3
深入,3
2011,3
核裂变,3
高约,3
铀,3
即将,3
测试阶段,3
奠定,3
作,3
千牛,3
停留,3
最近,3
考核,3
大功率,3
化学,3
一体,3
挖掘,3
食物,3
172B,3
定点,3
一对,3
会议,3
监管,3
证明,3
至少,3
2A,3
追踪,3
专门,3
媒体,3
意义,3
第四次,3
超大,3
合并,3
子公司,3
预,3
冷却器,3
独特,3
沉积,3
50%,3
专业,3
附近,3
组建,3
每次,3
列,3
舍特,3
涅夫,3
整体,3
抗干扰,3
军队,3
型谱,3
理念,3
磁力,3
中型,3
综合体,3
宇宙空间,3
俄制,3
清除,3
毫米,3
烧毁,3
年度,3
JCSAT,3
GomSpace,3
保密,3
准确,3
配有,3
式,3
恶劣,3
成熟度,3
小于,3
麻省理工学院,3
带,3
协助,3
全天候,3
穿越,3
海域,3
细节,3
找到,3
揭示,3
强大,3
三倍,3
光子,3
非常适合,3
分发,3
无人驾驶,3
省,3
遏制,3
属,3
阵列,3
喷嘴,3
探路者,3
µ,3
120,3
多项,3
固态,3
现役,3
侦查,3
核武器,3
地基,3
其能,3
发射成功,3
甚至,3
05,3
名,3
驻站,3
韩联社,3
现场,3
发射能力,3
最小,3
微卫星,3
第二代,3
本土,3
游,3
半,3
上面,3
增压,3
OHB,3
改为,3
中止,3
拨款,3
煤油,3
第二级,3
V,3
最多,3
Electron,3
密封舱,3
红斑,3
速率,3
群岛,3
万元,3
接触,3
电池板,3
箭体,3
防止,3
隔热,3
二手,3
并于,3
命中,3
上午,3
2C,3
阿拉伯,3
Astrobotic,3
可靠,3
南非,3
航天技术,3
已有,3
草案,3
高精度,3
理解,3
气动,3
Cartosat,3
地球表面,3
一次性,3
相当,3
备份,3
物理,3
大规模,3
耗时,3
车辆,3
威尔逊,3
收到,3
符合,3
力,3
格洛纳斯,3
往返,3
三菱,3
路线图,3
应急,3
天文台,3
彻底改变,3
同步卫星,3
解决方案,3
空天飞机,3
快车,3
几乎,3
椭圆,3
相应,3
期望,3
压力容器,3
源,3
相继,3
大刀,3
2025,3
阻止,3
磁场,3
cnBeta5,3
体型,3
边疆,3
一旦,3
巴西,3
电信公司,3
直播,3
参议院,3
副总裁,3
在于,3
巡天,3
WFIRST,3
第一,3
里程碑,3
振动,3
承受,3
撤销,3
支付,3
总观,3
周围,3
脸谱,3
担任,3
负责人,3
苹果公司,3
各类,3
普朗特,3
避免,3
织物,3
性,3
副参谋长,3
职位,3
硬件,3
​,3
涂层,3
无需,3
限制,3
非常,3
运输系统,3
必要,3
此类,3
灵活性,3
195,3
抵达,3
时期,3
日益,3
硅基,3
氮化,3
镓,3
网易,3
周边,3
竞标,3
好,3
生长,3
适宜,3
损坏,3
理事会,3
AEHF,3
2B,3
很,3
2000,3
两名,3
对外,3
气球,3
乌鸦,3
外部,3
高级,3
研究员,3
旋风,3
打击,3
全球定位系统,3
权,3
104,3
阿联酋,3
斥资,3
吉特,3
许可,3
药柱,3
WorldView,3
开裂,3
CST,3
煌,3
箭,3
GTO,3
一级,3
银河系,3
Galileo,3
闪耀,3
颗粒,3
SS520,3
VLT,3
整流罩,3
该箭,3
4B,2
立方厘米,2
安哥拉,2
AAC,2
克莱德,2
总价值,2
定于,2
月底,2
云,2
尘埃,2
海面,2
水温,2
西,2
Sitael,2
诺,2
照相机,2
围绕,2
中继,2
LCRD,2
JPL,2
下降,2
碳氢,2
HCB,2
循环,2
十倍,2
该局,2
然后,2
联络,2
北京,2
Intelsat,2
姿态,2
东京,2
A轮,2
5ES,2
重大,2
角度,2
就任,2
重返,2
称新,2
创新性,2
电科,2
澳大利亚,2
花费,2
互联,2
筹集,2
3U,2
1U,2
彩色,2
数分钟,2
ViaSat,2
南美洲,2
北部,2
互联网服务,2
海事,2
相对论,2
这样,2
高于,2
所用,2
中央,2
除,2
超音速,2
科学院,2
系统升级,2
防空,2
梅德韦,2
罗戈津,2
骑手,2
送到,2
最长,2
微波,2
WSF,2
带电粒子,2
缓解,2
环境监测,2
洋面,2
风,2
梅林,2
千牛该,2
高通量,2
切换,2
跨越,2
至关重要,2
呼吁,2
以下,2
协调,2
共享,2
承造,2
总共,2
重访,2
造价,2
日益增长,2
签发,2
ELSA,2
追逐,2
一同,2
捕捉,2
生存能力,2
梅甘娜,2
MMX,2
区,2
送回,2
日报,2
级别,2
相互,2
下属,2
拿到,2
加剧,2
效果,2
瞄准,2
解决问题,2
BWXT,2
核热,2
合同规定,2
简报,2
外太空,2
战区,2
葡萄牙,2
合成孔径雷达,2
爱德华兹,2
滑翔,2
一架,2
直升机,2
一条,2
抛物线,2
自由,2
金额,2
1.9,2
关口,2
无缝,2
起,2
耗资,2
做出,2
穆罕默德,2
六世,2
土地,2
自然灾害,2
以供,2
SpaceAngels,2
投资者,2
们,2
伊隆,2
赞助,2
XL,2
天星,2
星群,2
又称,2
3.7,2
菲律宾,2
固定,2
第二个,2
太空时代,2
运用,2
危机,2
物理攻击,2
电磁,2
网络攻击,2
不确定性,2
意外,2
决策,2
值守,2
目的地,2
中转站,2
检验,2
超级,2
HISats,2
每个,2
各个,2
数据处理,2
起来,2
相当于,2
远,2
茶,2
眼,2
2M,2
士兵,2
直到,2
谱仪,2
飞过,2
三枚,2
R,2
重达,2
150,2
选用,2
6A,2
401,2
认识,2
发挥,2
海洋卫星,2
下半年,2
状况,2
界面,2
建模,2
4500,2
施里弗,2
网络空间,2
铁穹,2
引进,2
适合,2
合作开发,2
裂变,2
关键技术,2
液化,2
天然气,2
比奇,2
洛,2
一座,2
关系,2
B330,2
舱段,2
格伦,2
电流,2
等离子体,2
合作项目,2
STRIVING,2
压缩空气,2
生活,2
最佳,2
才能,2
彭斯,2
讲话,2
宣称,2
航天事业,2
重新,2
修订,2
欧星,2
AMC,2
曾经,2
经过,2
DNA,2
危险,2
介绍,2
辐射量,2
可为,2
设想,2
204,2
即准,2
依赖于,2
SRT,2
氢气,2
项目组,2
召开,2
天线罩,2
需在,2
反作用,2
佩刀,2
气流,2
核心部件,2
点火器,2
融入,2
关联,2
跨域,2
采取行动,2
危害,2
美国防,2
副局长,2
职能,2
理论,2
意图,2
采办,2
积极,2
举措,2
美国航空航天局,2
前哨站,2
国家航天局,2
设立,2
6.2,2
芯级,2
＋,2
两枚,2
构型,2
单颗,2
军码,2
MCEU,2
为了,2
现代化,2
盟国,2
定制,2
更改,2
俄罗斯科学院,2
绝对零度,2
一度,2
重力,2
Astroscale,2
移除,2
额外,2
携,2
PD,2
即可,2
热点,2
火,2
西班牙,2
损失,2
替换,2
膜式,2
灵活,2
电子设备,2
若干,2
天空,2
达成,2
谅解,2
备忘录,2
重视,2
主张,2
上台,2
面对,2
伏尔加,2
用来,2
证实,2
Sentinel,2
5P,2
大气污染,2
空气质量,2
预报,2
长达,2
原则,2
存储,2
响应,2
ORS,2
诺陶,2
地图,2
425,2
加上,2
自身,2
当地,2
550,2
天文学家,2
正确,2
星团,2
镜面,2
福尔摩沙,2
自制,2
Harris,2
纠缠,2
态,2
以外,2
马克斯,2
普朗克,2
传播,2
五年,2
尤其,2
定位精度,2
民用,2
机电,2
毛细管,2
变成,2
水蒸气,2
喷出,2
福音,2
信道,2
军民,2
器该,2
月面,2
超级计算机,2
HETsat,2
老旧,2
犹他州,2
TPU,2
元件,2
参数,2
适用,2
超高,2
进展,2
小型化,2
放大器,2
360,2
SPIDER,2
透镜,2
情报机构,2
强烈,2
予以,2
3.5,2
GatewayCenter,2
中段,2
两项,2
探月,2
谷歌,2
印度河,2
队,2
600,2
影像,2
织女星,2
OPTSAT,2
Ven,2
s,2
植被,2
运输机,2
科迪亚克,2
GSEG,2
SN,2
DSN,2
结束,2
民营企业,2
乙醇,2
全长约,2
翻新,2
数月,2
考察,2
公海,2
金正恩,2
参观,2
体系,2
精灵,2
边长,2
克,2
美元,2
伊朗,2
伊玛目,2
霍梅尼,2
神鸟,2
送至,2
拟将,2
送上,2
运输能力,2
签订合同,2
人马座,2
反推,2
降落伞,2
两米,2
地震,2
Mayak,2
亮度,2
人造,2
太阳光,2
反射,2
制动,2
1A,2
Kanopus,2
IK,2
发射卫星,2
采矿,2
现状,2
朱诺,2
涡旋,2
风暴,2
云层,2
该国,2
南部,2
高低,2
绘制,2
太空科学,2
贝皮,2
科伦布,2
运往,2
原理,2
攀爬,2
维修,2
本年度,2
转化成,2
双,2
初步设计,2
远距离,2
这颗,2
溅落,2
罩,2
三家,2
一名,2
命令,2
分钟,2
GPSIIISV02,2
独自,2
玄武,2
5EC,2
A型,2
SEAN,2
地星,2
VSAT,2
终端,2
后期,2
3Block2A,2
靶场,2
截止,2
生物,2
排斥,2
脱离,2
2E,2
IRS,2
全色,2
电压,2
还有,2
待,2
间隔,2
焊接,2
交货,2
30%,2
测试计划,2
爆,2
QueSST,2
征求,2
万千米,2
光束,2
塞式,2
监控,2
宙斯,2
盾,2
工程技术,2
空域,2
余颗,2
军舰鸟,2
И,2
静态,2
实际,2
铷,2
规模,2
普林斯顿,2
射频,2
相对,2
本月,2
审议,2
制度,2
天二是,2
兰利,2
缩,2
合资,2
EchoStar,2
科学界,2
对此,2
III,2
GSLV,2
3.2,2
多年,2
部长,2
货物运输,2
主席,2
托马斯,2
重要途径,2
一代,2
塔斯社,2
K1,2
一艘,2
过,2
总裁,2
科马罗夫,2
搭乘,2
重工业,2
指路,2
4000,2
显著,2
有限,2
大部分,2
南方,2
ELT,2
光学系统,2
适应,2
大幅提高,2
类地行星,2
形态,2
大容量,2
周刊,2
组成部分,2
寻求,2
联邦政府,2
RocketLab,2
在线,2
预订,2
快车道,2
燃烧室,2
边缘,2
Psyche,2
提前,2
节省,2
俄罗斯国防部,2
内阁,2
展望,2
总结,2
COPV,2
探空火箭,2
力学性能,2
KU,2
网络通信,2
孔径,2
优先,2
手段,2
军兵种,2
听证会,2
古德费,2
司令,2
不再,2
如同,2
一样,2
下于,2
岩石,2
CNES,2
初期,2
失控,2
聚焦,2
虽,2
短,2
出该,2
~,2
两辆,2
奥迪,2
锂离子,2
供电,2
地方,2
1972,2
迎来,2
首位,2
主力,2
平均,2
科学技术,2
印度尼西亚,2
等国,2
控制技术,2
按计划,2
网络连接,2
频段,2
4425,2
体验,2
下向,2
外环,2
NRO,2
秘密,2
单,2
通讯社,2
能为,2
指定,2
年末,2
几年,2
压力,2
约翰逊,2
极寒,2
综合,2
开支,2
重定向,2
物理学,2
稀薄,2
视角,2
两位,2
芬,2
威克,2
多颗,2
商业界,2
阻力,2
灾害,2
外观,2
折叠,2
成,2
形状,2
陨石,2
人选,2
有意,2
反映,2
这两项,2
设定,2
冰层,2
流动,2
地外,2
欧罗巴,2
重复,2
得以,2
AxiomSpace,2
低于,2
感兴趣,2
巨额,2
届,2
联合作战,2
跨,2
JICSpOC,2
海顿,2
提到,2
NIAC,2
突破性,2
入选,2
12.5,2
优化,2
 ,2
利用率,2
驱动,2
电话会议,2
RDAmross,2
陆续,2
又,2
人工智能,2
反应,2
点火装置,2
每日,2
邮报,2
过渡,2
正试图,2
迄今为止,2
OTV,2
退役,2
动向,2
提起,2
调试,2
米级,2
充分,2
受,2
外行星,2
成本低,2
周期短,2
2033,2
削减,2
深,2
9WGS,2
比利时,2
IMEC,2
电路,2
称龙,2
+,2
太阳风,2
粒子,2
距,2
试图,2
回答,2
为什么,2
很多,2
发出,2
未,2
OriginGPS,2
GNSS,2
精准,2
可用性,2
卫星广播,2
排除,2
弹跳,2
河豚,2
沙漠,2
机器,2
成员国,2
Е,2
莫斯科,2
拉,2
秘鲁,2
种植,2
容器,2
那么,2
MIT,2
失效,2
版本,2
难度,2
另外,2
分在,2
空中客车,2
携有,2
Stemrad,2
太阳风暴,2
功能性,2
丹,2
哈特,2
廉价,2
银河,2
EW,2
创业,2
648,2
格雷格,2
最初,2
酒泉卫星发射中心,2
天鲲,2
迈出,2
全球卫星,2
竞争,2
乘客,2
波兰,2
SatRevolution,2
VR,2
前庭,2
重新启动,2
截击机,2
提议,2
总经理,2
下午,2
酷似,2
行,2
U,2
零件,2
更新,2
走向,2
新增,2
问责局,2
将龙,2
39A,2
第一颗,2
尽管,2
有机,2
陨坑,2
惊人,2
原始,2
社交,2
轨迹,2
外界,2
明确,2
制订,2
罗伯特,2
莱特,2
直径约,2
火箭炮,2
迈阿密,2
CubeSats,2
桌面,2
充电器,2
诉讼,2
RSGS,2
抑制,2
承认,2
世界纪录,2
中有,2
103,2
分属,2
2D,2
AT&T,2
沃洛普,2
斯岛,2
用途,2
OSP,2
出口额,2
销售额,2
国会,2
候选,2
遭到,2
许可证,2
开启,2
获益,2
短期内,2
代替,2
舒,2
装配厂,2
早,2
私营部门,2
发射器,2
公告,2
私人企业,2
04,2
贮箱,2
引起,2
政府部门,2
离任,2
调查报告,2
注入,2
涡轮,2
一套,2
欧航局,2
定居,2
该款,2
白鹳,2
米长,2
绳索,2
物体,2
CEO,2
NSC,2
平流层,2
HASS,2
号星,2
ROSAT,2
灵敏,2
马蒂斯,2
国防部长,2
稳定,2
俄军方,2
LDAL,2
停止,2
部为,2
FOC,2
氢原子,2
钟,2
部,2
ITAR,2
商务部,2
更为,2
隐形,2
观测所,2
电线杆,2
太空行走,2
11D55,2
起火,2
出现,2
摄星,2
阿尔法,2
Ogle,2
电位,2
异常,2
AESA,2
脉冲星,2
快舟,2
SS,2
520,2
发展趋势,2
OPM,2
露西,2
极化,2
数据分析,2
GOMX,1
无线电通信,1
链路,1
0.2,1
3F,1
安,1
1647,1
非洲,1
广播电视,1
瑞典,1
苏格兰,1
主导力量,1
将近,1
3050,1
万股,1
股份,1
万英镑,1
270,1
现金,1
3530,1
须,1
鹿儿,1
Shikisai,1
TsubameShikisai,1
浓度,1
积雪,1
Tsubame,1
平稳,1
泰尔,1
承包合同,1
普拉蒂,1
Platino,1
面向,1
船该,1
高清晰度,1
瞄准镜,1
公,1
下一阶段,1
电磁学,1
大大提高,1
空间通信,1
技术细节,1
器正,1
巡航,1
总装厂,1
富氧,1
分级,1
Ariane,1
7500,1
Prometheus,1
单价,1
Vulcain2,1
征集,1
订立,1
一揽子,1
地理,1
列为,1
重点项目,1
免遭,1
恶意,1
削弱,1
对手,1
FG,1
MS07,1
数字视频,1
三名,1
901,1
给予,1
认可,1
ispace,1
9020,1
风投,1
融资额,1
对月面,1
车据,1
得克萨斯,1
中该,1
上升段,1
2.94,1
马赫,1
起降,1
乘载,1
战略意义,1
Aerospace,1
CSPS,1
协会,1
米切尔,1
现状及,1
多方,1
角色,1
行为准则,1
首项,1
送人,1
时间表,1
发表声明,1
伙伴,1
一道,1
可持续性,1
知识,1
新机遇,1
氙,1
Fleet,1
亿到,1
颗纳,1
=,1
12U,1
英国国防部,1
月末,1
Carbonite,1
战术情报,1
动画,1
下载,1
300Gbps,1
西经,1
69.9,1
北美,1
加勒比海,1
横跨,1
大西洋,1
机载,1
伙伴关系,1
NextSTEP2,1
附件,1
原位,1
ISRU,1
比较,1
提取,1
挥发性,1
关键部件,1
整枚,1
效费,1
星门,1
Stargate,1
号称,1
原料,1
若能,1
整箭,1
院长,1
奥列格,1
阿恰,1
索夫,1
2027,1
鲁道夫,1
吉,1
拉达,1
2S,1
讨论,1
外该,1
固定式,1
萨尔马,1
特苏,1
35S,1
战机,1
工作人员,1
短号,1
反坦克,1
22350,1
巡洋舰,1
885,1
多用途,1
潜艇,1
锆石,1
澎湃,1
日称,1
业,1
经济损失,1
声誉,1
追究,1
责任,1
责成,1
善后事宜,1
8970,1
1.067,1
环保,1
第四,1
机动性,1
可留轨,1
鲍尔,1
无源,1
辐射计,1
ECP,1
三大,1
空白,1
矢量,1
热带,1
飓风,1
下个月,1
转往,1
推到,1
内核,1
22200,1
如能,1
运力,1
MQ,1
死神,1
长时间,1
多点,1
吞吐能力,1
日至,1
定为,1
周以,1
社会各界,1
本届,1
五个,1
主题,1
志愿者,1
激励,1
鼓励,1
官兵,1
职业,1
影射,1
首要任务,1
亟待,1
定,1
三批,1
每天,1
高据,1
十分之一,1
市场需求,1
总重量,1
天可,1
研制成功,1
送终,1
清离,1
疝,1
后继,1
原有,1
GEO,1
抗毁,1
出资,1
MEGANE,1
火卫一,1
放射,1
测定,1
斯塔特,1
勒,1
采样,1
播报,1
所选谱,1
快眼,1
谱,1
相匹配,1
定标,1
DIUx,1
临近,1
幻影,1
红蓝,1
受限,1
军事演习,1
培养,1
技战术,1
核技术,1
堆芯,1
1280,1
标志性,1
空间数据,1
Tekever,1
葡,1
因凡,1
特因,1
凡特,1
自动识别,1
广播式,1
先期,1
试验机,1
意在,1
升力,1
体式,1
操纵,1
制导系统,1
铺路,1
吊升,1
多米,1
投放,1
腹部,1
起落架,1
头部,1
滑橇,1
当天,1
3756,1
106,1
4942,1
531,1
返回地面,1
亿美金,1
每套,1
星间,1
约定,1
中期,1
中断,1
翻一番,1
外包,1
德国议会,1
间谍卫星,1
尽可能,1
时局,1
来源于,1
国防军,1
摩洛哥,1
1110,1
普查,1
农业,1
边境,1
海岸,1
签定,1
论证,1
之门,1
门,1
整座,1
发电,1
另行,1
供该,1
衍生,1
适于,1
桅杆,1
Z,1
变焦,1
三维,1
地质,1
特征,1
远处,1
侦选有,1
过往,1
储放,1
运回,1
私人资本,1
追随,1
企业家,1
ElonMusk,1
理查德,1
布兰森,1
RichardBranson,1
JeffBezos,1
脚步,1
竞相,1
个人,1
投资总额,1
48%,1
风险投资,1
44%,1
7%,1
次数,1
牛怪,1
3210,1
ECAPS,1
绿色,1
星为,1
三体,1
每颗,1
米据,1
木槿花,1
由泰雷兹,1
客车,1
4000B2,1
该颗,1
关岛,1
东南亚,1
南亚,1
多媒体,1
末期,1
同,1
沙特阿拉伯,1
主权,1
财富,1
公共,1
器以,1
点到点,1
娱乐业,1
智库,1
威慑理论,1
四大,1
类,1
动态,1
机理,1
三类,1
误判,1
蓄意,1
DSG,1
一组,1
当,1
有用,1
遥远,1
样本,1
以后,1
划分,1
选址,1
最终目标,1
NovaWurks,1
推进力,1
既,1
船坞,1
毕,1
格罗,1
充气,1
栖息,1
加压,1
仅重,1
周将,1
稳定化,1
评测,1
使该,1
矮,1
耗尽,1
不到,1
最上层,1
水冰,1
含量,1
高分,1
cnBeta10,1
专门从事,1
弗吉尼亚州,1
四层楼,1
高可,1
145,1
磅,1
暂定,1
关键作用,1
测高,1
连续性,1
航运,1
长征,1
风浪,1
海浪,1
浮冰,1
极地,1
2009,1
立项,1
中方,1
法方,1
接收站,1
Avio,1
P120C,1
装填,1
11.7,1
3.4,1
浇筑,1
143,1
壳体,1
内利斯,1
捍卫,1
地区性,1
韩军,1
韩版,1
杀伤,1
齐射,1
内华达州,1
洛斯,1
拉莫斯,1
能源部,1
1.98,1
分系统,1
核,1
自行,1
2445,1
万磅,1
新格伦,1
上该,1
合建,1
居住,1
公私合营,1
补给站,1
接待,1
来访,1
渐进,1
ACES,1
密大,1
X3,1
输出,1
102,1
260,1
安所,1
5.4,1
牛是,1
先驱,1
供应商,1
大众,1
依托,1
迷你,1
分布式,1
第二季度,1
07,1
错过,1
窗口,1
第四枚,1
最快,1
展开式,1
臂来,1
较慢,1
焕发,1
活力,1
三项,1
竞赛,1
重获,1
地位,1
105,1
CKu,1
5200,1
ExoMars,1
旅客,1
以使,1
身体,1
我们,1
第三批,1
共要,1
次以,1
座,1
订购,1
拟先用,1
4QZS,1
QZS,1
开通,1
铺平,1
道路,1
群,1
全世界,1
航行,1
群将,1
赤道,1
长距离,1
CNBC,1
阿德雷,1
德,1
大会,1
都灵,1
发布会,1
干涉仪,1
时空,1
涟漪,1
精确度,1
观测站,1
来源,1
由距,1
亿光年,1
剩余,1
转变成,1
释放出来,1
海军,1
1630,1
耐飞性,1
P,1
8A,1
海上巡逻,1
反潜,1
REI,1
SABRE,1
预冷器,1
马赫数,1
铜合金,1
铬,1
镍,1
铁合金,1
吹粉,1
连接起来,1
多达,1
数字化,1
管理软件,1
更进一步,1
总体,1
图,1
管理系统,1
已知,1
搜集,1
两,1
弱点,1
制定者,1
决策者,1
情报信息,1
备战,1
务实,1
攻防战,1
支撑,1
抢夺,1
主动权,1
巨型,1
借,1
澳大利亚政府,1
澳有,1
战略性,1
带动,1
澳,1
成长,1
南澳,1
州,1
万澳元,1
厂家,1
奖学金,1
培训,1
两级,1
6.4,1
四枚,1
10.5,1
750,1
1b,1
弗雷,1
盖特,1
2521,1
1415,1
截至,1
前该,1
承包商,1
另有,1
处在,1
4550,1
滞后,1
缺口,1
防,1
欺骗性,1
加以,1
选项,1
共用,1
供应链,1
每款,1
具体任务,1
副所长,1
爱德华,1
森,1
最低温度,1
十亿分,1
因为,1
百亿,1
新加坡,1
大批量生产,1
MAKS,1
航展,1
新探,1
带有,1
燃料箱,1
单元,1
几个,1
每隔,1
四周,1
乘员,1
待命,1
单一,1
机场,1
GOLauncher,1
1GO1,1
风洞试验,1
系留,1
5900,1
弥补,1
4A,1
墨西哥,1
中美,1
南美,1
长宽,1
0.04,1
卷曲,1
防弹,1
裹住,1
拖,1
往,1
嵌入式,1
散热器,1
震荡,1
热能,1
管道,1
完美,1
日星,1
SkyPerfectJSAT,1
吞吐量,1
亚太,1
远东,1
合约,1
进程,1
丹麦,1
MOU,1
经验,1
共和党,1
成员,1
布里,1
登斯坦,1
JamesBridenstine,1
一届,1
将要,1
重磅,1
1v,1
2519,1
俄国防部,1
俄小,1
抵近,1
详查,1
阶段性,1
对流层,1
监测仪,1
2600,1
突出,1
优先发展,1
事项,1
两年,1
行动计划,1
侧重于,1
管理制度,1
长寿命,1
AREEAREE,1
风力,1
涡轮机,1
风能,1
机械能,1
发条,1
坦克,1
履带,1
AREE,1
尚,1
改良,1
级据,1
Ⅳ,1
林肯,1
朝鲜半岛,1
四颗,1
阿里郎,1
2700,1
具体型号,1
不详,1
落入,1
北,1
开普勒,1
高亮度,1
光晕,1
光度法,1
像素,1
平衡位置,1
昴,1
深入研究,1
图片,1
集光,1
第二期,1
长程计划,1
第三个,1
由洛马,1
强,1
第四个,1
奥地利,1
相距,1
1200,1
屋顶,1
传输方式,1
储存,1
位,1
成倍增加,1
安全等级,1
大大,1
38000,1
量子态,1
推断出,1
光线,1
密钥,1
加密技术,1
密码,1
日为,1
475,1
720,1
驳船,1
妨碍,1
省为,1
专属,1
警戒,1
强化,1
QZS3,1
增强型,1
现阶段,1
免费,1
普渡大学,1
薄膜,1
汽化,1
可调,1
平衡,1
压强,1
颠覆,1
使用寿命,1
Blagovest11L,1
两用,1
智慧,1
1.7,1
2.3,1
650,1
KLRP,1
网据,1
首台,1
三套,1
HT100,1
根据地,1
基,1
GBSD,1
换代,1
LGM,1
民兵,1
希尔,1
长为,1
高均,1
其间,1
汇报,1
表层,1
部位,1
判断,1
能否,1
已同,1
密度,1
代表性,1
演化,1
美陆军,1
爱国者,1
MPQ,1
光电,1
分段,1
平面,1
一英寸,1
数目,1
繁多,1
重组,1
央视,1
就此,1
回应,1
称若朝,1
核威胁,1
反击,1
对除,1
相威胁,1
除非,1
丹佛,1
沃特顿,1
峡谷,1
技术创新,1
生产成本,1
顶棚,1
洁净室,1
真空室,1
末段,1
THAAD,1
中为,1
经费,1
大奖赛,1
参赛,1
队伍,1
3250,1
Mk2,1
面上,1
行驶,1
高清,1
发回,1
μ,1
368,1
264,1
局于,1
MRBM,1
阿拉斯加州,1
使命,1
向前,1
北海道,1
大树,1
町,1
Momo,1
全方位,1
栖息地,1
原,1
货柜,1
数年,1
NASANextStep,1
139,1
MIM2,1
整修,1
3724.9,1
998,1
水域,1
洲际导弹,1
突袭,1
取得联系,1
计算器,1
美国哈佛大学,1
单个,1
几十,1
Simorgh,1
试验性,1
客机,1
面,1
高频率,1
265,1
TPU120,1
理工大学,1
参数信息,1
552,1
海因里希,1
赫兹,1
总金额,1
3.105,1
24.5,1
种姿,1
轨控,1
移动式,1
调制解调器,1
腿,1
天龙座,1
红龙,1
卢布,1
34.41,1
171MV,1
0124M,1
解度,1
遥测,1
450,1
黑白,1
电离层,1
前兆,1
3.63,1
反射镜,1
视星,1
方位,1
参照,1
挪威,1
先后,1
条,1
473,1
森林,1
火灾,1
MoonExpress,1
南极,1
矿产资源,1
MXRoboticExplorer,1
MX,1
1E,1
装入,1
鹳,1
机在,1
防护,1
9000,1
最为,1
鲜明,1
透过,1
深度,1
运行机制,1
SOCRATES,1
单位,1
比特,1
试验局,1
炮兵,1
旅于,1
阿拉斯加,1
拦截导弹,1
系统对,1
宣布独立,1
科福里,1
杜亚市,1
学院,1
摄像头,1
海岸线,1
4100,1
MPO,1
磁层,1
MMO,1
日方,1
库鲁为,1
斯坦福大学,1
壁虎,1
爪,1
抓捕,1
范德华,1
力可,1
粘住,1
Intelsat35e,1
发送至,1
6.76,1
原子,1
热量,1
DART,1
飞掠,1
大约,1
飞行轨道,1
1800,1
海水,1
浸泡,1
下次,1
容纳,1
阿特拉斯,1
改装成,1
有益于,1
避免浪费,1
污染,1
西北地区,1
2802,1
933,1
东海,1
预设,1
第二颗,1
完毕,1
以往,1
八倍,1
GPSIIISV01,1
JAX,1
韩军于,1
文在寅,1
亲临,1
首枚,1
全境,1
核导,1
挑衅,1
尽快,1
服役,1
圭亚那,1
静地星,1
I,1
3K,1
3477,1
ATLAS,1
1Gbps,1
带宽,1
渠道,1
私营企业,1
nSight1,1
SCS,1
五十年,1
省于,1
靶弹,1
美海军,1
保罗,1
琼斯,1
号宙,1
斯盾舰,1
AN,1
SPY,1
跟踪目标,1
击中目标,1
主任,1
罗季,1
奥,1
诺夫,1
俄欧,1
好后,1
遭遇,1
斯基亚,1
帕雷利,1
图卢兹,1
magneticspacetug,1
磁体,1
吸引,1
C38,1
英德,1
十余个,1
保加利亚,1
船上,1
1V,1
Kosmos2519,1
NivelirZU,1
测地,1
首星,1
14F150,1
#,1
Napryazhenie,1
最短,1
第九次,1
GKN,1
Ariane6,1
传统工艺,1
90%,1
40%,1
Vulcain2.1,1
已为,1
安静,1
低音,1
建议书,1
英法,1
协和,1
音爆,1
60dBA,1
意见书,1
授出,1
LISA,1
2034,1
三颗,1
相同,1
相隔,1
灾难性,1
如大,1
本质,1
阿卡,1
ARCA,1
新墨西哥州,1
美洲,1
周内,1
印,1
GSLVMkIII,1
2CCartosat,1
巴基斯坦,1
边界,1
6100,1
多万美元,1
供应,1
萨雷沙,1
甘反,1
既定目标,1
预警系统,1
4600,1
老人星,1
В,1
К,1
复杂性,1
科,1
琳娜,1
秒钟,1
紧急情况,1
五段,1
再次出现,1
台星载,1
总数,1
星四是,1
1516,1
呼救信号,1
开始运行,1
军工,1
资源网,1
加热,1
超导,1
线圈,1
排气,1
25000,1
冲该,1
06,1
a,1
星辰,1
服务舱,1
今年底,1
离轨,1
内在,1
登火,1
美国众议院,1
审批,1
程序,1
改革,1
运输部,1
直属机构,1
广泛支持,1
交由,1
众议院,1
全体,1
亚音速,1
环境因素,1
ILS,1
停飞,1
俄政府,1
cnBeta6,1
向太空,1
NICERNICER,1
自旋,1
解析,1
数十年,1
NICER,1
内部结构,1
理论物理学,1
韩国政府,1
暂停,1
环评,1
韩政府,1
专项,1
工作组,1
严查,1
韩,1
事宜,1
瞒报,1
避开,1
此轮,1
GSLVMk,1
将静,1
GSAT,1
640,1
仅次于,1
国外,1
凤凰,1
资讯网,1
确立,1
公私,1
逐渐,1
分享,1
朱伯肯,1
开发新,1
空空导弹,1
SACMSACM,1
重量轻,1
敏捷性,1
射程远,1
列装,1
SCAM,1
毁伤,1
空空,1
空地,1
信息系统,1
K,1
第三代,1
华尔街日报,1
防热,1
实验品,1
VA,1
少数,1
连续飞行,1
初步成效,1
星由,1
电机,1
为准,1
HypersonicDefense,1
7530,1
备选,1
编制,1
智利,1
近红外,1
其主镜,1
湍流,1
欧南,1
着力,1
暗物质,1
暗,1
情报系统,1
702HP,1
6418,1
3000EOR,1
3551,1
两星共重,1
9969,1
合计,1
简式,1
ICBM,1
中部,1
马绍尔群岛,1
夸贾林,1
岛礁,1
里根,1
场,1
海基,1
传到,1
摧毁,1
射,1
MkIII,1
D1,1
加大,1
承载能力,1
630,1
首选,1
总务,1
信息技术,1
电子光学,1
EOSSIN,1
一站式,1
州政府,1
新西兰政府,1
硅谷,1
Eletron,1
碳复合材料,1
欢迎,1
门槛,1
商业模式,1
洛克,1
达因,1
矮脚,1
鸡,1
133.4,1
喷注器,1
喉道,1
喷管,1
美国波音公司,1
鬼怪,1
PhantomExpress,1
AerojetRocketdyne,1
AR,1
抛弃,1
1361,1
以平飞,1
天内,1
改变传统,1
变得,1
比原,1
DiscoveryProgram,1
众多,1
备受,1
aex,1
订货,1
静止,1
府,1
梳理,1
描绘,1
事业,1
给出,1
准入,1
人才培养,1
法律,1
市场竞争,1
背景,1
下以,1
采取措施,1
振兴,1
碳纤维,1
高质量,1
更轻,1
纳米管,1
纱,1
批量,1
拉伸强度,1
结构件,1
工业界,1
KA,1
网关,1
覆盖范围,1
北美洲,1
中美洲,1
航海,1
甚小,1
各国,1
必须,1
关注度,1
树立,1
友好,1
进攻性,1
offensivetimeoperations,1
定位导航,1
美国参议院,1
武装,1
海瑟,1
参谋长,1
大卫,1
恩,1
杰伊,1
塞缪尔,1
格里弗,1
斯政府,1
问责,1
克里斯蒂娜,1
沙,1
普兰,1
能器,1
力量,1
倍增器,1
更是,1
疆域,1
恩则,1
天军,1
最佳时机,1
马斯腾,1
而成,1
创新型,1
膨胀,1
海平面,1
千,1
牛马,1
斯腾,1
试验型,1
XS,1
临界点,1
Deimos,1
Phobos,1
矿物,1
扩建,1
2002,1
兼具,1
辅助,1
海啸,1
之外,1
第六个,1
物理学家,1
编队,1
能以,1
磁铁,1
吸附,1
冰箱,1
废弃,1
动力源,1
不断创新,1
新思路,1
国际海事卫星组织,1
Inmarsat,1
5F4,1
不足以,1
两周,1
追平,1
体现,1
参演,1
该军,1
演是,1
空战,1
敌我,1
考查,1
红旗,1
技能,1
次下,1
业余,1
Part,1
TimeScientists,1
总重,1
高强度,1
铝,1
镁,1
凭借,1
调节,1
立体,1
勘察,1
登月舱,1
访客,1
后能,1
1.6,1
LE,1
视为,1
NewFrontiers,1
前几次,1
新视野,1
冥王星,1
PhaseA,1
此后,1
5.7,1
Koreasat,1
商用化,1
分批,1
居民,1
角落,1
覆盖面,1
AirForceTimes5,1
718,1
后于,1
引航,1
防护系统,1
密封,1
轻质,1
电动,1
该机,1
今年年底,1
CNBC5,1
事务部,1
PatriciaCooper,1
将会,1
上线,1
Cooper,1
光纤,1
般的,1
KPLO,1
两极,1
冰霜,1
阴影,1
风化,1
壳,1
磁强计,1
视场,1
正常,1
灵敏度,1
视界,1
供,1
参考,1
靠近,1
光环,1
高度机密,1
垄断,1
Iridium,1
该批,1
严格,1
卓越,1
通话质量,1
快,1
传输速度,1
第二批,1
书,1
乃至,1
一段时间,1
电力通信,1
热控,1
ASDNews5,1
姿态控制,1
终止,1
引导,1
中据,1
JamesWebb,1
测试表明,1
择期,1
美国白宫,1
1.1,1
万亿美元,1
196.53,1
6.28,1
43.2,1
21.5,1
13.5,1
ARM,1
57.6,1
18.5,1
快帆,1
6.83,1
19.2,1
上年,1
持平,1
7.5,1
6.78,1
5.69,1
49.5,1
6.86,1
6.1,1
关键步骤,1
整项,1
拟实,1
SpaceVR,1
随,1
场景,1
脚本,1
发给,1
HTC,1
Vive,1
头显,1
YouTube,1
美国苹果公司,1
从谷歌,1
高管,1
迈克尔,1
特雷拉,1
进军,1
特雷拉则,1
同期,1
彭博社,1
两人,1
另据,1
商洽,1
投资人,1
合伙人,1
步入,1
软件系统,1
iSpaceiSpace,1
开放性,1
可扩展性,1
直观,1
显示器,1
仿真,1
iSpace,1
分派,1
各界,1
学界,1
主动,1
共轨,1
大气环境,1
无尾,1
飞翼,1
展向,1
空气,1
翼根,1
部向,1
翼尖,1
升,1
诱导,1
偏航,1
现象,1
探空仪,1
WHAATRR,1
可帮,1
NOAA,1
1500,1
深夜,1
天鹅座,1
3459,1
第七次,1
小银块,1
串,1
一起,1
软甲,1
一面,1
反射光,1
另一面,1
光可,1
热控制,1
拉伸,1
侵害,1
用作,1
航天服,1
捕获,1
星体,1
物据,1
三星级,1
将军,1
从事,1
流露出,1
规范,1
职责,1
选中,1
操作系统,1
战斗,1
概念设计,1
检察官,1
OIG,1
Orion,1
按原,1
期限内,1
Enceladus,1
厚厚的,1
包裹,1
隐藏,1
两者,1
深海,1
土卫二是,1
乔治亚,1
理工学院,1
面积,1
片,1
均匀,1
地铺,1
装在,1
100%,1
利润率,1
经济效益,1
商业化,1
cnBeta4,1
记者会,1
将有助,1
飞艇,1
潮汐,1
足以,1
冰下,1
温暖,1
地幔,1
引发,1
化学反应,1
有利,1
孕育,1
有人,1
猜测,1
开发商,1
远远,1
完工,1
同年,1
停止使用,1
之所以,1
私有化,1
是因为,1
ColoradoSpaceNews4,1
研讨会,1
交战,1
作战方案,1
域,1
促使,1
情报部门,1
协同,1
到来,1
注重,1
司令官,1
更名,1
NSDCNSDC,1
科罗拉多州,1
主要职责,1
情报界,1
书面,1
证词,1
名字,1
出炉,1
梯度,1
场内,1
线性,1
聚变,1
科罗拉多,1
拆除,1
碎石,1
堆,1
软体,1
大多数,1
Orbital,1
NGLOrbitalATK,1
500XL,1
中能,1
粘附,1
壁面,1
微重力,1
流动性,1
大大简化,1
改善,1
商标,1
转发,1
大批量,1
中转,1
数据安全,1
敏感数据,1
航空网,1
经济制裁,1
严厉,1
多型,1
设计师,1
叶夫,1
根尼,1
可林,1
首航,1
Fedor,1
驾驶,1
里,1
高技术,1
十分迅速,1
助力,1
每千克,1
11.2,1
3.5%,1
乙醇胺,1
过氧化氢,1
氧化,1
生产实践,1
飞剪,1
判定,1
宜居,1
有力,1
门户,1
这个,1
居住舱,1
气压,1
后勤,1
紧接,1
其后,1
清晨,1
卢森堡,1
这次,1
利姆诺,1
斯,1
兆,1
字节,1
观看,1
4K,1
清,1
取得成功,1
繁杂,1
军舰,1
日益加剧,1
春天,1
韦布,1
休斯顿,1
诺斯罗普,1
格鲁门,1
678,1
674,1
留轨,1
两架,1
大都,1
从未,1
安排,1
正对,1
维克拉姆,1
萨拉,1
巴伊,1
VSSC,1
第三,1
大高,1
激波,1
世界级,1
强及,1
优点,1
夏季,1
加利福尼亚,1
传输速率,1
演变成,1
第一份,1
多出,1
广域,1
值得,1
大体一致,1
浮游生物,1
浮质,1
生态系统,1
PACE,1
碳,1
OCO,1
绝对,1
折射率,1
观测器,1
CLARREO,1
观测仪,1
DSCOVR,1
陶,1
拉斯,1
利,1
特罗,1
山谷,1
该地,1
登陆点,1
两英里,1
车则,1
追寻,1
探险,1
足迹,1
德尔塔,1
依赖性,1
盟军,1
互联互通,1
高校,1
微电子,1
泰勒斯,1
衬底,1
抗辐射,1
重离子,1
硅,1
属性,1
使得,1
理想,1
科学试验,1
返航,1
载时,1
废料,1
科研成果,1
唯一,1
SolarProbePlus,1
前所未有,1
万公里,1
1.49,1
表面光,1
球层,1
比其,1
日冕,1
向外,1
流,1
有时候,1
号机,1
情报中心,1
研射,1
470,1
亿日元,1
着意,1
各,1
专用,1
转播,1
研产,1
领导者,1
ORG4500ORG4500,1
紧凑型,1
可穿戴设备,1
手表,1
衣服,1
宠物,1
跟踪器,1
交通,1
医疗,1
加速度计,1
湿度,1
佛罗里达,1
通讯卫星,1
BSS,1
大且,1
下旬,1
SES10,1
出能,1
趋于,1
上以,1
新一轮,1
击败,1
赢得,1
败于,1
过高,1
脱不开,1
起价,1
6200,1
即便,1
基本,1
1.09,1
美军方,1
信任,1
平地,1
命名,1
可折叠,1
手机,1
下该,1
高处,1
摔落,1
混凝土,1
完好无损,1
刺状,1
车轮,1
粗糙,1
斜面,1
在外,1
莫哈维,1
磁,1
屏蔽,1
HERMeS,1
统一,1
网该,1
白俄罗斯,1
亚美尼亚,1
吉尔吉斯斯坦,1
经济委员会,1
权力,1
司,1
司长,1
尼古拉,1
库什,1
廖夫称,1
上半年,1
起草,1
估算,1
投资规模,1
银行,1
投资方,1
愿意,1
Ф,1
Д,1
Р,1
А,1
Ц,1
Я,1
亮相,1
三舱,1
结构设计,1
转而,1
两舱,1
相似,1
A5,1
很大,1
NASAAuthorizationActof2017,1
所要,1
拟定,1
循序渐进,1
便是,1
EarthReliant,1
ProvingGround,1
EarthIndependent,1
韦内,1
D,1
俄美,1
2026,1
数,1
合作伙伴,1
气候变化,1
温室效应,1
CubeSat,1
生根,1
发芽,1
生存条件,1
数次,1
哪,1
种,1
土豆,1
植物,1
层压,1
引入,1
钢中,1
层状,1
赋予,1
钢,1
骨骼,1
变形,1
裂纹,1
桥梁,1
动力装置,1
广阔,1
现,1
airforce,1
technology,1
诺斯,1
鲁普,1
格鲁曼,1
第五套,1
高频,1
Milstar,1
量,1
可回收,1
寄予厚望,1
而造,1
之久,1
上周,1
递交,1
白皮书,1
聚居地,1
重要性,1
786,1
倾角,1
98.57,1
1.13,1
零,1
哥白尼,1
海洋环境,1
组均,1
内河,1
沿海,1
区域环境,1
防辐射,1
背心,1
耀斑,1
侵袭,1
雇用,1
使低,1
LEO,1
数十亿,1
人新,1
旅游事业,1
太空船,1
哈里斯,1
系统部,1
ITTExelis,1
电子战,1
武器系统,1
前沿,1
战使,1
植入,1
软银,1
原来,1
惠勒,1
售出,1
强劲,1
应该,1
增发,1
这近,1
早晨,1
开拓,1
二号,1
中国航天,1
科工,1
不同于,1
而是,1
加拿大,1
DigitalGlobe,1
债务,1
收购计划,1
收购案,1
专注,1
近年,1
便于,1
某种意义,1
美国公司,1
切断,1
画面,1
国防建设,1
今天,1
定金,1
体能,1
环月,1
半个,1
SatRevolutionS,1
参与者,1
Swiatowid,1
RusalkaPhoneSat,1
不久,1
沟通,1
1700,1
Facebook,1
Oculus,1
国家航空航天局,1
脑神经,1
感觉器官,1
联系,1
眼手,1
背后,1
生理学,1
最好,1
治疗,1
简氏,1
米格,1
31BM,1
三角旗,1
设计局,1
过反,1
该弹,1
弹头,1
ASM,1
135,1
所谓,1
反卫,1
或是,1
复兴,1
英国议会,1
力争,1
利润,1
丰厚,1
在此之前,1
事情,1
乘坐,1
索恩,1
采夫,1
绕,1
商谈,1
超重型,1
2031,1
有所,1
昨日,1
402,1
加紧,1
光年,1
颗系,1
红,1
矮星,1
Trappist,1
液态水,1
堪称,1
码头,1
多功能,1
A3,1
新式,1
分担,1
突然,1
电脑,1
触发,1
关闭,1
预先,1
设为,1
上方,1
等待,1
cnBeta2,1
生产线,1
环节,1
工人,1
闻名,1
大大降低,1
竞争力,1
遴选出,1
五大,1
两大,1
太空舱,1
既能,1
以较,1
恰是,1
两难,1
不间断,1
可行,1
数十亿美元,1
回报,1
视觉,1
送去,1
2500,1
提供商,1
例行,1
重启,1
快递,1
UPSat,1
开源,1
只有,1
碳基,1
西南,1
梅,1
尔西,1
遍布,1
不长,1
说明,1
土生土长,1
不是,1
蕴藏,1
冰盖,1
藏有,1
这为,1
原定,1
倒计时,1
被迫,1
液压,1
活塞,1
运动,1
出现异常,1
领先,1
民营,1
服务商,1
延期,1
颇受,1
质疑,1
华盛顿邮报,1
任期,1
一位,1
顾问,1
想,1
主导权,1
原已,1
EM,1
代理,1
富特,1
现在,1
新西兰,1
16.8,1
专为,1
480,1
各大,1
彼得,1
贝克,1
订单,1
接满,1
档期,1
所剩无几,1
加装,1
由格洛纳斯,1
有生力量,1
武器装备,1
密集,1
发射管,1
口径,1
偏差,1
数米,1
通常,1
数百米,1
误差,1
尚无,1
实战,1
－,1
完备,1
独立报,1
脱欧,1
失去,1
英国公司,1
单独,1
谈判,1
肯尼迪,1
卢克,1
罗伯森,1
赖安,1
卡,1
基伦,1
联手,1
纤巧,1
电力设施,1
计划局,1
声称,1
违反,1
阻碍,1
以纯,1
商业用途,1
理由,1
泄露,1
浪费,1
数亿美元,1
税收,1
看来,1
实则,1
竞争对手,1
荷兰,1
1378,1
捆绑式,1
更强,1
相结合,1
抵,1
美国电话电报公司,1
卫星电视,1
SKYBrasil,1
Telkom3S,1
1Minotaur,1
隶属于,1
2920,1
米诺陶,1
400,1
圆,1
雅典娜,1
中小型,1
小巧,1
2mm,1
3mm,1
桁架,1
车架,1
添加,1
房子,1
墙壁,1
补充,1
住户,1
高峰期,1
用电,1
合适,1
防撞,1
防潮,1
防燃,1
储能,1
defensenews,1
1460,1
记录,1
过去,1
年间,1
52%,1
15%,1
160,1
中东地区,1
进口额,1
同比,1
增涨,1
22%,1
美国国务院,1
第一季度,1
452,1
销售,1
财政年度,1
军售,1
总额,1
的话,1
咨询,1
湖区,1
火山口,1
JezeroCrater,1
东北部,1
流沙,1
NorthwestSyrtis,1
哥伦比亚,1
山,1
ColumbiaHills,1
工程师,1
投票,1
决出,1
地址,1
除了,1
兼顾,1
严重,1
损毁,1
英国政府,1
8600,1
立法,1
有着,1
深厚,1
积累,1
刺激,1
该软件,1
非常复杂,1
航程,1
过于,1
漫长,1
虽然,1
地下,1
新奥尔良,1
遭,1
龙卷风,1
袭击,1
近一半,1
破坏,1
核心,1
厂区,1
分阶段,1
其在研,1
重要一环,1
使用权,1
继任者,1
主镜,1
敏感度,1
波长,1
两亿年,1
情景,1
解释,1
演变,1
8776,1
阿姆斯特朗,1
进场,1
派,1
委员,1
DirecTV,1
反对,1
Globalstar,1
2.4,1
GHz,1
建议,1
持有,1
事先,1
自己,1
关心,1
就是,1
鸿沟,1
所有人,1
享受,1
福利,1
消耗,1
几十年,1
困扰,1
三年,1
火神,1
法德,1
纳入,1
预备,1
FLPP,1
2.068,1
ACO,1
受益,1
融合,1
asdnews,1
领先地位,1
GPSIIA,1
GPSIIF,1
安全可靠,1
伊戈尔,1
紧固件,1
西伯利亚,1
破裂,1
数字地球,1
该星于,1
换取,1
0.3,1
高清晰,1
区分,1
街道,1
标识,1
德米特里,1
罗戈津称,1
沃罗涅日,1
机械厂,1
召回,1
调换,1
责任人,1
严惩,1
拆卸,1
美国洛斯阿拉莫斯国家实验室,1
指,1
电磁场,1
粒子流,1
行政命令,1
利于,1
系统性,1
源于,1
叶片,1
下周,1
容易,1
警告,1
不可,1
艾,1
科斯,1
月壤,1
建材,1
定居点,1
层楼,1
内部空间,1
保护层,1
隔绝,1
冲击,1
技术支持,1
相连,1
亮,1
帽衫,1
舒适度,1
极高,1
新款,1
躯干,1
拉链,1
肘,1
膝,1
活动性,1
轻易,1
站立,1
坐下,1
耳机,1
帽舌,1
周边视觉,1
线,1
IridiumNEXT,1
重力场,1
GRACE,1
FO,1
各自,1
官方,1
私企,1
很少,1
见,1
Konotori6,1
放出,1
过电,1
地球磁场,1
相互作用,1
进出,1
拟用,1
清扫,1
1400,1
万件,1
无用,1
其总重,1
5000,1
西雅图,1
助于,1
雷德,1
蒙德,1
收入,1
梦想,1
STB,1
Hispasat36W,1
加那利,1
70000,1
英尺,1
21336,1
情形,1
交通管制,1
IIA,1
较强,1
高速化,1
差异,1
陆海空,1
自卫队,1
月煌,1
印度洋,1
曾以,1
非军事化,1
基本法,1
规定,1
删除,1
限定,1
条款,1
月初,1
5.5,1
极限,1
剩有,1
减速,1
软着陆,1
升级版,1
慕尼黑,1
系统集成,1
2007,1
者,1
数百万,1
活跃,1
罕见,1
孤立,1
拉格朗,1
L2,1
管理层,1
有序,1
现任,1
查尔斯,1
博,1
尔登,1
CharlieBolden,1
达瓦,1
纽曼,1
DavaNewman,1
职员,1
福德,1
RobertLightfoot,1
代管,1
为止,1
南加州,1
助理,1
教授,1
奥特里,1
GregAutry,1
埃里克,1
布尔,1
ErikNoble,1
高级顾问,1
气象学家,1
七年,1
竞选活动,1
唐纳德,1
就职演说,1
简要地,1
揭开,1
奥秘,1
解除,1
疾病,1
痛苦,1
驾驭,1
能源工业,1
会面,1
殖民,1
伟大,1
政治,1
愿望,1
相,1
契合,1
研,1
便宜,1
日以,1
票数,1
当选,1
新一任,1
参议员,1
SASC,1
提问,1
攻击性,1
控制能力,1
中均,1
战争,1
5401,1
SBIRSGEO,1
支援,1
DSP,1
Glenn,1
监测网,1
测算,1
预测出,1
配套技术,1
测控站,1
激发,1
更远,1
防护装置,1
舰艇,1
高功率,1
问世,1
变革,1
部星钟,1
IOV,1
Spectratime,1
一部,1
商业部,1
国务院,1
许多,1
撤出,1
军火,1
USML,1
贸易,1
条例,1
惯例,1
修订版,1
生效,1
放宽,1
力度,1
定期,1
管理条例,1
一轮,1
已达,1
合法化,1
中央日报,1
省原,1
途中,1
损伤,1
故此,1
先,1
星据,1
工匠,1
充当,1
固体燃料,1
管状,1
Intrepid,1
被誉为,1
复杂,1
几何,1
份量,1
革命性,1
国立,1
工艺技术,1
克里特,1
战斗机,1
新材料,1
钢铁,1
切削,1
下来,1
一小块,1
分子,1
网格,1
阻挡,1
弯曲,1
电磁波,1
路径,1
RSCC,1
提,1
瓦克,1
Tyvak,1
PTD,1
商业空间,1
从中,1
效用,1
之浦,1
坠入,1
全长,1
9.54,1
三段式,1
东京大学,1
约合,1
增授,1
四项,1
十年,1
项待,1
范畴,1
航班,1
发展部,1
菲尔,1
麦,1
卡利斯,1
特,1
载,1
航天员,1
流转,1
财政,1
日程安排,1
支,1
远征队,1
肖恩,1
金,1
布罗,1
佩斯,1
凯,1
地为,1
供电系统,1
块,1
外部设备,1
1989,1
出舱,1
197,1
625,1
落,1
第五次,1
增大,1
高压,1
罐,1
稍,1
超临界,1
流程,1
前先,1
完,1
活性,1
重拾,1
关键性,1
卡马,1
洛夫,1
腔,1
掺入,1
外来,1
颗粒物,1
轴,1
套筒,1
浮动,1
密封环,1
叶轮,1
错误,1
间隙,1
转子,1
失去平衡,1
立即,1
甚大,1
量级,1
nanocraft,1
成像仪,1
光谱仪,1
日冕仪,1
干扰,1
弗拉基米尔,1
捷列,1
霍夫,1
轨位,1
加油站,1
收集器,1
OSTP,1
列出,1
执政,1
所获,1
成绩,1
革命,1
阿什顿,1
卡特,1
220,1
倡议,1
他国,1
亚利桑那州,1
皮马县,1
图森,1
市,1
工厂,1
Stratollites,1
生产商,1
邀请,1
Lander,1
底盘,1
车身,1
控股公司,1
电子器件,1
电磁干扰,1
同类产品,1
量产,1
传感,1
机载设备,1
低功耗,1
天文学,1
229,1
招标,1
六个月,1
声明,1
异常现象,1
拉夫,1
契金,1
有源,1
五颗,1
收发,1
T,1
优于,1
3D,1
巡航导弹,1
军备,1
伊万,1
莫依,1
谢耶夫,1
迫切需要,1
以为,1
5Ariane,1
4.57,1
12.7,1
该箭自,1
1996,1
历经,1
55%,1
容积,1
一箭双,1
承揽,1
Oneweb,1
华格,1
RuagSpace,1
正为,1
策略,1
陨星,1
灾难,1
缺少,1
NEO,1
七项,1
高科技,1
紧急警报,1
甲,1
吉林,1
灵巧,1
03,1
行云,1
凯盾,1
星该,1
通用型,1
接口,1
300kg,1
纯,1
行为,1
专项资金,1
一支,1
资本,1
境内,1
2.6,1
三级,1
TRICOM1,1
机动灵活,1
牛津,1
100StarLiner,1
HPAM,1
严苛,1
减轻,1
航空器,1
Lucy,1
诞生,1
后近,1
万年,1
特洛伊,1
带该,1
星域,1
遗迹,1
地间,1
库宁,1
克里希,1
南,1
C37,1
科学研究,1
IXPE,1
装有,1
所得,1
电场,1
1.88,1
魏斯,1
科普,1
夫将,1
巴尔,1
局则,1
春季,1
秋季,1
体制,1
2010,1
Michibiki,1
版,1
自动驾驶,1
iDaily,1
照片,1
STARS,1
静冈,1
系,1
链式,1
Tether,1
互相,1
一根,1
凯夫,1
Kevlar,1
纤维,1
链,1
电梯,1
火星车,1
主体,1
探测车,1
微生物,1
远古,1
缩小,1
首份,1
芯片组,1
接收机,1
必然趋势,1
半导体,1
巨大变化,1
探究,1
管理者,1
采购计划,1
雷神,1
3700,1
雷声,1
PTSFD,1
间通信,1
令美,1
最大化,1
一箭十星,1
再次发生,1
储罐,1
承载,1
过冷,1
卸载,1
形变,1
总预算,1
6190,1
NDAA,1
要素,1
禁止,1
北斗,1
紧张,1
正常化,1
17595,1
27815,1
MGUE,1
39327,1
OCX,1
交通部,1
国土安全部,1
反馈,1
