能源,372
电池,358
太阳能,196
天然气,182
燃料,181
石油,155
发电,134
网,133
再生能源,133
电力,132
能源网,123
核,116
反应堆,113
核能,113
安全,110
核电站,107
系统,100
材料,92
储能,90
充电,85
电网,83
核电,80
电动汽车,79
光伏,76
欧洲,76
支持,73
汽车,68
风电,66
兆瓦,63
北极星,62
铀,59
能量,59
高,59
先进,58
欧盟,58
设备,57
2016,57
增加,56
世界,55
法国,55
中心,53
堆,53
太阳能电池,53
需求,53
设施,52
特朗普,52
液化,51
这些,51
2017,51
建造,51
2020,51
清洁,51
经济,51
石化,51
风力,50
但,50
锂电池,50
建立,49
主要,48
业务,48
OFweek,48
原子能,48
机构,48
海上,48
据悉,48
获得,47
出口,46
锂离子,46
减少,46
此外,45
工业,45
开始,45
总统,45
·,44
氢,43
提出,43
工作,43
重要,43
2018,42
多,42
集团,41
一项,41
能力,41
小型,41
委员会,41
目标,40
批准,40
首次,40
吉瓦,40
所,40
地区,39
美国能源部,39
燃料电池,39
时,39
时间,39
政策,39
现有,38
内,38
产业,38
超过,38
特斯拉,38
锂,37
实验,37
可能,37
原油,37
监管,37
要求,36
继续,36
基础设施,36
其中,35
拥有,35
启动,35
超级,35
实施,35
称,35
上据,35
2030,34
核燃料,34
二氧化碳,34
环境,34
双方,34
生物,34
伊朗,34
欧元,34
正式,33
至,33
储存,33
容量,33
进口,33
问题,33
新能源,33
供应,32
近日,32
联合,32
备忘录,32
商业,32
澳大利亚,31
纳米,31
基础,31
工程,31
大型,31
显示,31
油气,31
开采,31
电动车,31
满足,31
工厂,30
催化剂,30
今年,30
协定,30
储备,30
扩大,29
首个,29
风能,29
管理,29
地,29
密度,29
促进,29
废物,29
制定,29
大,28
国内,28
测试,28
化学,28
低,28
开展,28
能源部,28
数据,28
日前,28
成立,28
排放,27
持续,27
年前,27
帮助,27
SMR,27
Rosatom,27
100,26
资源,26
万美元,26
标准,26
号,26
组织,26
评估,26
乏,26
加强,26
保障,26
确保,26
路线图,26
高温,25
位于,25
转换,25
所有,25
资助,25
最,25
每年,25
部署,25
这一,25
希望,25
电极,24
℃,24
会,24
运营,24
认为,24
新技术,24
信息,24
联盟,24
法案,24
管道,24
离子,24
碳,23
服务,23
稳定,23
建成,23
装备,23
安装,23
价值,23
电池板,23
部门,23
循环,23
合同,23
投入,23
出售,23
巴黎,23
推进,22
大量,22
大规模,22
电力公司,22
收购,22
放射性,22
电能,22
约合,22
钙钛矿,22
装机容量,22
英国政府,22
安全性,22
申请,22
平台,22
共同,22
一部分,22
以上,22
模块,22
来自,22
智能,22
价格,22
需,22
关键,22
子公司,21
行业,21
两个,21
着,21
公布,21
俄,21
2022,21
 ,21
公里,21
核武器,21
电容器,21
情况,21
保持,20
不同,20
温度,20
规定,20
退役,20
最终,20
由于,20
决定,20
电解液,20
进一步,20
LNG,20
无人机,20
指出,19
核反应堆,19
高达,19
仍,19
不会,19
没有,19
这是,19
自主,19
条件,19
北极,19
网易,19
年内,19
动力,19
部分,19
分别,19
万吨,19
声明,19
有关,19
金属,19
方案,19
印度政府,19
三星,19
优势,19
大幅,19
资金,19
电子,19
荷兰,19
建议,19
浓,19
阿海,18
珐,18
此次,18
1000,18
次,18
规划,18
转型,18
硅,18
甲烷,18
不仅,18
后处理,18
竞争力,18
空气,18
最新,18
充电站,18
旗下,18
制造商,18
壳牌,18
存储,18
承诺,18
组件,18
产量,17
有效,17
总,17
此前,17
2019,17
美,17
土耳其,17
重新,17
民用,17
正,17
管理局,17
依赖,17
绿色,17
前,17
电解质,17
要,17
补贴,17
活动,17
部长,17
草案,17
运输,16
足够,16
快速,16
驱动,16
新建,16
勘探,16
完全,16
限制,16
成员国,16
2021,16
科学,16
加速,16
可靠,16
一旦,16
供电,16
座,16
西屋,16
负责,16
准备,16
环保,16
续航,16
更加,16
创造,16
规模,16
加入,16
化石,16
框架,16
文件,16
每,16
气候,16
网络,16
物理,16
煤炭,16
应对,16
构成,16
能源安全,16
枚,16
交易,15
独立,15
充放电,15
波兰,15
发电厂,15
法律,15
标志,15
一座,15
达成,15
20%,15
新一代,15
巨大,15
销售,15
电源,15
有机,15
维护,15
如,15
进入,15
最高,15
仅,15
•,15
钚,15
维持,15
各种,15
关于,15
两家,15
考虑,15
自,15
体系,15
下一代,15
奥巴马,15
分子,15
办公室,15
之间,15
气候变化,15
取得,15
长期,15
改善,15
万桶,15
长,15
越南,15
一,14
对于,14
非,14
氢气,14
自然,14
潜力,14
任何,14
直接,14
这项,14
融资,14
预测,14
高端,14
同意,14
非常,14
谅解,14
不断,14
期间,14
低成本,14
目的,14
贮存,14
匈牙利,14
小时,14
一款,14
财年,14
保护,14
突破,14
随着,14
海底,14
发电机,14
影响,14
核心,14
分钟,14
针对,14
制裁,14
储量,14
如果,14
给,14
电量,14
IAEA,14
千瓦,14
削减,13
把,13
一些,13
表面,13
聚变,13
近,13
按照,13
功率,13
一系列,13
光电,13
风险,13
丰田,13
混合,13
及其,13
延长,13
2015,13
发电量,13
模块化,13
平均,13
能源供应,13
大约,13
佩里,13
提取,13
解决方案,13
核技术,13
朝鲜,13
试验,13
普通,13
为了,13
核工业,13
来源,13
下降,13
又,13
表明,13
回收,13
超,13
贸易,13
微,13
亿英镑,13
模型,13
年底,13
现代化,13
家,13
海洋,13
500,13
会议,13
联邦,13
措施,13
竞争,13
电流,13
一家,13
海军,13
安保,13
钻井,13
退出,13
基本,12
型,12
设立,12
核设施,12
海水,12
石墨烯,12
范围,12
当地,12
2025,12
核聚变,12
因此,12
避免,12
禁止,12
确定,12
将会,12
家庭,12
之一,12
之后,12
各,12
内部,12
允许,12
存在,12
概念,12
意味着,12
广泛,12
埃及,12
300,12
贷款,12
署,12
风电场,12
协会,12
具体,12
沙特阿拉伯,12
组建,12
2050,12
两国,12
数量,12
新增,12
微型,12
反应,12
原型,12
全面,12
页岩,12
过去,12
阳极,12
有限公司,12
创建,12
潜艇,12
太阳,12
卫星,12
日本政府,11
水平,11
当,11
气体,11
很,11
水,11
电厂,11
机组,11
能源部长,11
初步,11
电站,11
车辆,11
BP,11
低碳,11
松下,11
致力于,11
阿联酋,11
机会,11
开放,11
一次,11
NNSA,11
在内,11
取代,11
吨,11
当前,11
结合,11
此举,11
合资,11
专家,11
小组,11
比例,11
总量,11
再,11
带来,11
克,11
汽油,11
固态,11
以来,11
间,11
国有,11
输电,11
领导,11
传感器,11
取消,11
鼓励,11
基金,11
桩,11
廉价,11
板,11
负极,11
北美,11
多个,11
一半,11
重组,11
埃克森,11
美孚,11
行政命令,11
粒子,11
赞比亚,11
重点,10
社会,10
太阳光,10
成,10
低温,10
合作伙伴,10
激光,10
中子,10
无需,10
消费,10
式,10
第一,10
两座,10
均,10
全部,10
瑞士,10
容器,10
使用寿命,10
阶段,10
1200,10
万英镑,10
出现,10
一体化,10
股份,10
海外,10
巨头,10
必须,10
沙特,10
无,10
锌,10
钴,10
转化成,10
做出,10
2026,10
累计,10
天,10
审查,10
功能,10
飞行,10
相当于,10
常规,10
核废料,10
修改,10
一步,10
协调,10
气,10
更好,10
区域,10
减排,10
覆盖,10
柴油,10
预算,10
首席,10
任务,10
阴极,10
举行,10
产业省,10
前景,10
物质,10
即,10
油田,10
特殊,10
费用,10
水下,10
俄气,10
调查,10
150,10
10%,10
购买,10
40%,10
2027,10
挑战,9
产能,9
基地,9
铝,9
充满,9
关系,9
韩国政府,9
许可证,9
程度,9
只,9
推出,9
总部,9
第二,9
亚洲,9
科学技术,9
核电厂,9
加快,9
符合,9
发挥,9
细菌,9
名为,9
颗粒,9
释放,9
巴西,9
台,9
外,9
国际原子能机构,9
该款,9
平方厘米,9
为期,9
离岸,9
参与,9
添加,9
集成,9
重大,9
200,9
镍,9
燃煤,9
甚至,9
适用,9
提议,9
更大,9
南部,9
级,9
区块,9
供应商,9
军用,9
行驶,9
罗尔斯,9
罗伊斯,9
面临,9
小,9
仅为,9
排放量,9
挪威,9
3D打印,9
整个,9
涉及,9
电动,9
拨款,9
即可,9
作业,9
终端,9
燃油,9
传输,9
全国,9
总理,9
两,9
废除,9
发电站,9
起,9
机制,9
零下,9
加拿大,9
一直,9
DOE,9
监督,9
SK,9
米,9
使得,9
利益,9
等离子体,9
墨西哥,9
生物质,9
白宫,9
铀矿,8
股权,8
至关重要,8
包含,8
丰富,8
商业化,8
液体,8
部,8
2040,8
这个,8
一氧化碳,8
摄氏度,8
意义,8
经过,8
至少,8
近海,8
广泛应用,8
稳定性,8
压力,8
万辆,8
化合物,8
新材料,8
乙醇,8
溶液,8
境内,8
400,8
有利于,8
东芝公司,8
拟,8
250,8
除了,8
库存,8
升级,8
核试验,8
状态,8
简单,8
潜在,8
理工学院,8
美国麻省理工学院,8
发明,8
展开,8
战略部,8
支出,8
废弃物,8
拆除,8
节省,8
国际海事信息网,8
高性能,8
验证,8
海域,8
总计,8
IEA,8
30%,8
站,8
建筑物,8
西门子,8
组合,8
改进,8
乌克兰,8
公共,8
电荷,8
尔,8
成员,8
虽然,8
部件,8
而且,8
资产,8
明年,8
亿桶,8
本次,8
倡议,8
近期,8
提交,8
产业化,8
进展,8
配备,8
立法,8
道路,8
为此,8
逐步,8
不再,8
一定,8
条约,8
美国斯坦福大学,8
水电,8
毫安,8
瑞典,8
合作项目,8
地位,8
摆脱,8
开启,8
检查,8
裂变,8
恢复,8
低于,8
加速器,8
SDI,8
危险,8
几乎,8
毫米,8
可再生,8
哈萨克斯坦,8
核材料,8
收入,8
核动力,8
地图,8
光线,8
水合物,8
核武库,8
电,8
里程,8
合金,8
左右,7
相同,7
氧气,7
收集,7
正极,7
120,7
东芝,7
多家,7
一起,7
比重,7
禁令,7
因为,7
5000,7
新工艺,7
捕获,7
整合,7
复杂,7
关闭,7
曾,7
电机,7
电压,7
微生物,7
低廉,7
高压,7
积极,7
培训,7
近年来,7
核电机组,7
原因,7
合作开发,7
优先,7
第一个,7
重启,7
军工,7
25%,7
照射,7
约旦,7
热,7
理工大学,7
氧化物,7
氧化,7
运用,7
导电,7
三,7
用作,7
导致,7
增至,7
接近,7
多孔,7
选择,7
发电能力,7
之前,7
显著,7
交付,7
一样,7
电缆,7
认证,7
人民币,7
专利,7
链,7
性,7
80%,7
趋势,7
年度,7
各国,7
燃气,7
含有,7
东部,7
堆芯,7
可能性,7
欧盟委员会,7
专业,7
银行,7
随后,7
无法,7
缩短,7
他们,7
努力,7
新兴,7
莫斯科,7
学院,7
地震,7
能源技术,7
领先地位,7
钍,7
港口,7
模拟,7
叶片,7
力争,7
纽约,7
多元化,7
交通,7
有意,7
指导,7
呼吁,7
多种,7
压水堆,7
体积,7
供,7
第三,7
莫迪,7
内阁,7
完工,7
中东,7
90%,7
5%,7
上升,7
处于,7
结果,7
用电,7
共同开发,7
钼,7
里程碑,7
推广,7
工具,7
表现,7
世纪,7
局,7
聚合物,7
阻止,7
镁,7
国,7
重量,7
50%,7
就业,7
蓄电池,7
实际,7
国外,7
合并,7
逆变器,7
核裂变,7
自动化,7
方向,7
证实,7
炼油,7
签订,7
西屋电气,7
处置,7
量产,7
保证,7
吸引,7
操作,7
液流,7
扩张,6
单位,6
寿命,6
穿戴,6
极大,6
重工,6
商用,6
元件,6
万亿韩元,6
用来,6
福岛,6
更新,6
％,6
耗资,6
辐照,6
易,6
消费者,6
运营商,6
棒,6
位置,6
机器人,6
浓缩,6
监测,6
农业,6
2024,6
出资,6
卡,6
2014,6
里克,6
本国,6
说,6
国防,6
化工,6
获取,6
前提,6
综合,6
碳纳米管,6
供热,6
面积,6
可达,6
2000,6
组成部分,6
官员,6
该国,6
联合体,6
水力,6
转移,6
可行性研究,6
交流,6
咨询,6
航空,6
太平洋,6
成熟,6
中央,6
抑制,6
试点,6
城市,6
压裂,6
中部,6
生态,6
主席,6
短缺,6
菲律宾,6
未,6
理事会,6
西班牙,6
万个,6
促使,6
流动,6
严格,6
速度,6
形式,6
美国政府,6
周期,6
探索,6
便宜,6
戴姆勒,6
改造,6
人,6
以后,6
德克萨斯州,6
纯,6
化,6
因素,6
以此,6
高度,6
快中子,6
BN,6
严重,6
了解,6
牵头,6
中据,6
订单,6
转向,6
轻水,6
增强,6
加大,6
种,6
履行,6
生效,6
当天,6
普鲁,6
伊特,6
输送,6
更高,6
另,6
做,6
统一,6
最多,6
和平,6
早期,6
此项,6
装机,6
较大,6
废弃,6
客户,6
以色列,6
StoreDot,6
两种,6
威胁,6
两倍,6
亿元,6
长达,6
采取,6
分解,6
大部分,6
某些,6
千瓦时,6
空间,6
代表,6
机器,6
官网,6
大陆架,6
科学研究,6
军方,6
干热岩,6
伏,6
照明,6
窗户,6
受,6
原理,6
激活,6
作战,6
脱,6
飞机,6
已有,6
份额,6
尤其,6
电力网,6
每个,6
月底,6
预期,6
孟加拉国,6
石油气,6
调整,6
350,6
EDF,6
ITER,6
几个,6
新闻,6
执行官,6
全新,6
文在寅,6
通用电气,6
寻找,6
NASA,6
上市,6
进军,6
煤矿,6
借助,6
架构,6
排名,6
无线,6
NRC,6
代替,6
特点,6
更长,6
加氢,6
夸克,6
款,6
杜克,6
手段,5
供应链,5
发起,5
膜,5
正常,5
爆炸,5
好,5
日立,5
气冷,5
160,5
地方,5
强大,5
总投资额,5
钻探,5
法国政府,5
投资银行,5
附近,5
比利时,5
掺杂,5
浮动,5
支架,5
各类,5
组装,5
层,5
电子设备,5
样品,5
电容量,5
凝胶,5
废水,5
昂贵,5
十分,5
适合,5
项,5
授予,5
许多,5
集中,5
大容量,5
公众,5
发电设备,5
加工,5
属于,5
优化,5
该项,5
竞标,5
谈判,5
100%,5
继,5
北部,5
600,5
造成,5
核潜艇,5
芬兰,5
美国公司,5
下属,5
矿石,5
里,5
地下,5
相对,5
临界,5
X,5
手机,5
再次,5
一年,5
高能量,5
甲醇,5
讨论,5
层面,5
几十年,5
VVER,5
内容,5
构建,5
表面积,5
兴建,5
州,5
像,5
财经,5
吉瓦时,5
许可,5
人工,5
尽快,5
两年,5
公用事业,5
采集,5
合作方,5
届时,5
油价,5
上游,5
投入使用,5
总数,5
钢铁,5
单次,5
实体,5
进步,5
人们,5
武器,5
完善,5
法规,5
脱欧,5
以外,5
E,5
磋商,5
电力系统,5
条款,5
援助,5
强调,5
催化,5
产物,5
劳伦斯,5
利弗莫,5
原料,5
可靠性,5
透露,5
公开,5
海岸,5
立方英尺,5
大小,5
大众,5
截至,5
财政部,5
停止,5
相当,5
路易斯安那州,5
蓝图,5
距离,5
半导体,5
纳米技术,5
远东,5
突破性,5
现在,5
占据,5
电价,5
即将,5
放宽,5
执行,5
ABB,5
C,5
万亿美元,5
则,5
步骤,5
淘汰,5
煤电,5
途径,5
自动,5
明确,5
这份,5
功率密度,5
更具,5
盐,5
移动,5
定价,5
超越,5
煤炭行业,5
用户,5
专用,5
快,5
参加,5
自身,5
从事,5
和平利用,5
植入,5
矿物,5
处,5
今后,5
发生,5
防止,5
奠定,5
同位素,5
生产商,5
放射源,5
道,5
厚度,5
扩散,5
可持续性,5
迈出,5
化学反应,5
此,5
改革,5
全,5
细节,5
度,5
淡化,5
最低,5
转变,5
司令部,5
UUV,5
标准化,5
卢布,5
家用,5
因,5
记录,5
二氧化钛,5
服务公司,5
热量,5
走廊,5
副,5
应急,5
能源需求,5
电气,5
电池组,5
欧亚,5
捷克,5
1.2,5
等级,5
大国,5
打破,5
运送,5
专注,5
非洲,5
运作,5
产气,5
日产,5
保加利亚,5
指挥,5
通信,5
人才,5
IOC,5
商,5
前沿,5
组,5
发展中国家,5
这样,5
卢比,5
计算,5
另外,5
破产,5
粉末,5
加油站,5
™,5
水系,5
若,5
丹麦,5
坦桑尼亚,5
输出,5
Model3,5
DongEnergy,5
设在,5
十年,5
对撞机,5
面板,5
cnBeta4,5
充电器,5
核能力,5
运载,5
愿景,5
冷却,5
巴士,5
车,5
超薄,5
2032,4
变得,4
分离,4
成本低,4
超长,4
即使,4
还有,4
10000,4
三菱,4
出口商,4
废料,4
涡轮机,4
布鲁塞尔,4
中核,4
化学品,4
合成气,4
混合物,4
溶解,4
电化学,4
效果,4
70%,4
捕集,4
证明,4
公路,4
Rosenergoatom,4
远东地区,4
优异,4
理念,4
事故,4
进程,4
来说,4
英国剑桥大学,4
替代品,4
并且,4
首座,4
除,4
损失,4
运转,4
长时间,4
交换,4
上述,4
投产,4
北极圈,4
拓展,4
合资企业,4
AP1000,4
征求,4
达成协议,4
可用,4
开发商,4
军事,4
美政府,4
金额,4
稀有金属,4
钾,4
结晶,4
缺陷,4
CFETR,4
第二阶段,4
2035,4
示范,4
energy,4
智能手机,4
不易,4
含,4
薄膜,4
或者,4
白皮书,4
行业协会,4
负责人,4
既,4
贡献,4
领导人,4
MCC,4
快堆,4
具备,4
协商,4
储氢,4
立即,4
175,4
经济性,4
期限,4
隔离,4
进一步提高,4
访问,4
三维,4
弹性,4
二次,4
不足,4
复合,4
增率,4
年间,4
携手,4
落实,4
实践,4
迅速,4
刺激,4
收益,4
温室,4
领先,4
俄油,4
日起,4
增量,4
石油市场,4
国防部,4
能源消耗,4
员工,4
矿业,4
行动,4
名,4
协助,4
编制,4
出新,4
确认,4
原则,4
第四,4
自己,4
规则,4
总额,4
炼厂,4
阳光,4
医疗,4
中文网,4
中期,4
株式会社,4
数字,4
寻求,4
立场,4
美元,4
来看,4
替换,4
更换,4
土地,4
霍夫,4
FERC,4
获批,4
英尺,4
吸附,4
承受,4
股份公司,4
扩展,4
炼油厂,4
外国,4
发表声明,4
油,4
拍卖,4
动力电池,4
逐渐,4
联网,4
点,4
论坛,4
800,4
顺利,4
越来越,4
得益于,4
可行性,4
英镑,4
克利,4
角,4
进口国,4
中称,4
一套,4
水分子,4
还原,4
后者,4
荷兰政府,4
强化,4
州立大学,4
流体,4
光,4
逾,4
只是,4
金融,4
第,4
2028,4
二,4
对朝,4
成品油,4
1.5,4
联合国,4
补充,4
义务,4
各地,4
接收,4
行动计划,4
休斯顿,4
环保局,4
损害,4
电子产品,4
状况,4
1400,4
颁发,4
DeepTech,4
深,4
钠离子,4
硫,4
打算,4
透明,4
就业机会,4
人士,4
引发,4
新一轮,4
出口国,4
出口量,4
南非,4
电池容量,4
争取,4
扩建,4
公告,4
电装,4
整体,4
知识,4
农场,4
几年,4
矿床,4
投资者,4
内政部,4
担心,4
柬埔寨,4
高能,4
基荷,4
大多数,4
降低成本,4
达尔,4
聚光,4
有人,4
GIF,4
EV,4
保留,4
创下,4
2011,4
生产成本,4
木质,4
纤维素,4
分解成,4
理论,4
还要,4
SunShot,4
少,4
无人,4
尺寸,4
本土,4
韩,4
普京,4
900,4
无人驾驶,4
响应,4
障碍,4
领土,4
石油勘探,4
地质,4
ORE,4
NuScale,4
日益增长,4
起来,4
小规模,4
审批,4
镜片,4
厚,4
一般,4
玻璃,4
并网,4
铅酸,4
制取,4
简化,4
商定,4
核不扩散,4
月份,4
暂停,4
岗位,4
熔盐,4
6%,4
经验,4
集装箱,4
污染,4
经,4
高放,4
填埋,4
关注,4
分为,4
1500,4
修建,4
连接,4
陶氏,4
应该,4
递交,4
输出功率,4
强劲,4
火力发电,4
协力,4
至今,4
普及,4
优惠,4
南海,4
试,4
柴油车,4
希腊,4
必要,4
增资,4
英国首相,4
梅,4
规模化,4
PV,4
美国进口,4
美国国防部,4
麾下,4
阿尔法,4
新任,4
重要性,4
核弹头,4
4000,4
反应器,4
SBI,4
临时,4
一倍,4
输配电,4
物联网,4
涂料,4
氢能,4
产,4
制造厂,4
MNRE,4
竞选,4
延伸,4
科学杂志,4
cnBeta6,4
彭博,4
增幅,4
仍然,4
苹果公司,4
发行,4
440,4
东京,4
IREDA,4
IPO,4
光能,4
态度,4
电池厂,4
持股,4
一天,4
携带,4
强子,4
石墨,4
印度尼西亚,4
é,4
依靠,4
第二代,4
芯片,4
阿美,4
弹头,4
件,4
数,4
态,4
碲,4
喀山,4
生成,4
KeystoneXL,4
机械,4
搭载,4
塔吉克斯坦,4
通讯,4
非传统,4
铱,4
苹果,4
旋翼,4
Swatch,4
电车,4
商用化,3
原材料,3
强有力,3
电解,3
起火,3
弯折,3
不变,3
联手,3
已于,3
开始运行,3
尚未,3
脉冲,3
力,3
加热,3
通商,3
110,3
其余,3
很大,3
YesBank,3
现场,3
竣工,3
同类,3
放射性核素,3
兆,3
转化率,3
比达,3
比如,3
楚科奇,3
器件,3
印刷,3
光学,3
裂缝,3
引入,3
短路,3
少量,3
仍能,3
基,3
移动设备,3
MFC,3
负担,3
国立大学,3
HKUST,3
深化,3
4800,3
计划性,3
阴离子,3
尿素,3
毫瓦,3
亚马尔,3
Moorside,3
原,3
NuGen,3
再度,3
ENGIE,3
万户,3
接受,3
第一座,3
时代,3
2.6,3
等国,3
联系,3
邀请,3
用途,3
进行谈判,3
核威胁,3
现代,3
元素,3
95%,3
设想,3
四,3
而成,3
墨水,3
打印,3
消除,3
燃烧,3
阻燃剂,3
磷酸,3
伏特,3
节约,3
前任,3
闭合,3
强,3
连续,3
碳化,3
今年年底,3
沃罗涅日,3
创新性,3
知识产权,3
南澳大利亚,3
州政府,3
蜘蛛网,3
活性,3
高容量,3
1%,3
芝加哥,3
试飞,3
生物质能,3
千米,3
持有,3
亿韩元,3
华信,3
澳大利亚政府,3
展示,3
署长,3
领导者,3
固体,3
陆上,3
困难,3
指令,3
所有权,3
第三国,3
同,3
大陆,3
激励机制,3
一新,3
过渡,3
杂化,3
一条,3
氧化铜,3
更为,3
日经,3
设定,3
值,3
软银,3
租赁,3
迄今为止,3
翻一番,3
足以,3
报,3
财团,3
&,3
很快,3
增材,3
法,3
美国能源,3
经理,3
东海岸,3
两条,3
罗,3
阱,3
×,3
碘,3
恶劣,3
宝马,3
福特汽车公司,3
人员培训,3
深水,3
解释,3
墨西哥湾,3
总体,3
快速增长,3
国立,3
室温,3
出席,3
适应,3
能效,3
唯一,3
物探,3
欣,3
增殖,3
蔚山,3
7%,3
变电站,3
国家电网,3
议员,3
联邦政府,3
基建,3
美国哈佛大学,3
固定,3
单,3
原子,3
注入,3
选择性,3
ARPA,3
建模,3
光合作用,3
前期,3
国家能源委员会,3
各州,3
抽水,3
蓄能,3
个人,3
仅限于,3
CESMII,3
总结,3
反对,3
2005,3
下令,3
说明,3
平衡,3
高级,3
普渡大学,3
光桥,3
收到,3
通知,3
聚,3
穿过,3
放电,3
极低,3
零排放,3
LG,3
营业,3
议会,3
审议,3
商务,3
大臣,3
格雷格,3
克拉克,3
钠基,3
大大降低,3
肌醇,3
更强,3
所以,3
消费国,3
意见,3
一批,3
卡塔尔,3
浮式,3
一代,3
跑,3
320,3
次后,3
依然,3
不能,3
填补,3
缺口,3
瓦特,3
瓦时,3
两项,3
安全监管,3
ONR,3
需求量,3
竞争对手,3
Gigafactory,3
2023,3
初期,3
纤维,3
2500,3
最近,3
现状,3
生产国,3
前后,3
缺乏,3
相应,3
国会,3
国土,3
不是,3
年据,3
变暖,3
对话,3
放射,3
教育,3
工作组,3
NTP,3
生产工艺,3
多年,3
密封,3
资本,3
卡车,3
短短,3
攻克,3
转换成,3
表达,3
理,3
弯曲,3
第四代,3
仪式,3
核查,3
世界纪录,3
称该,3
页,3
应,3
消耗,3
车用,3
力度,3
激励,3
多项,3
年来,3
竞拍,3
才能,3
额度,3
重离子,3
锆,3
美海军,3
三大,3
日益,3
矿工,3
巨型,3
修订,3
估计,3
例如,3
首先,3
然后,3
契机,3
水中,3
峰值,3
中所,3
重大突破,3
受到,3
极其,3
但是,3
超导,3
质量,3
同样,3
金正恩,3
弹道导弹,3
耐受,3
湿度,3
箔片,3
原有,3
灵活,3
有利,3
两国关系,3
法令,3
共,3
容纳,3
中断,3
上涨,3
情报,3
会上,3
实物,3
公约,3
运输部,3
相似,3
市值,3
235,3
非常适合,3
辐射,3
美国加州大学,3
LED,3
氘,3
氦,3
第一批,3
重水,3
全美,3
个州,3
外形,3
永久,3
掌握,3
自主化,3
同比,3
关键技术,3
差,3
陆地,3
缅甸,3
古里,3
杜邦公司,3
征收,3
主管,3
停电,3
专门,3
千,3
美国国务院,3
流程,3
热能,3
地点,3
担任,3
亚太地区,3
最新型,3
开工,3
万千瓦,3
亿日元,3
220,3
万立方米,3
进口量,3
私营部门,3
英里,3
试采,3
含量,3
迈克尔,3
罗马尼亚,3
最后,3
流,3
发达国家,3
铋,3
增速,3
美国空军,3
伊朗核,3
发出,3
标书,3
藻类,3
提名,3
装配,3
上限,3
东南亚,3
经济制裁,3
去年,3
发布会,3
安,3
多达,3
特别,3
Holos,3
紧密,3
51%,3
东欧国家,3
商务部,3
之,3
GE,3
贝克,3
休斯,3
230,3
中该,3
1.8,3
SENA,3
MP2,3
德州,3
7000,3
130,3
斯洛文尼亚,3
拒绝,3
设计方案,3
每天,3
美国众议院,3
薄片,3
看,3
举措,3
欧后,3
检测,3
变化,3
水蒸气,3
印,3
剩余,3
寿命长,3
ATRIUM,3
改良,3
描述,3
真正,3
年代,3
特蕾莎,3
美分,3
延期,3
兑现,3
亚,3
投行,3
氟,3
电路,3
很多,3
车载,3
超出,3
核扩散,3
债券,3
减产,3
核科学,3
储,3
据称,3
高峰期,3
纽约州,3
主任,3
阿,3
达尼,3
运往,3
名单,3
最快,3
多数,3
赞成,3
率,3
OMV,3
NIOC,3
总经理,3
边境,3
共和党,3
共有,3
学术,3
劳伦斯伯克利,3
加州,3
RosneftOil,3
供能,3
合理,3
出来,3
树,3
SKInnovation,3
高功率,3
反垄断,3
转让,3
剥离,3
战略情报,3
绩效,3
指数,3
明显,3
铺设,3
学会,3
充电电池,3
用以,3
庞大,3
税率,3
彻底,3
局面,3
滑翔,3
建,3
格局,3
易燃,3
彻底改变,3
舰艇,3
智库,3
移交,3
控股公司,3
中将,3
3000,3
阿布扎比,3
裁决,3
官方,3
俄罗斯科学院,3
物理学,3
全资,3
买家,3
象草,3
成分,3
欧洲核子研究中心,3
CERN,3
LHCb,3
实验组,3
六,3
厂房,3
远程,3
反复,3
万次,3
细沙,3
状,3
老化,3
3500,3
该船,3
激光器,3
外壳,3
中科院,3
美国化学会,3
材料科学,3
电场,3
风,3
人工智能,3
学习,3
通用,3
时该,3
撤销,3
利用率,3
输油管道,3
墙壁,3
驾驶,3
探测,3
直流,3
原子序数,3
PNOC,3
视频,3
放置,3
载荷,3
掌控,3
动力源,3
哈曼,3
ADNOC,3
洞穴,3
瓦片,3
三代,3
加,3
工作人员,3
硒,3
LSC,3
干电池,3
CBO,3
珠海,3
银隆,3
可印刷,3
ReNewPowerVentures,3
本田,3
日立公司,3
药物,3
固溶体,3
铂金,3
欧佩克,3
自行车,3
胶囊,3
户外,3
强度,3
SUN2,3
杰拉,3
版本,3
CAP1400,3
定型,3
NationalGrid,3
率先,2
引领,2
原子能部,2
DAE,2
2031,2
自给自足,2
NewNP,2
领军者,2
支撑,2
网状,2
时会,2
纯度,2
99%,2
耐用性,2
高可,2
极,2
电芯,2
暴露,2
气冷堆,2
新南威尔士,2
硼,2
煤,2
60%,2
逐年,2
EIB,2
加纳,2
邦,2
合格,2
审核,2
漂浮,2
西海岸,2
户,2
尝试,2
4%,2
院,2
CARR,2
安全可靠,2
高技术,2
多用途,2
考验,2
单晶硅,2
计量,2
爱达荷,2
低压,2
溶剂,2
结果显示,2
帕,2
最好,2
一致,2
14%,2
铁路运输,2
共识,2
北海,2
到达,2
比利,2
比诺,2
蜂巢状,2
力学,2
大幅提高,2
思路,2
在于,2
冲击,2
受损,2
Lightsource,2
插,2
电式,2
450,2
棱柱,2
源于,2
电鳗,2
冲绳,2
另一侧,2
万澳元,2
吸附剂,2
缓慢,2
致密,2
迄今,2
适度,2
减小,2
伙伴关系,2
塔巴,2
英政府,2
因数,2
同一,2
指,2
特定,2
数值,2
萨里,2
伦敦,2
碳基电,2
选用,2
带动,2
生产线,2
对象,2
坎布里亚郡,2
厂址,2
FOA,2
提案,2
库,2
两用,2
建设项目,2
每座,2
当局,2
清理,2
苏联,2
对乏,2
中国科技部,2
法利赫,2
敦促,2
Malyshevsky,2
矿区,2
铍,2
VNIIKhT,2
日本东京大学,2
工程设计,2
分,2
三步走,2
第一阶段,2
立项,2
科学实验,2
兹,2
郡,2
8000,2
华威,2
氙,2
球床,2
帝国,2
蓝藻,2
喷墨,2
一张,2
纸上,2
白天,2
夜间,2
理想,2
一次性,2
对外,2
3200,2
多次,2
时长,2
工作电压,2
3.7,2
钙,2
迁移,2
留下,2
生产力,2
承认,2
怀疑,2
想要,2
采矿,2
技术开发,2
原子力,2
支援,2
Westwood,2
650,2
超高,2
水热,2
活化,2
Lightbridge,2
第一季度,2
按计划,2
赢得,2
Neoen,2
管理系统,2
安排,2
形状,2
速度慢,2
GlobalData,2
2006,2
4.2%,2
8%,2
305,2
加注,2
航班,2
平稳,2
机场,2
航煤,2
取得成功,2
2013,2
源,2
称到,2
市场需求,2
追加,2
放弃,2
大静,2
两大,2
锡,2
期望,2
供应国,2
供应量,2
西澳,2
屋顶,2
分布式,2
互联,2
流通,2
政治,2
能源行业,2
公认,2
纳,2
美国市场,2
NavigantResearch,2
美国防部,2
523,2
花费,2
6900,2
过剩,2
造船,2
在短期内,2
复苏,2
菲斯,2
2.5,2
更少,2
团结,2
第三方,2
准入,2
关税,2
管线,2
迈向,2
国际贸易,2
仅次于,2
各方,2
乌,2
限度,2
现象,2
可使,2
信号,2
回应,2
巧妙,2
区,2
两者,2
乌兹别克斯坦,2
年产,2
晶体,2
易于,2
银丝,2
泡沫,2
新型材料,2
调节,2
罚款,2
新车,2
纳入,2
出台,2
税收,2
中前,2
减免,2
铸件,2
结束,2
公园,2
西北,2
卡尔,2
存储系统,2
美国联邦,2
能源管理,2
大西洋,2
二者,2
甲基,2
坚固,2
IONITY,2
HPC,2
马,2
投资总额,2
转,2
加上,2
行为,2
权,2
新墨西哥州,2
万亿,2
沿海地区,2
有史以来,2
块,2
节能,2
轻量化,2
描绘,2
汽车产业,2
扶持,2
量子,2
传递,2
发光,2
第一副,2
外来,2
总裁,2
俄政府,2
欧洲委员会,2
科研,2
建筑,2
带入,2
返回,2
工业化,2
成套,2
削弱,2
夯实,2
证据,2
以南,2
兴趣,2
拥有量,2
92.5,2
国际石油,2
打,2
1.3,2
输入,2
两党,2
斯坦福大学,2
光照,2
树叶,2
质子,2
公共安全,2
技术创新,2
计划署,2
维修,2
振兴,2
开发新,2
呼吸,2
自给,2
偏远地区,2
实用,2
私人,2
身份,2
1990,2
57%,2
官方网站,2
截止,2
外长,2
卢森堡,2
召开,2
遵守,2
围绕,2
培养,2
战略目标,2
市,2
市长,2
健康,2
局长,2
纸,2
浸入,2
胺,2
制得,2
纸张,2
微瓦,2
电容,2
生物医学,2
重申,2
坚持,2
谈到,2
英法,2
陶瓷,2
导热,2
储热,2
介质,2
叶式,2
全金属,2
一层,2
弗罗茨瓦夫,2
分部,2
三家,2
生产厂,2
保障制度,2
钠离子电池,2
常见,2
永远,2
石油部长,2
部将,2
令,2
凤凰,2
EPA,2
强制,2
制造业,2
拿出,2
未能,2
7400,2
KHNP,2
充仅,2
安培,2
对抗,2
巴斯夫,2
德国政府,2
意识,2
日本松下公司,2
西部,2
液晶面板,2
姬路,2
莱斯,2
沥青,2
保持稳定,2
电流密度,2
每千克,2
马自达,2
人力,2
CNSC,2
Northvolt,2
打造,2
之际,2
圈,2
人体,2
轻型,2
体内,2
中以,2
衣物,2
极高,2
力量,2
案例,2
Innogy,2
船只,2
热水,2
用量,2
然而,2
省,2
提出申请,2
引进,2
候选,2
顶级,2
野生动物,2
7.7,2
第一步,2
巴拉圭,2
核医学,2
环境保护,2
所属,2
低能,2
成就,2
停止使用,2
硅化,2
氧化铀,2
整形,2
定期,2
代表团,2
EREN,2
间接,2
总值,2
快充,2
483,2
难题,2
相较,2
贴,2
衣服,2
薄型,2
积极参与,2
以前,2
百度,2
跨国企业,2
任,2
核国家,2
权力,2
这笔,2
薄,2
数十倍,2
大面积,2
走出,2
油井,2
过,2
核事故,2
进而,2
浸泡,2
呋喃,2
乙醇汽油,2
最强,2
粮食,2
不但,2
热法,2
射束,2
核散裂,2
革新,2
一大步,2
SSCPacific,2
潜航,2
器,2
斥资,2
610,2
系统升级,2
保护主义,2
共同努力,2
交通部长,2
新规,2
版,2
投放,2
市场营销,2
船舶,2
NERC,2
经济效益,2
马里兰大学,2
水基,2
笔记本电脑,2
涂层,2
有机溶剂,2
光敏,2
科平,2
正对,2
深处,2
钻获,2
体,2
勘查,2
岩体,2
蒸汽,2
中美洲,2
南美洲,2
拟议,2
效能,2
差别,2
周围,2
环境温度,2
室内,2
下午,2
氢弹,2
洲际,2
国产化,2
耐用,2
蜂窝,2
蜂窝状,2
85%,2
技术人员,2
首款,2
通电,2
0,2
水面,2
NSWCCD,2
网络安全,2
研究员,2
机载,2
原先,2
好处,2
便捷,2
有用,2
华盛顿,2
美哈,2
时期,2
突出,2
尼古拉斯,2
于洛,2
抵抗,2
作出,2
飓风,2
储油,2
汽油价格,2
交换意见,2
议题,2
专项,2
修订案,2
垃圾,2
大卡车,2
发动机,2
9800,2
多余,2
智慧,2
大可,2
NRG,2
JRC,2
长期以来,2
233,2
伸展,2
酶,2
平板,2
阵列,2
无线电,2
痕量,2
IHSMarkit,2
年增,2
4.7,2
降到,2
以下,2
吉瓦据,2
所得,2
破土动工,2
设有,2
交易平台,2
科技网,2
印度斯坦,2
最早,2
俄方,2
加工能力,2
特征,2
1800,2
航运,2
上海,2
有限责任,2
核心技术,2
拉丁美洲,2
日均,2
仿真,2
垄断,2
门,2
普拉,2
丹,2
邻国,2
高管,2
东北部,2
总长,2
化工企业,2
特种,2
HMRC,2
日渐,2
增值税率,2
STA,2
兼,2
下调,2
户主,2
姆,2
韦斯特,2
漏洞,2
黑客,2
SMA,2
重新加入,2
尽管,2
发射,2
气态,2
TerraE,2
CEO,2
格里,2
满负荷,2
事项,2
孟加拉,2
日元,2
AfDB,2
密切,2
带头,2
随时,2
筹备,2
AEP,2
WindCatcher,2
线路,2
神狐,2
后续,2
蓝鲸,2
空气污染,2
二氧化氮,2
具体措施,2
网络连接,2
东南欧,2
钱,2
合肥,2
引线,2
一体,2
开发计划,2
免受,2
指导性,2
效益,2
铁路,2
环境友好,2
科罗拉多,2
周期表,2
重金属,2
无毒,2
44%,2
中向,2
Tech7,2
巴拉特,2
诺斯罗普,2
格鲁曼,2
控制能力,2
友好,2
麦迪逊,2
麦金,2
太尔,2
指定,2
任命,2
第三个,2
理查德,2
民主党,2
超小型,2
并行,2
堆叠,2
单个,2
直射,2
所用,2
相信,2
同类产品,2
巨变,2
万亿立方米,2
统计,2
头号,2
受益,2
亿立方米,2
地热,2
县,2
埃,2
尔多,2
机遇,2
汽轮机,2
德克萨斯,2
首尔,2
锰基,2
诺曼,2
毫秒,2
时段,2
充当,2
霍洛,2
发放,2
MHI,2
艾,2
西斯,2
腾,2
15%,2
匈,2
到期,2
胁迫,2
砂岩,2
找矿,2
铀矿床,2
探明,2
不得,2
提及,2
有效性,2
酸性,2
访美,2
步伐,2
工人,2
联合声明,2
切尼,2
CovePointLNG,2
半岛,2
检验,2
340,2
上周,2
私营,2
年里,2
面向,2
由此,2
核力量,2
215,2
140,2
引导,2
命运,2
此事,2
美国国家航空航天局,2
高约,2
那么,2
火星,2
输油管线,2
目的地,2
独家,2
修正,2
法该,2
尤卡山,2
场址,2
Fraunhofer,2
Gesellschaft,2
一面,2
多层,2
哈林顿,2
西欧,2
纳米级,2
皇家,2
硫化,2
场所,2
泰米尔纳德邦,2
峰会,2
斯里兰卡,2
天然,2
49%,2
2010,2
预估,2
额外,2
公社,2
280,2
新一届,2
减速,2
沸水,2
GAIA,2
HTP,2
里奇兰,2
材料价格,2
远,2
通常,2
金属元素,2
干燥,2
查,2
尔姆,2
斯,2
逃逸,2
快报,2
Mayak,2
新政府,2
州际,2
才,2
税,2
在建,2
液化气,2
工作温度,2
创业,2
碱性,2
SyntheticGenomics,2
历史性,2
炼制,2
展现,2
2.8,2
零碳,2
居,2
可延长,2
铺平道路,2
远离,2
移动装置,2
冶金,2
厂,2
适于,2
视为,2
防,2
更快,2
降至,2
放缓,2
雷诺,2
二手,2
下来,2
这座,2
该州,2
州长,2
北京,2
外界,2
其实,2
多样性,2
ADANES,2
斗山,2
时候,2
岩石,2
结壳,2
铂,2
950,2
Tech6,2
经济委员会,2
印度卢比,2
注册,2
人造,2
如何,2
必要性,2
方针,2
保有,2
阻碍,2
新版,2
全体会议,2
自民党,2
公明党,2
1900,2
零部件,2
著名,2
马来西亚,2
反倾销,2
请求,2
厂商,2
市场份额,2
警告,2
若干,2
Apex,2
胡德堡,2
美军基地,2
内为,2
绝对,2
吸取,2
净化,2
并用,2
销售收入,2
墙,2
乐金,2
概念设计,2
斯洛伐克,2
联合开发,2
加利福尼亚州,2
270,2
地热资源,2
以便,2
配合,2
市场供应,2
与其,2
大大,2
维多利亚州,2
东南,2
环保署,2
缔结,2
静电,2
TENGs,2
摩擦,2
交流电,2
地面,2
讷韦尔,2
年于,2
1.1,2
700,2
最远,2
公用,2
力士,2
经济体,2
位列,2
安置,2
铜板,2
工程师,2
139,2
航母,2
舰队,2
加压,2
商品,2
18%,2
士兵,2
品牌,2
反核,2
可燃冰,2
LHC,2
Linac2,2
融合,2
众院,2
潮汐发电,2
培训中心,2
落成,2
控制系统,2
总裁兼,2
EmeterioGuti,2
rrez,2
国防科技,2
要闻,2
仓库,2
分配,2
NitiAayog,2
出行,2
塞拉,2
菲尔德,2
之外,2
149,2
分支,2
俄土,2
东京都,2
岛村,2
福利,2
2170,2
萨,2
达拉,2
发展前景,2
诺基亚,2
遭受,2
核管会,2
依据,2
USITC,2
涉案,2
天内,2
救济,2
初始,2
演讲,2
很少,2
24%,2
研究组,2
3D,2
西伯利亚,2
提炼,2
容易,2
颁布,2
KAERI,2
内存,2
主导地位,2
国营,2
丰田公司,2
生长,2
收获,2
佛罗里达,2
空气质量,2
短期,2
豁免,2
爆发,2
俄企,2
列入,2
核政策,2
增多,2
三位一体,2
ALLEGRO,2
选址,2
衰变,2
综合体,2
INRA,2
布什尔,2
工业部门,2
EVgo,2
规格,2
市面上,2
经费,2
蓄电,2
一周,2
这款,2
SHiP,2
ElectrifyAmerica,2
升水,2
冷凝,2
铃木,2
存量,2
ICBM,2
SLBM,2
重型,2
轰炸机,2
架,2
发射装置,2
英国曼彻斯特大学,2
升,2
纪录,2
瓦,2
Powerwall,2
还会,2
NC2,2
盟友,2
空中,2
电力行业,2
甲板,2
反射,2
山脉,2
之下,2
大连,2
化物所,2
构型,2
腾讯,2
红宝石,2
设计局,2
勘测,2
2036,2
IEEFA,2
矿物质,2
M,2
谋求,2
ISIS,2
全固态,2
物理化学,2
片,2
TRI,2
夜晚,2
天气,2
存储容量,2
麻省理工学院,2
水冷却,2
年初,2
38%,2
北京大学,2
制氢,2
双,2
韩国三星,2
日德,2
伙伴,2
极限,2
辨识,2
克服,2
做法,2
苏黎世,2
cnBeta3,2
档案,2
物理学家,2
750,2
找到,2
存放,2
监测技术,2
演示,2
实用性,2
施瓦贝,2
日光,2
凝结尾流,2
均匀,2
斯坦,2
财政部长,2
路透社,2
歌美飒,2
并购,2
麦格纳,2
年均,2
立,2
医学,2
BEIS,2
芒格,2
洛尔,2
SFEN,2
票,2
出任,2
持,2
军队,2
自然灾害,2
攻击,2
期待,2
咨询服务,2
美国明尼苏达大学,2
广阔,2
试运行,2
团簇,2
总共,2
沉积,2
干法,2
1.9,2
0.4,2
战术,2
将要,2
价格低廉,2
EMIC,2
只有,2
场景,2
工程项目,2
轻质,2
格力电器,2
空调,2
几项,2
JERA,2
迈阿密,2
体型,2
立方体,2
CubeSats,2
操控,2
桁架,2
空间站,2
车架,2
桌面,2
房子,2
住户,2
环境空气,2
浓度,2
航天,2
测量船,2
大风,2
话语权,2
KOGAS,2
物体,2
中性,2
腐蚀性,2
有毒,2
场合,2
吹动,2
塑料,2
正负极,2
溶于,2
降低生产,2
过渡政府,2
类型,2
每日,2
13000,2
新款,2
胃酸,2
安全检查,2
Note7,2
事件,2
1250,2
南京,2
Isprl,2
Adnoc,2
布法罗,2
施耐德,2
Khalidal,2
Falih,2
达科,2
高质量,2
化学变化,2
欧,2
衰减,2
秒,2
便携,2
AEOI,2
计算机,2
策略,2
这台,2
此基础,2
北纬,2
度称,2
图像,2
积雪,2
AmecFosterWheeler,2
PaperBatteryCompany,2
纸片,2
最终目标,2
三份,2
集团公司,2
高等教育部,2
能源业,2
沙迦,2
以氢,2
AML,2
矽,2
储电,2
g,2
AI,2
氮化物,2
络合物,2
内层,2
分会,2
迫在眉睫,2
防御,2
EIA,2
净,2
各个,2
CEA,2
自给率,1
技术革新,1
全球性,1
绝非,1
坦途,1
矿山,1
75.5%,1
美国哥伦比亚大学,1
高纯度,1
外侧,1
涂覆,1
气泡,1
流失,1
飘至,1
上方,1
室,1
隔膜,1
该无膜,1
浙江大学,1
短时间,1
电可,1
45000,1
火焰,1
电子器件,1
悉尼,1
两束,1
精确,1
非线性,1
原子核,1
压缩,1
不同于,1
那样,1
之类,1
增建,1
1010,1
34%,1
重蹈,1
核灾,1
覆辙,1
法国议会,1
签发,1
声称,1
象征性,1
全靠,1
商业银行,1
卡纳塔克邦,1
泰伦,1
马哈拉施特拉邦,1
拉贾斯坦邦,1
Floatgen,1
坐落于,1
2950,1
可为,1
少数几个,1
WindEurope,1
紧随,1
国据,1
验收,1
技术指标,1
束流,1
前列,1
主要用途,1
散射,1
电离辐射,1
照相,1
活化分析,1
极性,1
0.28,1
封存,1
27%,1
具体来说,1
公路交通,1
电表,1
罗蒙诺索,1
夫,1
院士,1
定于,1
秋季,1
春天,1
抵达,1
摩尔曼斯克,1
后该,1
沿着,1
航线,1
沿海,1
城镇,1
据此,1
耐,1
性可,1
缓冲,1
谐振腔,1
橡树,1
岭,1
ORNL,1
故障,1
碎裂,1
遭遇,1
隔开,1
只会,1
初始值,1
43%,1
更名,1
LightsourceBP,1
重回,1
油电,1
形,1
弗里堡,1
利用生物,1
相容性,1
灵感,1
管状,1
相仿,1
软体,1
移植物,1
废水处理,1
某种意义,1
讲,1
厌氧,1
进食,1
消化,1
排出,1
细胞,1
自行,1
ARENA,1
2920,1
奖金,1
莫,1
纳什,1
英联邦,1
cnBeta12,1
中国香港,1
金属有机骨架,1
MOF,1
悬浮,1
离心分离,1
后放于,1
真空,1
蒸发,1
箱,1
燃料箱,1
人才交流,1
认可,1
俄巴,1
总工期,1
5600,1
进度,1
紧缺,1
低得,1
勒姆,1
8600,1
统计资料,1
UCL,1
1.0%,1
3.4%,1
2.4%,1
内因,1
越低,1
度及,1
越佳,1
玛丽,1
王后,1
埃洛石,1
模板,1
糠醛,1
氮源,1
碳源,1
黑色,1
细粉,1
出氮,1
703,1
重大项目,1
特大型,1
被誉为,1
镶嵌,1
一颗,1
明珠,1
边疆地区,1
条,1
穆尔,1
赛德,1
中选,1
立足点,1
版图,1
分摊,1
全年,1
每季度,1
遴选,1
埃及政府,1
采取措施,1
遗留,1
遗产,1
北方地区,1
万罐乏,1
等待,1
白俄罗斯,1
遣返,1
弹射,1
纽带,1
对接,1
新机遇,1
不感兴趣,1
数十亿美元,1
Rostec,1
尾,1
料场,1
精矿,1
年度报告,1
日益严重,1
紧张,1
一整套,1
先端,1
铷,1
20.5%,1
特定条件,1
规整,1
以我为主,1
第三阶段,1
终极,1
拟向,1
西,1
米德兰,1
1.07,1
电功率,1
悉尼大学,1
新加坡,1
南洋,1
铁,1
其储电,1
若能,1
打印机,1
蚀刻,1
生物降解,1
研,1
万平方米,1
烟尘,1
灰渣,1
即便,1
遇到,1
甲酯,1
高浓度,1
堪比,1
4.6,1
化学原料,1
镧,1
氧化铁,1
氧原子,1
氢水,1
氢和水,1
液态,1
烃,1
制品,1
不可或缺,1
宏大,1
深入,1
评论家,1
颠覆,1
中东地区,1
军备竞赛,1
沙特政府,1
现任,1
跟上,1
对手,1
最小化,1
独特,1
MOX,1
高新技术,1
几十吨,1
两国政府,1
给予,1
牢固,1
渠道,1
韩企,1
WorldOffshoreWindMarketFore,1
总支出,1
3960,1
17.8,1
95.2,1
64%,1
期内,1
14500,1
基座,1
15900,1
个据,1
诺丁汉大学,1
香烟头,1
良性,1
烟头,1
过滤嘴,1
活性炭,1
展现出,1
前所未有,1
难以解决,1
环境污染问题,1
极具,1
延迟,1
子孙后代,1
身上,1
前为,1
列宁格勒,1
总装机,1
末,1
细化,1
提速,1
约束力,1
之内,1
129,1
伦理,1
双方同意,1
成均馆,1
冰膜,1
网络结构,1
多重,1
臭氧,1
纳米管,1
退化,1
多种类型,1
1114,1
7.1%,1
1024.1,1
彭博社,1
BNEF,1
翻倍,1
125,1
1030,1
煤油,1
海南,1
HU497,1
波音,1
787,1
客机,1
跨越,1
降落,1
奥黑尔,1
跨洋,1
载客,1
创举,1
民航业,1
五大,1
世界市场,1
Douglas,1
OFSResearch,1
25338,1
敷设,1
6.4%,1
亚太,1
欧洲地区,1
77%,1
周期长,1
性差,1
50.1%,1
共计,1
5100,1
济州岛,1
园区,1
高性价比,1
功能强大,1
二氧化,1
铈,1
转变成,1
实际效果,1
石油网,1
油企,1
Rosneft,1
十大,1
贸易商,1
买下,1
14.2%,1
俄油称,1
6080,1
257,1
相匹配,1
科廷,1
莫道,1
思科公司,1
CSIRO,1
Data61,1
宗旨,1
及水,1
数据分析,1
比罗尔称,1
地缘,1
焕发,1
活力,1
Ola,1
格浦尔,1
建国,1
万座,1
Navigant,1
Research,1
4.534,1
104,1
441,1
裁员,1
名约,1
2%,1
骤降,1
锐减,1
遍及,1
等且,1
不太可能,1
裁减,1
6100,1
Fisker,1
电后,1
804,1
缩减到,1
哈立德,1
博士,1
水资源,1
巴丹,1
审计,1
爱达荷州,1
瞬态,1
减轻,1
担忧,1
熔毁,1
1994,1
待命状态,1
分拆,1
透明度,1
通往,1
司法,1
管辖区,1
修正案,1
欧洲议会,1
国务部长,1
罗纳,1
费尔,1
黑德,1
19.6,1
奉行,1
美中印,1
一段时间,1
大力,1
提高效率,1
几家,1
ENTSO,1
共同利益,1
摩尔多瓦,1
热电,1
联产,1
相符,1
补偿,1
过度,1
受益者,1
受惠,1
以往,1
溢价,1
Mol,1
美国华盛顿大学,1
近红外,1
价带,1
匹配,1
给体,1
高效率,1
新途径,1
瓶颈,1
会谈,1
舒尔坦,1
棉,1
纯化,1
液,1
吉,1
扎克,1
乌兹别克,1
工建,1
4100,1
塔什干,1
240,1
水泥厂,1
基础科学,1
氧化锌,1
碳酸水,1
不如,1
超轻,1
低密度,1
高温高压,1
电导率,1
力学性能,1
孔隙,1
载体,1
世界之最,1
当年,1
辆,1
较少,1
奖励,1
SBEnergy,1
日联,1
北海道,1
102.3,1
搭配,1
占地约,1
132,1
公顷,1
配,1
领衔,1
大宗,1
商品交易,1
交易商,1
贡渥,1
GunvorKochSupply,1
Trading,1
摩科瑞,1
荷兰银行,1
兴业银行,1
实货,1
后台,1
国会议员,1
透露消息,1
延续,1
一贯,1
享受,1
销售税,1
每辆,1
7500,1
沉重打击,1
年秋,1
过时,1
AM,1
铸模,1
轴承,1
套该,1
阀体,1
连接件,1
大峡谷,1
农业部,1
便利,1
研究室,1
伊姆,1
山谷,1
造价,1
东南部,1
34.4,1
格斯,1
碘化物,1
陷阱,1
延展,1
篮球场,1
远胜,1
去除,1
高酸,1
高湿,1
THEVERGE11,1
大功率,1
福特宝,1
进来,1
产油量,1
5500,1
效应,1
掉期,1
美国财政部,1
不准,1
北冰洋,1
或非,1
物品,1
所涉,1
一轮,1
理由,1
网络战,1
撤出,1
克里米亚半岛,1
恶意,1
侵犯,1
7700,1
英亩,1
这片,1
第一轮,1
密西西比州,1
阿拉巴马州,1
佛罗里达州,1
油气区,1
开采权,1
今日,1
+,1
智能网,1
联,1
据介绍,1
本项,1
总体目标,1
主流产品,1
Reportsnreports,1
68.1,1
37%,1
首要,1
保有量,1
葡萄牙,1
销售市场,1
广谱,1
配位,1
基的,1
二极管,1
敏感,1
杰克,1
斯列尔,1
该部,1
联邦区,1
制订,1
丘,1
拜斯,1
地平线,1
20202018,1
服务业,1
数字化,1
堆为,1
生产能力,1
成新,1
渤海,1
旅,1
工区,1
试验线,1
打下,1
坚实基础,1
制约,1
系列化,1
鉴定,1
奥斯陆,1
小镇,1
吕格,1
紧靠,1
公关,1
传媒,1
埃文,1
罗兰,1
良好,1
人均收入,1
稳步发展,1
人口,1
万左右,1
人均,1
联营公司,1
确立,1
4500,1
首位,1
特制,1
高出,1
成倍,1
已长,1
现已,1
调和油,1
贸易量,1
第五,1
调和,1
当时,1
并未,1
确切,1
丽水,1
东北亚,1
枢纽,1
萨默塞特,1
由欣,1
华盛顿邮报,1
解决问题,1
顾问,1
GaryCohn,1
现行,1
汽油税,1
想法,1
桥梁,1
公共设施,1
金属材料,1
12.7%,1
自然界,1
调控,1
氧化钴,1
93.2%,1
化工原料,1
重视,1
详细,1
同年,1
下限,1
大幅度,1
开拓性,1
MEITNER,1
调试,1
宾厄姆顿,1
长寿命,1
地球,1
自然生态,1
不分昼夜,1
囿于,1
概念性,1
潜能,1
即时,1
诊断,1
有限,1
签订协议,1
服务提供商,1
NewMotionNewMotion,1
多样,1
NewMotion,1
顺利实现,1
面面观,1
TheCleanGrowthStrategy,1
即到,1
ESB,1
价廉,1
一是,1
零售商,1
是从,1
开支,1
美日核,1
1988,1
日期,1
任何理由,1
全面禁止,1
汇款,1
常规武器,1
投标,1
保险公司,1
保险,1
使能,1
劳动力,1
采取行动,1
美国联邦政府,1
领导力,1
人民,1
32%,1
美国最高法院,1
暂缓,1
semi,1
佐治亚,1
纸质,1
极佳,1
先后,1
活性剂,1
金,1
氧化锰,1
15.1,1
267.3,1
纺织,1
便携式,1
关切,1
回顾,1
史,1
委托,1
堆中,1
乔治亚,1
机械泵,1
熔融,1
专利局,1
181,1
几周,1
以光桥,1
多叶式,1
排列,1
五分之一,1
隔,1
池时,1
化学材料,1
划算,1
一点点,1
久,1
更小且,1
水泵,1
深远影响,1
开门,1
次年,1
国务秘书,1
马赫,1
尼希,1
包他,1
产业政策,1
感受,1
筹建,1
初审,1
第二次,1
欧共体,1
一员,1
国际标准,1
附着,1
米糠,1
玉米,1
加工过程,1
副产物,1
磷,1
继而,1
DharmendraPradhan,1
参考,1
Pradhan,1
过渡期,1
交易所,1
关联,1
执法,1
权限,1
扼杀,1
不久,1
法律纠纷,1
科学部,1
5220,1
澳,1
雪佛龙,1
刚刚,1
起步,1
Wheatstone,1
Inpex,1
北领地,1
Ichthys,1
APR1400,1
证书,1
钛,1
铌,1
高可超,1
充到,1
巴掌,1
大厂,1
获邀,1
日于,1
事务,1
MarosSefcovic,1
欢迎,1
动作,1
深刻,1
落后,1
姬路市,1
碳材,1
1322,1
943,1
电据,1
零配件,1
万日元,1
8.9,1
各级,1
别,1
车型,1
构造,1
各家,1
长处,1
单独,1
监管局,1
FANR,1
世界领先,1
第一项,1
资料,1
第二项,1
迎合,1
新厂,1
年发电量,1
技术支持,1
电气化,1
复旦大学,1
静脉,1
纺成,1
血管,1
血液,1
青蛙,1
较为理想,1
纺织品,1
保障性,1
临床,1
英格兰,1
工业部,1
RWE,1
宽带,1
壮大,1
掉,1
那些,1
EPC,1
承包商,1
Belectric,1
不断扩大,1
5800,1
创立,1
国际性,1
澎湃,1
冲绳县,1
接连,1
一同,1
喷出,1
堆积,1
专属经济区,1
EEZ,1
蕴藏量,1
全国性,1
裹足不前,1
统一标准,1
熔化,1
列为,1
技术储备,1
考察,1
保护区,1
覆盖面积,1
平方英里,1
万平方公里,1
北极熊,1
驯鹿,1
生存,1
不利,1
纽约时报,1
方将,1
NSCD,1
医药,1
NCSD,1
信息中心,1
医用,1
吸引力,1
改进型,1
系数,1
非正常,1
裕量,1
技术相结合,1
资质,1
派出,1
无论,1
有无,1
妥善,1
GreenFlex,1
2.375,1
23%,1
第三轮,1
中筹得,1
6000,1
此轮,1
1.08,1
以求,1
6200,1
修复,1
技术难度,1
质疑,1
打掩护,1
多位,1
这次,1
东京大学,1
伸缩性,1
水洗,1
超薄型,1
上该,1
微米,1
揉,1
压,1
不慎,1
染色,1
清洗剂,1
清洗,1
测量,1
血压,1
体温,1
疾病,1
器具,1
章程,1
TheClimateGroup,1
ElectricVehicles,1
DHL,1
希斯罗,1
惠普,1
宜家,1
LeasePlan,1
麦德龙,1
联合利华,1
瀑布,1
用车,1
经营场所,1
端,1
最具,1
影响力,1
EV100,1
国务,1
监督机制,1
弱化,1
遵循,1
3.27,1
面对,1
上海交通大学,1
苏州,1
黎元,1
洛桑,1
出比,1
蝉翼,1
36.1,1
12.1%,1
秋明,1
热化学,1
含油层,1
增产,1
硝酸铵,1
发热,1
流动性,1
更易,1
采出,1
1.7,1
个别情况,1
天且,1
成功率,1
项目组,1
332,1
首份,1
长远利益,1
必要措施,1
特拉华,1
简易,1
植物,1
糖,1
预处理,1
糖后,1
短至,1
少据,1
委,1
印发,1
实施方案,1
简称,1
省份,1
推向,1
严控,1
多元,1
规范市场,1
有序,1
依法,1
科学合理,1
把握,1
大力发展,1
液体燃料,1
披露,1
据估计,1
680,1
总和,1
富集,1
8.5,1
最少,1
相反,1
2012,1
拟于,1
光热,1
低能耗,1
集热,1
反渗透,1
毫不逊色,1
完美,1
含盐度,1
盐度,1
原水,1
零,1
称因,1
得力,1
革命,1
向前,1
政策措施,1
胜出,1
越来越低,1
只要,1
57.5,1
远远,1
九州,1
RI,1
核束,1
府,1
藤田玲子,1
长寿,1
减弱,1
再生,1
海战,1
长航,1
水面舰艇,1
效用,1
激化,1
中日,1
激烈,1
前途,1
接见,1
营造,1
社会保障,1
煤炭市场,1
交通部,1
赵小兰,1
展望未来,1
2.0,1
三井,1
反映,1
吨位,1
中吨位,1
日本海,1
钻取,1
口,1
井,1
自然环境,1
海风,1
海浪,1
浪潮,1
岛屿,1
社区,1
中英,1
526,1
国家自然科学基金委员会,1
最大化,1
美国陆军,1
市售,1
水溶液,1
排水,1
性涂,1
上后,1
靠近,1
界面,1
规避,1
JAEA,1
约定,1
嬗变,1
锕系元素,1
国防部长,1
重型汽车,1
雪橇,1
样机,1
数十,1
老牌,1
创新型,1
借机,1
打开,1
阿贡,1
性脂质,1
DNVGL,1
81%,1
52%,1
光明,1
位居,1
自治区,1
行政长官,1
罗曼,1
日本公司,1
以内,1
青海,1
共和,1
盆地,1
3705,1
236,1
凉水,1
抽取,1
地表,1
污染物,1
过多,1
环境因素,1
埋藏,1
渗透,1
地热能源,1
供暖,1
测算,1
地壳,1
蕴含,1
可观,1
蕴藏,1
加勒比海,1
工程系,1
使该,1
尚,1
时间表,1
多价,1
卡尔斯鲁厄,1
半透明,1
有色,1
太阳镜,1
1.6,1
重,1
微处理器,1
显示器,1
嵌装,1
眼镜,1
太阳穴,1
柱状图,1
光照强度,1
勒克斯,1
居住,1
嵌入,1
天窗,1
新浪,1
军事网,1
视察,1
随意,1
超强度,1
爆发力,1
热核武器,1
cnBeta9,1
持久,1
昆虫,1
眼睛,1
启发,1
环氧树脂,1
六边形,1
抵抗力,1
强且,1
极端,1
下能,1
周据,1
GIZ,1
印德,1
管理中心,1
北京理工大学,1
中信,1
安盟,1
固利,1
ECPower,1
金属丝,1
生热,1
电芯上,1
加装,1
升高,1
断开,1
升温,1
战,1
克莱恩,1
易燃易爆,1
防弹,1
减震,1
嵌入式,1
集成度,1
网络化,1
尤利希,1
埃朗根,1
纽伦堡,1
体液,1
装卸,1
分开,1
工业化生产,1
充分,1
大有作为,1
布鲁伊,1
内特,1
访问期间,1
哈,1
博祖姆,1
巴耶夫,1
一段,1
管网,1
条文,1
表率,1
剩,1
75%,1
81.5,1
消耗量,1
CNNMoney,1
哈维给,1
沿岸,1
破坏,1
抽调,1
送往,1
查尔斯,1
湖,1
Phillips66,1
油轮,1
深层,1
岩库,1
哈维,1
关门,1
通信部,1
届,1
两国脱,1
韩方,1
管理机构,1
1991,1
京,1
最佳,1
同行,1
评议,1
接轨,1
专家组,1
比照,1
法律文书,1
导则,1
监管部门,1
访谈,1
制度,1
新华网,1
2200,1
1.88,1
多至,1
年用,1
51.4,1
碳量,1
最多能,1
团体,1
竞逐,1
商业机会,1
GregClark,1
成本增加,1
16%,1
其次,1
62%,1
总干事,1
阿德南,1
阿明,1
带头作用,1
第一次,1
半个世纪,1
路上,1
撞击,1
用后,1
天工,1
社网,1
圣地亚哥,1
汗水,1
汗液,1
乳酸,1
丝网,1
能为,1
蓝牙,1
数量级,1
吉瓦到,1
8.8,1
均价,1
应前,1
国家卫生研究院,1
123%,1
42%,1
83%,1
392GW,1
历史,1
但据,1
下到,1
11%,1
13.7%,1
新乏,1
714,1
宽,1
394,1
390,1
加仑,1
池,1
16.5,1
2060,1
整体规划,1
夏天,1
V,1
í,1
tkovice,1
重型机械,1
VHM,1
TSP,1
TSPEngineering,1
甘地,1
IGCAR,1
HCC,1
卡姆,1
机械工程,1
PFBR,1
PWR,1
检索,1
收纳,1
直观,1
历程,1
1981,1
罗德岛,1
标注,1
千个,1
俄中,1
互利,1
称据,1
仅排,1
取决于,1
增长速度,1
三年,1
美国纽约州立大学,1
宾汉姆顿,1
唾液,1
有机物,1
化学能,1
口水,1
巧克力,1
冷冻干燥,1
降解,1
级别,1
地质处置,1
图该,1
国土面积,1
轰动,1
个市,1
町,1
村,1
划分,1
总面积,1
被划,1
2400,1
盘,1
暂时,1
信息网,1
浙能,1
国盛,1
江南,1
暂定名,1
注册资本,1
舰船,1
综合利用,1
委内瑞拉,1
产油,1
环比,1
0.8%,1
4.5%,1
267.5,1
巴西政府,1
运营权,1
市场竞争,1
青岛,1
杰瑞,1
工控,1
首套,1
中石化,1
胜利油田,1
RBF,1
神经网络,1
控制技术,1
动力学,1
多体,1
劳动强度,1
修井,1
德尔,1
德拉,1
尼泊尔,1
一位,1
碳氢化合物,1
构想,1
实兑,1
镇,1
吉大港,1
西孟加拉,1
西里,1
杜迦坡,1
证券市场,1
收盘,1
分成,1
税务,1
海关总署,1
户用,1
购入,1
增值税,1
再添,1
定,1
采纳,1
Solarcentury,1
外事,1
SebBerry,1
接纳,1
收支,1
任职,1
ITsec,1
威廉,1
瘫痪,1
核心部件,1
潜入,1
关掉,1
失去平衡,1
陷入,1
后果,1
不堪,1
想象,1
否认,1
提法,1
文书,1
意愿,1
各项,1
３,1
等到,1
出热,1
原址,1
复原,1
装填,1
法兰克福,1
霍尔格,1
下个月,1
第四季度,1
明文规定,1
文在寅任,1
委员长,1
改编,1
新设,1
副委员长,1
国务总理,1
ZionMarketResearch,1
9000,1
8.5%,1
主导,1
非洲地区,1
住友,1
商事,1
重工业,1
IHI,1
PlantSystems,1
Services,1
五洋,1
超临界,1
玛塔,1
巴瑞,1
承担,1
建设费,1
同等,1
存储量,1
1380,1
180,1
113,1
贸易部,1
非洲开发银行,1
意向书,1
新政,1
大力支持,1
563,1
配套,1
凸显,1
cnBeta7,1
全面完成,1
最长,1
气流,1
圆满结束,1
试气,1
点火,1
30.9,1
5151,1
立方米,1
99.5%,1
科学试验,1
647,1
万组为,1
积累,1
翔实,1
数据资料,1
Ⅰ,1
水深,1
深度,1
最深,1
半潜式,1
深海,1
戈夫,1
治理,1
英国议会,1
2.55,1
编程,1
交通灯,1
布局,1
司机,1
进城,1
费据,1
DESFA,1
FGSZ,1
ICGB,1
日后,1
NewCo,1
放入,1
信托,1
账户,1
超导磁体,1
万安,1
集高载,1
低冷量,1
长失,1
冷,1
铜,1
主机,1
2.46,1
3.2,1
特雷莎,1
学术界,1
脱离,1
依赖性,1
煤层气,1
JAEC,1
基本概念,1
概括,1
非零,1
124,1
169,1
卡文迪许,1
铅基,1
毒性,1
铅,1
毗邻,1
虽为,1
属性,1
化妆品,1
护理,1
用品,1
药品,1
中有,1
EngeryQuest,1
5140,1
大关,1
6300,1
迅猛,1
东亚,1
31%,1
21%,1
约翰,1
霍普金斯大学,1
9300,1
空军,1
空基,1
陆基,1
4620,1
CharlieGay,1
安全部门,1
285,1
570,1
一揽子,1
规范,1
第一份,1
泰国,1
MARS,1
产于,1
中质,1
运抵,1
Paradip,1
同步,1
决策,1
软件包,1
应用程序,1
软件工程,1
系统工程,1
威斯康辛,1
相结合,1
众达,1
律师,1
事务所律师,1
凯文,1
挑选,1
共和党人,1
法定人数,1
参议院,1
国防委员会,1
偏远,1
远征军,1
所在地,1
后勤,1
ConcurrentTechnologies,1
非盈利性,1
根本,1
几,1
NIC,1
乔治,1
华盛顿大学,1
多块,1
成能,1
光谱,1
44.5%,1
身价,1
不菲,1
经历,1
1.6%,1
消费量,1
飙升,1
8900,1
对策,1
外务省,1
省厅,1
着手,1
加紧,1
汇总,1
安倍,1
一环据,1
非常规,1
石油资源,1
对准,1
安在,1
汉堡,1
G20,1
经济时报,1
最高级别,1
智囊团,1
NITIAayog,1
范伯登,1
空运,1
船运,1
重载,1
货运,1
看到,1
间歇性,1
长远,1
传达,1
价格指数,1
日欧,1
国际公约,1
帕克,1
1127,1
阈值,1
更高据,1
2577,1
vehicle,1
to,1
grid,1
回流,1
该笔,1
类,1
财政,1
款正,1
超低,1
达拉斯,1
更佳,1
聚变反应,1
该堆,1
千万,1
区间,1
约束,1
如今,1
组将,1
南澳,1
所产,1
入股,1
19.5%,1
供气,1
预定,1
一期,1
期,1
会见,1
杰伊,1
杜达,1
商谈,1
不久前,1
雄心,1
波罗的海,1
合约,1
无意,1
续约,1
中欧国家,1
举动,1
243,1
大队,1
松辽盆地,1
西南部,1
带,1
长度,1
矿体厚度,1
平米,1
铀量,1
继该,1
宝,1
龙山,1
中型,1
通辽,1
1.045,1
136500,1
7.5,1
1110,1
人事,1
此后,1
任何人,1
事,1
受限,1
远不止,1
非密,1
参谋长,1
联席会议,1
发言人,1
敌人,1
太,1
薄弱,1
保密,1
将有助,1
旋转,1
2.67,1
Deoku,1
水库,1
按,1
命名,1
防喷器,1
泵,1
高硫,1
购买国,1
逐步提高,1
巴拉迪,1
布,1
购买量,1
参议员,1
BillCassidy,1
停滞,1
现行制度,1
拖延,1
煤可,1
气源,1
SabinePassLNG,1
明尼,1
塞,1
莫拉,1
CameronLNG,1
GAIL,1
预订,1
处理量,1
哈拉,1
图,1
穆斯,1
海岸边,1
一处,1
2305,1
2326,1
米处,1
含油,1
饱和度,1
日趋,1
枯竭,1
西西伯利亚,1
老,1
油区,1
递减,1
开采区,1
总储量,1
亿吨,1
Kogas,1
阿拉斯加,1
美国通用电气公司,1
分公司,1
产权,1
零售,1
优质服务,1
斯德哥尔摩,1
SIPRI,1
6800,1
巴基斯坦,1
经销商,1
事业,1
告知,1
超支,1
自从,1
一事,1
干预,1
落入,1
手中,1
独立报,1
两米,1
测试通过,1
生活,1
这颗,1
红色,1
星球,1
繁衍生息,1
格伦,1
NuStarLogistics,1
NewBurgos,1
始于,1
爱丁堡,1
PEMEX,1
雷诺萨,1
Burgos,1
10.8,1
许可权,1
埃德蒙顿,1
脂类,1
植物油,1
的话,1
众议院,1
3053,1
法将,1
捷径,1
直到,1
应用科学,1
弗劳恩,1
翻,1
每层,1
金属片,1
涂,1
叠放,1
一块,1
密实,1
电砖,1
圆柱体,1
单元,1
浪费,1
能否,1
贯彻落实,1
1337,1
东北,1
67%,1
西欧国家,1
住宅,1
生态系统,1
技术标准,1
NIST,1
精度,1
化学成分,1
碲化镉,1
微观,1
适用性,1
墨尔本,1
硅胶,1
氧,1
墙面,1
白色,1
颜料,1
砖面,1
穆蒂,1
万块,1
648,1
BridgetoIndia,1
这为,1
专业技能,1
Tetas,1
开放市场,1
南海岸,1
梅尔辛,1
正试图,1
AutomatedandElectricVehiclesBill,1
女王,1
文告,1
清单,1
高速公路,1
沿途,1
上路,1
万台,1
韩联社,1
尼尔,1
萨宾,1
帕斯,1
签合同,1
望,1
缓解,1
韩美,1
增进,1
买方,1
转卖,1
调解,1
供需矛盾,1
尼古拉,1
马克,1
龙,1
塔斯社,1
起草,1
半衰期,1
排除,1
水等,1
参数,1
5.6,1
机械性能,1
华盛顿州,1
HornRapidsRoad,1
害重,1
优点,1
用该,1
启停,1
风光,1
低速,1
数学,1
出为,1
更近,1
评论,1
亚克,1
各种类型,1
专门从事,1
涌向,1
出于,1
声誉,1
部长级,1
共同声明,1
表示遗憾,1
协作,1
阴影,1
火电,1
远近,1
经济型,1
终止,1
釜山,1
无核,1
尽早,1
城,1
暗示,1
中止,1
行长,1
金立群,1
亚投,1
行将,1
尽,1
圣地,1
亚戈,1
回到,1
寒冷,1
冬季,1
高空,1
极冷,1
星际,1
探测器,1
校友,1
创办,1
OpenWaterPower,1
吸入,1
镍合金,1
被吸入,1
氢氧根,1
氢氧化铝,1
供给,1
侦测,1
敌方,1
声,1
Exxonmobil,1
基因组,1
转基因,1
制油,1
细胞工程,1
对藻,1
株,1
基因,1
藻株,1
当中,1
区别,1
2547,1
吉瓦新,1
73%,1
63%,1
比仅,1
33%,1
2029,1
2038,1
重新制定,1
俄新社,1
860,1
2.1%,1
13.2%,1
2048,1
6.1%,1
18.9%,1
第四位,1
初级,1
770,1
当量,1
降幅,1
1.4%,1
5.1%,1
LNGISO,1
ISO,1
天在,1
应用性,1
Oceanus,1
东和恩泰,1
Sung,1
ILEncare,1
GsE,1
KGS,1
NIGC,1
回,1
日常,1
停放,1
本地,1
宇称,1
对称,1
PT,1
对称性,1
灯,1
高等,1
化工学院,1
杰,1
弗洛伊,1
萝实,1
发生变化,1
耦合,1
回路,1
MWe,1
300MWe,1
2390,1
揭牌,1
奥斯克,1
尔巴,1
归,1
科威特,1
劝阻,1
不要,1
招股,1
调用,1
预算案,1
第一年,1
创收,1
大概,1
166,1
SPR,1
6.85,1
6.846,1
创,1
最低水平,1
PriceFuturesGroup,1
分析师,1
PhilFlynn,1
压低,1
抵消,1
OPEC,1
6700,1
交叉学科,1
独有,1
GAIN,1
一篇,1
新风,1
430,1
上年,1
22%,1
靠,1
上网,1
TheMobilityHouse,1
装,1
被选为,1
待建,1
安妮,1
雷诺兹,1
大堡礁,1
昆士兰州,1
克莱蒙,1
特,1
经由,1
189,1
记者,1
采访,1
并非如此,1
倡导,1
高效性,1
ADS,1
重大成果,1
并行计算,1
万年,1
3600,1
144,1
茨城,1
高知,1
千叶县,1
房,1
以东,1
大片,1
富,1
结壳富,1
富含,1
推算,1
该富,1
平方公里,1
将来,1
开发署,1
0.155,1
1.39,1
IRED,1
A股,1
借贷,1
金融市场,1
曝光,1
非银行,1
金融机构,1
私有,1
布鲁克,1
海文,1
弗吉尼亚,1
光催化剂,1
更新换代,1
写入,1
依赖度,1
角度,1
出发,1
舆论,1
慎重,1
本月,1
辩论,1
日本参议院,1
日以,1
表决,1
可向,1
核爆炸,1
日印,1
1998,1
招标,1
接下来,1
各有,1
努力实现,1
本土化,1
65%,1
瑞士联邦,1
纳米线,1
单一,1
锡层,1
副产品,1
新纪录,1
奥地利,1
圣彼得堡,1
瓦季姆,1
雅科夫列夫,1
伊拉克,1
巴德拉,1
大型项目,1
第三次,1
低价,1
停产,1
公共事业,1
美军,1
纳税人,1
1.68,1
ACEPower,1
兼容,1
安特卫普,1
鲁汶,1
污染空气,1
汲取,1
所获,1
无疑,1
独具特色,1
其美墨,1
筑墙,1
这道,1
隔离墙,1
支付,1
打击,1
非法,1
移民,1
早时,1
GleasonPartners,1
明,1
年末,1
3.56,1
布达佩斯,1
格德,1
欧洲各国,1
收紧,1
考文,1
垂为,1
测试计划,1
铺平,1
由该,1
地热能,1
测绘,1
分布,1
第二个,1
模式,1
其能,1
DavidCampbell,1
支柱,1
下个,1
总产量,1
股东,1
排,1
俄罗斯政府,1
无膜,1
加油,1
立等可取,1
用过,1
去掉,1
两端,1
地下管道,1
澳洲,1
发电场,1
澳大利亚联邦政府,1
埃文斯,1
亿澳元,1
1050,1
测试阶段,1
职位,1
矿部,1
供需,1
玫瑰园,1
迈克,1
彭斯,1
斯科特,1
列席,1
公平,1
抨击,1
筹资,1
财富,1
3%,1
一切,1
UNIST,1
电介质,1
多一倍,1
水上漂,1
安徽省,1
淮南市,1
潘集,1
SG2500,1
MV,1
防水,1
防腐蚀,1
SunBoxPVS,1
8M,1
16M,1
W,1
直流电,1
以供,1
种下,1
首棵,1
感其,1
方形,1
饮用水,1
街灯,1
免费,1
Wi,1
Fi,1
树下,1
座位,1
USB,1
插位,1
屏幕,1
喷泉,1
宠物,1
水槽,1
树由,1
Sol,1
logic,1
揭幕,1
法国巴黎,1
大会,1
移植,1
石油化工,1
相媲美,1
87%,1
严重困难,1
2.16,1
扩充,1
两班,1
轮番,1
仅能,1
秒钟,1
现金,1
债务,1
上以,1
10.5,1
英,1
WEF,1
幅度,1
增大,1
严峻,1
考量,1
127,1
三角,1
维度,1
榜单,1
前三甲,1
位据,1
研究型,1
废旧,1
终端产品,1
并行处理,1
纯锂,1
碳酸锂,1
向英,1
纯粹,1
经销,1
现金流,1
56.5%,1
ElectRoad,1
特拉维夫,1
半英里,1
以色列政府,1
赞助费,1
路边,1
电磁,1
底部,1
装上,1
一台,1
备用,1
急,1
爬坡,1
绕行,1
指南,1
第一家,1
基可,1
每克,1
3351,1
智能机,1
电脑,1
7.8%,1
102,1
10.8%,1
持平,1
14.8,1
薪金,1
4.18,1
招募,1
留住,1
必需,1
高技能,1
世界各地,1
恐怖主义,1
6780,1
748,1
万多,1
GST,1
系统对,1
税费,1
PiyushGoyal,1
减缓,1
全民,1
公投,1
58.2%,1
支持率,1
管控,1
受制于人,1
算法,1
滑翔机,1
海军陆战队,1
远征,1
全天,1
监视,1
侦察,1
量据,1
增势,1
空前,1
供不应求,1
有所,1
回升,1
下半年,1
经营,1
Mobil,1
物流,1
野心,1
外文,1
寅,1
运,1
寿期,1
新华社,1
国土资源部,1
调查局,1
一号,1
获得成功,1
跟,1
核子,1
Linac4Linac4,1
环上,1
1978,1
服役,1
对撞,1
高频率,1
Linac4,1
负离子,1
cnBeta5,1
纳米材料,1
大大减少,1
局限性,1
高级阶段,1
打入,1
案,1
宪法,1
优于,1
参院,1
本届,1
已成定局,1
印度尼西亚政府,1
弗洛雷斯,1
岛建,1
5.5,1
万人,1
115,1
多万,1
NSTC,1
衡算,1
同核,1
课程,1
传播,1
CEOJos,1
历时,1
外部,1
第三代,1
斯蒂夫,1
马克尔,1
称为,1
动态,1
调峰,1
有力,1
分配机制,1
子系统,1
舰载,1
存储设备,1
存储技术,1
变革,1
购车,1
利率,1
销售量,1
税收收入,1
谈判代表,1
MichelBarnier,1
适当,1
下向,1
接管,1
欧洲原子能共同体,1
检查和,1
下会,1
0.47,1
网据,1
搁置,1
黑海,1
绕开,1
迟迟,1
新岛,1
根岛,1
东电,1
控股,1
两岛,1
合计,1
4400,1
1060,1
PradhanMantriUjjwalaYojanaPMUY,1
LPG,1
装瓶,1
普及率,1
PMUY,1
北方邦,1
巴利亚,1
家庭用户,1
齐,1
亚德,1
拉班,1
建成投产,1
多万吨,1
经世,1
万方,1
GWEC,1
GlobalWindReport2016,1
AnnualMarketUpdate,1
市场趋势,1
54GW,1
10GW,1
486.8,1
GW,1
12.6%,1
北美洲,1
估值,1
8.7,1
阿尔卡特,1
170,1
非常重视,1
扮演着,1
角色,1
恰当,1
变更,1
案件,1
肯定性,1
配额,1
有效期,1
阐述,1
各个方面,1
就任,1
公开场合,1
谈及,1
并称,1
不过,1
尼廷,1
加德,1
卡里,1
总有一天,1
3300,1
海绵,1
粉状,1
分散性,1
铜镍,1
能耗,1
二氧化硫,1
蒙古国,1
铜矿,1
石上,1
试用,1
年外,1
离任,1
永久性,1
板状,1
联合国环境规划署,1
非政府,1
外交部,1
跨境,1
联通,1
CEF,1
53.5,1
尊重,1
充分考虑,1
一致同意,1
动议,1
科技部,1
糖业,1
RNI,1
北塔,1
米纳,1
以象,1
草,1
NapierGrass,1
粮食作物,1
印尼,1
其它,1
作物,1
栽培,1
低产量,1
三次,1
北溪,1
触发,1
学报,1
HamidChitchian,1
波斯湾,1
霍尔木兹,1
甘省,1
塞尔,1
国际原油,1
供求,1
失衡,1
乏力,1
价值链,1
兼并,1
资产重组,1
下游,1
上下游,1
资源配置,1
炼化,1
营销,1
天据,1
克里米亚,1
危机,1
美曾,1
多轮,1
往来,1
英特尔公司,1
上时,1
停车位,1
1300,1
15000,1
北美地区,1
150%,1
态势,1
吞并,1
导弹,1
怎样,1
姿态,1
仍为,1
正确,1
第七,1
FP7,1
ALLIANCE,1
环境影响,1
中欧,1
一国,1
首都,1
开罗,1
西北地区,1
建设周期,1
万多个,1
B,1
介子,1
不符,1
偏差,1
预示,1
捕捉到,1
军事基地,1
起飞,1
战斗机,1
解体,1
军事行动,1
三角形,1
建于,1
法兰士,1
约瑟夫,1
群岛,1
亚历山德拉,1
高地,1
北端,1
宣誓,1
主权,1
估价,1
编写,1
NFC2016,1
1512,1
PHWR,1
棒束,1
NFC,1
工艺流程,1
华尔街,1
见闻,1
周四,1
命令,1
下达,1
内向,1
汇报,1
调查结果,1
钢铁企业,1
美国商务部,1
威尔,1
伯,1
罗斯,1
探讨,1
事关,1
导向,1
责令,1
巡视,1
税收政策,1
过早,1
不应,1
干扰,1
光催化,1
氢该,1
气化,1
生产方式,1
可行,1
离网,1
波士顿,1
特区,1
I,1
95Fast,1
ChargeARCAdvancedRechargingCorridor,1
通道,1
半小时,1
内使,1
Invernergy,1
长野县,1
UKAEA,1
核实验,1
挑战性,1
RACE,1
反馈,1
数秒,1
损耗,1
几秒钟,1
静态,1
物,1
LHCSHiP,1
隐藏,1
共同行动,1
磁场,1
基本粒子,1
为什么,1
宇宙,1
暗物质,1
反物质,1
附属,1
有益于,1
口中,1
充好,1
遍布,1
加州大学,1
伯克利分校,1
低至,1
出数,1
夹,1
中间,1
凝结,1
液态水,1
滴入,1
集水,1
千克,1
挤出,1
1.84,1
首家,1
货源,1
战略武器,1
潜射,1
673,1
1411,1
1765,1
820,1
816,1
镎,1
可溶,1
不可,1
溶态,1
逸,1
出据,1
香港中文大学,1
溴,1
101,1
刷新,1
兼备,1
今年夏天,1
系列,1
简洁,1
美观,1
325,1
晚上,1
生存力,1
无缝,1
跨,1
众多,1
6070,1
日本国会,1
事先,1
新法,1
管制,1
后于,1
国家标准,1
赋予,1
检查人员,1
自由,1
电力工业,1
一艘,1
沿,1
海路,1
和乏,1
冰区,1
航行,1
发挥作用,1
抗,1
点火装置,1
NIF192,1
破损,1
BBC4,1
海洋学,1
利群岛,1
储藏,1
矿约,1
海面,1
英寸,1
包裹,1
2670,1
稀土金属,1
紫外光,1
微电极,1
图案化,1
批量,1
温和,1
集成化,1
美国全国广播公司,1
援引,1
多名,1
机关,1
高层,1
驻,1
韩美军,1
重新部署,1
选在,1
乌山,1
空军基地,1
首艘,1
冰层,1
后代,1
NIMS,1
沃伦,1
巴菲特,1
伯克,1
希尔,1
哈撒韦,1
PacifiCorp,1
859,1
能源经济,1
量,1
谨慎,1
Facebook,1
微软,1
AllotropePartners,1
MIAMicrogridInvestmentAccelerator,1
服务水平,1
低下,1
动员,1
东非,1
覆盖范围,1
市场调研,1
ResearchandMarkets,1
市场预测,1
配电,1
449,1
惊人,1
22.7%,1
损耗率,1
海洋工程,1
先期,1
基金会,1
兼具,1
型号,1
北德文,1
斯克,1
下水,1
亚森,1
第二艘,1
攻击型,1
而亚森,1
战舰,1
533,1
鱼雷,1
垂直,1
发射系统,1
Onyx,1
Kalibr,1
超音速,1
巡航导弹,1
反击,1
核计划,1
加剧,1
紧张局势,1
迫使,1
集中精力,1
核科学家,1
南京师范大学,1
相,1
亚锡,1
原位,1
新颖,1
传感,1
信息学,1
官,1
EricKrotkov,1
我们,1
愿景据,1
美国参议院,1
自然资源,1
创新能力,1
创新者,1
授权,1
汇集,1
专长,1
共享,1
重建,1
海洋大学,1
云南,1
师范大学,1
全天候,1
AP1000TM,1
GDA,1
核管,1
EA,1
DAC,1
可接受性,1
SoDA,1
Jos,1
发展史,1
Riverland,1
330,1
整套,1
Lyon,1
MIT,1
省去,1
学校,1
用轻,1
附加,1
升级版,1
主,1
链式反应,1
程序,1
纽约市,1
南区,1
法庭,1
破产法,1
章,1
一笔,1
DIP,1
debtor,1
in,1
possessionfinancing,1
撤回,1
环境质量,1
指引,1
一氧化二氮,1
估算,1
妨碍,1
不必要,1
奥斯陆大学,1
对核,1
积极性,1
感兴趣,1
坎,1
布里亚,1
有助,1
前不久,1
难,1
中应,1
TransCanada,1
阿尔伯,1
塔省,1
重油,1
内布拉斯加州,1
斯蒂尔,1
1897,1
称赞,1
电解质材料,1
石榴石,1
引起,1
树枝状,1
山西,1
煤化,1
中科,1
大连理工大学,1
液相,1
对水,1
190,1
产氢,1
储放,1
氢新,1
新思路,1
采办,1
项目管理,1
DAPA,1
安防,1
华安,1
HanwhaTechwin,1
航空航天,1
DLR,1
号称,1
聚光灯,1
一堵,1
聚焦点,1
光强,1
万倍,1
后能,1
液氢,1
两国于,1
几分钟,1
使日,1
企在,1
美国密歇根大学,1
远距离,1
浓缩铀,1
成丝,1
短,1
出是,1
238,1
还是,1
背包,1
几英里,1
取证,1
2300,1
政府部门,1
高科技,1
日本首相,1
安倍晋三,1
奥,1
朗德,1
举行会谈,1
相世,1
耕弘成,1
雅尔,1
高速,1
日本共同社,1
上台,1
倾向,1
抬头,1
日法,1
首脑,1
自由贸易,1
早日,1
钟化,1
26%,1
光吸收,1
25.6%,1
将光,1
26.3%,1
29.1%,1
一扇,1
大门,1
联合支持,1
联合国粮农组织,1
FAO,1
利益者,1
生物转化,1
底,1
粒子系统,1
能态,1
量子数,1
揭示,1
理论物理,1
理解,1
重子,1
相关性,1
认知,1
五,1
KEPCO,1
州市,1
Bitgaram,1
谷,1
成长,1
兰州,1
近代,1
直线,1
48Ca,1
锔,1
248Cm,1
标靶,1
116,1
鉝,1
292Lv,1
293Lv,1
119,1
新元素,1
灾害,1
暴动,1
保全,1
RubenLista,1
股票,1
参照,1
IBM,1
电脑芯片,1
耗散,1
流量,1
厚净,1
其所,1
不足以,1
计算机芯片,1
除可为,1
电子系统,1
YouTube,1
1945,1
1962,1
210,1
短片,1
GregSpriggs,1
带领,1
电影,1
工作者,1
软件,1
开发者,1
4200,1
扫描,1
解密,1
镜头,1
GEH,1
ARCNuclear,1
510,1
Cortex,1
表述,1
天基,1
光学系统,1
轨道,1
碳氢,1
碱水,1
催化作用,1
灯光,1
有机化学,1
国家航空航天局,1
替代性,1
巡航,1
好地解决,1
AKASOL,1
AKAMODULE,1
液冷,1
材质,1
恒定,1
测试环境,1
下该,1
可全,1
百万,1
所持,1
51.1%,1
ONGC,1
ArunJaitley,1
竞购,1
尽可能,1
综合型,1
油企据,1
并购案,1
法定,1
注册地,1
整机,1
2.1,1
第八,1
10.9%,1
冲击力,1
知名,1
Magna,1
增程,1
Mirai,1
114,1
额定功率,1
仅仅,1
2800,1
企业家,1
翻番,1
音响,1
变成,1
队伍,1
这起,1
收购案,1
背后,1
瞄准,1
龙头企业,1
俄勒冈州,1
水合,1
氢离子,1
载流子,1
束缚,1
该类,1
尾矿,1
中亚,1
办事处,1
主导作用,1
TomWintle,1
油品,1
少部分,1
首笔,1
大额,1
群内,1
紧急,1
储备库,1
可储存,1
3687,1
化为,1
纪念,1
从今年起,1
发电所,1
亿度,1
直径约,1
13.5,1
螺旋,1
样式,1
常用,1
房顶,1
发展趋势,1
就是,1
EPR,1
EM,1
NuScalePower,1
显着,1
灵活性,1
互补,1
征询,1
书,1
机体,1
机架,1
机翼,1
大幅度提高,1
犹他,1
水相,1
水溶性,1
二茂铁,1
紫精为,1
45.5,1
61%,1
91%,1
明朗,1
志,1
美国国会参议院,1
指责,1
过于,1
较为,1
任内,1
州据,1
奥斯汀,1
枝晶,1
金属钠,1
金属锂,1
电阻,1
武装部队,1
失效,1
独立电源,1
下去,1
将分,1
第三年,1
意大利,1
米兰,1
比克,1
LSCsluminescentsolarconcentratorsLSCs,1
塑料板,1
边缘,1
内置,1
发电机组,1
压水,1
指标,1
被动,1
紧急状况,1
干涉,1
中长期,1
六项,1
初,1
堆型,1
出较,1
美国伊利诺伊大学,1
导体,1
化铜,1
泄漏,1
小型化,1
厅,1
交通局,1
首批,1
得,1
车内,1
罐,1
升能,1
226,1
670,1
牛顿,1
扭矩,1
承载,1
客流量,1
奥运会,1
2.29,1
其一,1
曼彻斯特大学,1
世界级,1
1.26,1
谢菲尔德,1
利兹,1
利物浦,1
剑桥大学,1
牛津大学,1
其二,1
为罗瑟琳,1
富兰克林,1
1.03,1
生命科学,1
卓越,1
放在,1
生命,1
多功能,1
慢化,1
堆该,1
生物学,1
害虫,1
防治,1
食品,1
训练,1
半波整流,1
有着,1
很强,1
吸附性,1
偕,1
肟,1
负载,1
基底,1
诱导,1
电中性,1
受限于,1
集中器,1
东北大学,1
大阪,1
电子行业,1
碎屑,1
硅尘,1
洗,1
去,1
杂质,1
裹,1
做成,1
半,1
3.3,1
NRA,1
桶,1
应将乏,1
空气冷却,1
水池,1
惯用,1
烯储,1
霸王,1
直径,1
14.5,1
节电池,1
额定,1
伏比,1
伏高,1
~,1
1140,1
1640,1
CraigScott,1
流行,1
关键因素,1
美国国会,1
1890,1
870,1
580,1
预警系统,1
560,1
大批,1
初步设计,1
倍且,1
速率,1
汉阳,1
脉进,1
美国西北大学,1
复合体,1
污泥,1
分散,1
气溶胶,1
工序,1
变废为宝,1
进出口银行,1
呈,1
额达,1
984,1
3.6,1
9.6,1
滞后,1
2009,1
承揽,1
未获,1
抢占,1
民官,1
迪士尼,1
名叫,1
准,1
共振,1
腔,1
QSCR,1
近场,1
静磁波,1
平方英尺,1
房间,1
房间内,1
电扇,1
电灯,1
WiFi,1
不用,1
电线,1
应用型,1
图书馆,1
洛雷斯坦省,1
油且,1
1600,1
cnBeta2,1
格力,1
纠葛,1
实质,1
开拓,1
数十亿,1
加拿大多伦多大学,1
关键性,1
基板,1
ESL,1
20.1%,1
稍,1
22.1%,1
环境污染,1
29%,1
低效,1
利润,1
展望,1
每股,1
4.5,1
低且,1
2830,1
媒介,1
正向,1
迈进,1
东西,1
联名,1
资金投入,1
公开信,1
精简,1
核准,1
纤巧,1
宾夕法尼亚州,1
排放物,1
水性,1
0.82,1
平方米,1
美国宇航局,1
小巧,1
2mm,1
～,1
3mm,1
三分之一,1
合适,1
防撞,1
防潮,1
防燃,1
萨尔,1
韦克沙克,1
机库,1
5.4,1
防腐,1
平接,1
于海洋,1
很轻据,1
第二轮,1
加重,1
供大于求,1
承压,1
换来,1
年限,1
LeeSeung,1
hoon,1
气对,1
空调设备,1
使因,1
μ,1
m,1
红外,1
驱散,1
降温,1
机器设备,1
结构调整,1
水来,1
爱荷华,1
模仿,1
白杨树,1
枝叶,1
仿生,1
挂,1
十二个,1
杨,1
皮瓣,1
茎,1
叶内,1
条当,1
家用电器,1
pH,1
分子结构,1
伊姆雷,1
久克,1
指明方向,1
构件,1
美国威斯康星大学,1
行走,1
运动,1
鞋子,1
移动电话,1
因该,1
依赖于,1
顾问团,1
冻结,1
暂时中止,1
候选人,1
RickPerry,1
建议书,1
奥卢,1
晶体结构,1
特质,1
铁电,1
经受,1
受压,1
变形,1
排斥,1
多种形式,1
销售业务,1
4475,1
波鸿,1
鲁尔,1
监控,1
重新分配,1
电动工具,1
不间断,1
思考,1
不到,1
跃,1
主流,1
独创,1
制定者,1
相关者,1
民众,1
统计局,1
点据,1
罗切斯特,1
用纸,1
希瓦,1
氏菌,1
MR,1
吞噬,1
导线,1
传至,1
便,1
相比之下,1
ModelS,1
阿里,1
卡尔多,1
可采,1
可采储量,1
传导率,1
解决目前,1
安全隐患,1
大大提高,1
火箭,1
飞行器,1
布莱根,1
妇女,1
医院,1
铜制,1
温度传感器,1
胃液,1
兆赫,1
发射机,1
路透,1
手机电池,1
安全事故,1
别的,1
燃损,1
根源,1
要素,1
涡轮,1
多晶,1
开发成本,1
MaterialsSolutions,1
几十秒,1
两三年,1
大巴,1
产品价格,1
HE3DA,1
汽车行业,1
更轻且,1
布拉格,1
试生产,1
卡尔维纳,1
阿伦,1
杰特雷,1
奥里萨邦,1
比卡,1
内尔,1
再建,1
石油工业,1
开发局,1
专门机构,1
586,1
美国纽约,1
夏季,1
马里兰州,1
蒙哥马利郡,1
RECSolar,1
MalcolmTurnbull,1
被忽视,1
金融公司,1
计划外,1
深圳,1
钠,1
锡箔,1
集,1
易得,1
磷酸钠,1
钠盐,1
马斯克,1
改名字,1
做起,1
TeslaMotors,1
改成,1
Telsa,1
SolarCity,1
字面上,1
改名,1
域名,1
换成,1
Tesla,1
com,1
页面,1
中则,1
定义,1
欧尔,1
班,1
制药,1
匈俄,1
敲定,1
商讨,1
保,1
克什,1
107.8,1
信贷,1
拿到,1
新浪网,1
当选,1
追求,1
具,1
属,1
高度一致,1
高昂,1
出版,1
绿皮书,1
促进作用,1
体制,1
这两项,1
横跨,1
中西部,1
农业区,1
北达科他州,1
巴肯,1
伊利诺伊州,1
全长约,1
1880,1
托木斯克,1
工科大学,1
凝析气,1
伴生,1
相互作用,1
时较,1
新西伯利亚,1
分院,1
价格低,1
总公司,1
PetroVietnamExplorationProductionCorporationPVEP,1
武庭惠,1
化工业,1
动能,1
新动力,1
医疗保健,1
灭菌,1
Atomenergoprom,1
湖南大学,1
铝片,1
148,1
3100,1
高于,1
公共交通,1
急于,1
加工工业,1
跟踪,1
福尔,1
离心机,1
级联,1
预先,1
动,1
商业用途,1
首台,1
取之不竭,1
万华,1
万摄氏度,1
下以,1
11.5,1
无尽,1
2U,1
东方,1
财富网,1
唐纳德,1
推翻,1
六大,1
第一条,1
总价值,1
复兴,1
还称,1
产油国,1
敌意,1
反恐,1
海湾地区,1
那,1
辅助,1
储物,1
筐,1
装有,1
轮毂,1
轮,1
转动,1
骑车,1
者,1
两轮,1
机动车,1
宁边,1
换料,1
重新启动,1
1330,1
Rosatom2015,1
1100,1
229,1
2875,1
却,1
历史记录,1
299,1
归功于,1
史上,1
Hornsea,1
英国国防部,1
英国海军,1
沃灵顿,1
多尔,1
切斯特,1
代码,1
热工,1
无损,1
初创,1
般,1
轻薄,1
可像,1
宽度,1
数千,1
配对,1
长久,1
AMRC,1
AMECFosterWheelerNuvia,1
Arup,1
市场推广,1
遥控,1
署称,1
集结,1
能源开发,1
奎伊县,1
注射,1
处在,1
广播,1
事务部,1
接受度,1
俄罗斯联邦,1
监督局,1
卫生部,1
SabinePass,1
三苯酯,1
PPT,1
放,1
升到,1
融化,1
燃爆,1
美国苹果公司,1
特拉华州,1
结算,1
以新,1
跨界,1
典范,1
产销者,1
划时代,1
AUS,1
顺利进行,1
通报,1
ArevaNewCo,1
ArevaSA,1
担负,1
奥尔基,1
洛托,1
责任,1
评述,1
结论,1
风速,1
日照,1
转换率,1
无声,1
福特,1
缩小,1
差距,1
1630,1
战略规划,1
12%,1
光州,1
出可使,1
矽和硫,1
阴阳,1
出锂,1
500mAh,1
150mAh,1
也就是说,1
19%,1
西安交通大学,1
包覆,1
出高,1
无定形碳,1
库伦,1
99.9%,1
主体,1
599,1
面世,1
动力系统,1
可燃,1
筛选,1
发展潜力,1
充裕,1
挥发性,1
手表,1
BelenosCleanPowerBCP,1
NickHayek,1
2008,1
BCP,1
售出,1
奥斯卡,1
港,1
赢取,1
定量,1
再循环,1
含氧,1
可变,1
磁化,1
其余部分,1
铁路局,1
交通运输,1
Sunflare,1
晶,1
凭借,1
弱,1
多近,1
无污染,1
质地,1
轻巧,1
贴纸,1
粘贴,1
拓宽,1
伊尔,1
瑙,1
上海大学,1
染料,1
普鲁士,1
蓝,1
该全,1
93.4%,1
进口商,1
船,1
辽宁,1
首架,1
试验机,1
系统集成,1
适应性,1
优良,1
美德,1
企事业,1
高校,1
科研院所,1
学术交流,1
权益,1
秘书处,1
中广核,1
0.45,1
扭曲,1
极薄,1
银晶圆,1
CG,1
064065,1
60mAh,1
最小,1
17.5,1
mAh,1
批量生产,1
月间,1
国家能源部,1
黑客攻击,1
494,1
数百万,1
生命线,1
经济命脉,1
堪忧,1
物力,1
网络攻击,1
火力,1
准许,1
太高,1
双重,1
1953,1
会令,1
153,1
690,1
NuPAC,1
安全局,1
行政许可,1
数字化仪,1
控系统,1
欧美,1
线性,1
位错,1
迁移率,1
肿胀,1
脆化,1
可塑性,1
Panasonic,1
圆柱形,1
大众化,1
不稳定性,1
主持,1
下线,1
先导,1
标志性,1
承上启下,1
24.9,1
新车型,1
投资额,1
改性,1
根,1
周边,1
形貌,1
方便,1
美国大学,1
停留,1
两三个,1
返航,1
有效载荷,1
监督管理,1
全方位,1
供需平衡,1
致使,1
控制权,1
关头,1
补助,1
固氮酶,1
铁蛋白,1
还原酶,1
组分,1
化学物质,1
使非,1
1270,1
个邦,1
275,1
水力发电,1
俄联邦,1
电力法,1
平均水平,1
加卢什卡,1
