生物,261
美国,229
基因,115
细胞,101
DNA,91
威胁,82
治疗,80
基因编辑,70
系统,68
药物,62
病毒,60
疾病,60
疗法,60
CRISPR,50
中国,49
安全,46
患者,46
数据,45
识别,45
医疗,43
疫苗,43
癌症,42
大脑,41
小鼠,40
神经,40
分子,40
DARPA,39
胚胎,38
设备,38
资助,36
健康,36
防御,34
生物学,34
细菌,34
风险,32
基因组,31
干细胞,30
化学,30
高级,30
人体,29
卫生,28
信息,28
疫情,28
英国,28
工具,27
韩国,27
Cas9,27
生物安全,27
FDA,27
测序,26
预防,25
编辑,25
实验,25
功能,24
抗生素,24
日本,24
批准,24
感染,23
医学,23
肿瘤,23
病原体,22
耐药性,22
临床,22
提出,22
微生物,22
特定,22
体内,22
芯片,21
生化,21
启动,21
首个,21
国土安全部,21
传染病,21
机器人,20
生物武器,20
NIH,19
潜在,19
部门,19
再生,19
RNA,19
试验,19
更好,19
计划局,19
国防,19
活动,19
俄罗斯,19
寨,19
卡,19
免疫,19
转基因,19
预测,18
科学院,18
大规模,18
工程,18
确定,18
纳米,18
食品,18
表达,18
促进,18
移植,18
造成,17
政策,17
监测,17
模型,17
突变,17
服务,17
现有,17
如何,17
一系列,17
生物医学,17
心脏,17
预算,17
国防部,17
猪,17
iPS,17
流行,16
存在,16
流感,16
带来,16
出现,16
序列,16
共同,16
没有,16
炭疽,16
手术,16
信号,16
意义,16
发育,16
严重,15
死亡,15
表明,15
重点,15
人工,15
神经元,15
模拟,15
有关,15
安全性,15
公共卫生,15
类型,15
培育出,15
计算机,15
重大,14
对于,14
恐怖主义,14
名,14
家,14
复杂,14
微型,14
材料,14
蛋白,14
管理局,14
美国国防部,14
培训,14
CAR,14
监管,14
由于,13
动物,13
经济,13
保护,13
恢复,13
中科院,13
生命,13
能源,13
种,13
记录,13
复制,13
部分,13
引起,13
关注,13
任何,13
博拉,13
器官,13
存储,13
框架,12
平台,12
发挥,12
实施,12
地区,12
推进,12
植入,12
策略,12
机制,12
致命,12
生长,12
显示,12
一,12
武器,12
非,12
新兴,12
虹膜,12
传感器,12
制药,12
医生,12
接口,12
图谱,12
需,12
埃,12
HIV,12
脑机,12
IARPA,12
国立,11
传播,11
性,11
美国政府,11
多个,11
对抗,11
基因组编辑,11
记忆,11
甚至,11
诊断,11
抑制,11
准备,11
会议,11
办公室,11
讨论,11
欧盟,11
人造,11
局,11
对策,11
最终,11
危险,11
遗传,11
活性,11
算法,11
临床试验,11
生物科技,11
削减,11
指纹,11
服务部,10
结果,10
发生,10
取得,10
正常,10
揭示,10
构建,10
药品监督管理局,10
只,10
广泛,10
杆菌,10
目的,10
效果,10
受,10
仍,10
更加,10
寻求,10
生化武器,10
刺激,10
防护,10
为期,10
精准,10
小,10
损伤,10
早期,10
医药,10
骨骼,10
一步,10
一是,10
DTRA,10
公众,9
一部分,9
制剂,9
获批,9
DHS,9
反,9
证明,9
潜力,9
防止,9
说,9
整合,9
生命科学,9
反应,9
碱基,9
召开,9
如果,9
采集,9
BARDA,9
军事,9
建议,9
基地,9
美国防部,9
人脑,9
网络,9
人口,9
获取,9
面临,9
特朗普,9
美国防,9
毒素,9
获,9
超级,9
多种,9
编码,9
基金会,9
扩散,9
医学院,9
优先,9
操作,9
经费,9
战略情报,9
诱导,9
应,9
防控,9
二是,9
值得,9
纤维,9
3D打印,9
DoD,9
指导,8
审查,8
一旦,8
全面,8
印度,8
着,8
100,8
据序,8
 ,8
组,8
行为,8
哈佛大学,8
新技术,8
与此同时,8
程度,8
商业化,8
学院,8
响应,8
效应,8
公约,8
进展,8
麻省理工,8
警告,8
创建,8
科研,8
类,8
核,8
CBRN,8
两种,8
植物,8
伦理,8
进而,8
借助,8
样本,8
物质,8
博德,8
两个,8
食品药品,8
抗体,8
订单,8
弗朗西斯,8
识别系统,8
创造,8
动态,8
军队,8
阻止,8
菌,8
回路,8
基因测序,8
病例,8
活,8
药品,8
HHS,7
联邦,7
意识,7
以上,7
培养,7
暴发,7
电路,7
立,7
成,7
上市,7
智能,7
人工智能,7
继续,7
癌细胞,7
杀伤性,7
脱靶,7
非常,7
一次,7
净化,7
毒剂,7
多能,7
合作开发,7
资源,7
社会,7
便,7
大肠杆菌,7
关闭,7
挑战,7
不仅,7
朝鲜,7
陆军,7
全,7
作战,7
关系,7
空军,7
状态,7
探讨,7
科学研究,7
加州,7
大小,7
种植,7
皮肤,7
首先,7
受损,7
州立大学,7
产业,7
使用者,7
病菌,7
了解,7
造血,7
关于,6
2014,6
巨大,6
AMR,6
整个,6
法律,6
体系,6
全部,6
提交,6
除了,6
标准,6
双,6
德克萨斯,6
成分,6
理解,6
计算,6
准确,6
血液,6
用户,6
土壤,6
例,6
差异,6
有效性,6
靶向,6
个体,6
意味着,6
之前,6
介绍,6
验证,6
美元,6
荧光,6
社发,6
完善,6
此类,6
限制,6
欧洲,6
寻找,6
中枢神经,6
插入,6
完整,6
因,6
大鼠,6
相应,6
数字,6
高达,6
突触,6
实时,6
区域,6
GAO,6
举办,6
负责人,6
NBACC,6
远程,6
公共,6
美国加州大学,6
岁,6
疗效,6
首例,6
俄,6
强化,6
科学技术,6
各,6
智能手机,6
供,6
公开,6
运输,6
恐怖,6
流行性,6
40%,6
酶,6
同样,6
当,6
精确,6
截至,6
颗粒,6
稳定,6
基因突变,6
需求,6
变异,6
NASA,6
人们,6
缺陷,6
自动化,6
原则,6
3D,6
财年,6
机器学习,6
因素,6
不能,6
瘤,6
读取,6
运动,6
美国陆军,6
开启,6
流程,6
法医,6
沙林,6
释放,6
该项,6
医院,6
特征,6
北卡罗来纳州,6
动作,6
控制中心,6
暂停,5
SARS,5
全世界,5
不断,5
分为,5
主题,5
德国,5
新加坡,5
申请,5
巴西,5
演习,5
霍乱,5
单一,5
剂量,5
活体,5
通讯,5
单链,5
成人,5
显微镜,5
AI,5
训练,5
神经网络,5
近,5
％,5
一些,5
污染,5
避免,5
处于,5
综合,5
清除,5
禽流感,5
安全局,5
引发,5
应急,5
通信,5
防范,5
随着,5
血友病,5
肝脏,5
生成,5
再,5
注射,5
美国哥伦比亚大学,5
尝试,5
经过,5
跟踪,5
宿主,5
只有,5
爆发,5
接触,5
已有,5
协调,5
筛选,5
很,5
约翰霍普金斯,5
片段,5
相同,5
大数据,5
脑电波,5
采取,5
位点,5
则,5
变化,5
无法,5
漏洞,5
情报,5
总统,5
一名,5
遗传疾病,5
有限,5
医科大学,5
BTO,5
病人,5
APP,5
发出,5
军方,5
脑科学,5
毫米,5
体细胞,5
建成,5
更新,5
不会,5
概念,5
找到,5
特别,5
Kite,5
致力于,5
大豆,5
手段,5
欧元,5
各类,5
核苷酸,5
修饰,5
PCR,5
功能性,5
诺华,5
捐献者,5
空间站,5
受到,5
解决方案,5
输入,5
国防部长,5
之,5
血小板,5
机器,5
现场,5
商业,5
番茄,5
靶点,5
土拉,5
保留,5
而是,5
用以,5
窃取,5
全国,5
噬菌体,5
治愈,5
耐药,5
具体,5
医疗机构,5
视网膜,5
脊髓,5
自动,5
恶性,5
完全,5
里程碑,5
恐怖分子,5
机能,5
达成,5
成员国,5
抗,5
卫生安全,5
转移,5
原因,5
高度,5
士兵,5
有机体,5
袭击,5
三是,5
消除,5
亚洲,5
美军,5
银行,5
突破性,5
原理,5
异体,5
模式,5
试剂,5
P4,5
电池,5
分别,5
探针,5
导管,5
死亡率,5
特异性,5
呼吸,4
综合征,4
重新,4
涉及,4
各国,4
新闻,4
胎盘,4
至关重要,4
儿童,4
美国哈佛大学,4
遗传性,4
遗传病,4
中国科学院,4
理论,4
一批,4
想象,4
药,4
运用,4
视觉,4
数据分析,4
分类,4
准确度,4
农药,4
抗药性,4
消灭,4
美国众议院,4
拟,4
美国科学院,4
院刊,4
强调,4
安全隐患,4
凝血因子,4
期,4
接受,4
进程,4
呼吁,4
尚未,4
评论,4
身份,4
方向,4
关联,4
开辟,4
再次,4
低成本,4
蚊子,4
强制,4
国立大学,4
其它,4
生物工程,4
同源,4
环状,4
20%,4
长,4
肌肉,4
贴片,4
血管,4
法国,4
物理,4
绘制,4
观察,4
认知,4
激活,4
开发新,4
保证,4
供应,4
积极,4
加速,4
修改,4
改进,4
授权,4
改造,4
举行,4
担任,4
部长,4
过,4
注入,4
三个,4
阶段,4
移植手术,4
公告,4
思维,4
必须,4
们,4
首款,4
胶囊,4
织物,4
毒气,4
有机,4
紧急,4
唯一,4
单个,4
资料,4
国土,4
拥有,4
致病,4
病毒性,4
仅,4
一直,4
核心,4
重要性,4
无需,4
单,4
新思路,4
使得,4
年内,4
联合开发,4
新药,4
非洲,4
优势,4
数月,4
签订,4
总额,4
位置,4
曾,4
最后,4
生物战剂,4
收购,4
叠氮,4
链,4
各种,4
辉瑞,4
构成,4
黄热病,4
谷歌,4
斯坦福大学,4
海军,4
机械,4
工业,4
套索,4
身上,4
ECBC,4
滥用,4
详细,4
信息学,4
作物,4
适用,4
理工大学,4
移动,4
个性化,4
行业,4
志愿者,4
阻断,4
草案,4
长相,4
新一代,4
层面,4
扫描,4
糖尿病,4
美国斯坦福大学,4
筛查,4
鉴定,4
入侵,4
瑞士,4
体,4
抗癌,4
声音,4
供体,4
代码,4
通用型,4
动物模型,4
相容性,4
思路,4
证实,4
追踪,4
又,4
标志,4
解毒剂,4
然而,4
抵抗,4
登革热,4
蚊媒,4
蚊,4
NESD,4
耐受,4
协同,4
有利于,4
每年,4
独立,4
MPS,4
路线图,4
相似,4
欺骗,4
实验鼠,4
部位,4
IBM,4
相当于,4
自主,4
GlobalBiodefense6,4
咨询,4
战斗人员,4
军事医学,4
即,4
第一,4
蜻蜓,4
危害,4
区分,4
病,4
骨髓,4
价格,4
强生,4
遗传学,4
极,4
放射性,4
判断,4
iPSCs,4
叙利亚,4
美陆军,4
可食用,4
致命性,4
CDC,4
符合,4
打印,4
终端,4
清单,4
青蒿素,4
MIT,4
失明,4
H7N9,4
嵌合体,4
HCC,4
肠系膜,4
致病性,3
这类,3
利益,3
战剂,3
体外,3
蔓延,3
要,3
伙伴关系,3
一体化,3
太平洋,3
西北,3
形式,3
当前,3
覆盖,3
除,3
外,3
分离,3
调整,3
技术创新,3
默克,3
专利申请,3
涵盖,3
真核细胞,3
以色列,3
恐怖袭击,3
方案,3
遭到,3
当地,3
运送,3
失活,3
马里兰大学,3
口服,3
上海,3
我们,3
起源,3
中将,3
亚利桑那州,3
术,3
自我,3
助力,3
25000,3
学会,3
结果表明,3
自己,3
水稻,3
THOR,3
细胞系,3
荷兰,3
IX,3
因子,3
症状,3
定期,3
本次,3
加入,3
尽快,3
网上,3
纽约,3
仪,3
在线,3
交叉,3
1000,3
纠缠,3
绿色,3
彼此,3
采样,3
天然,3
迅速,3
TangenDx,3
金额,3
进一步提高,3
驱动,3
疟疾,3
担心,3
考虑,3
严格,3
很快,3
生物战,3
含有,3
剂型,3
乙酰胆碱,3
机遇,3
代表,3
农业,3
供者,3
最佳,3
臂,3
长度,3
助理,3
化,3
后续,3
面积,3
厚度,3
相互,3
连接,3
放射,3
核威胁,3
实际,3
更高,3
粮食安全,3
另,3
由此,3
消化道,3
人脸,3
尽管,3
现在,3
匹配,3
概述,3
监控,3
亚历克斯,3
阿扎,3
医疗保健,3
旧金山,3
一般,3
培养皿,3
主流,3
表现,3
信,3
力量,3
行动,3
美英,3
三国,3
进步,3
掌握,3
金属,3
已知,3
分辨率,3
每,3
极大,3
脑细胞,3
内部,3
神经系统,3
金仲路,3
肯尼迪,3
指责,3
在此期间,3
本部,3
防毒面具,3
种族,3
上述,3
整体,3
紧急情况,3
联盟,3
调控,3
2010,3
流行病,3
专业知识,3
输送到,3
精神,3
年度,3
联邦政府,3
教授,3
优于,3
显著,3
梅斯,3
医学网,3
蛋白质,3
胎儿,3
纤维细胞,3
克隆,3
母猪,3
怀孕,3
培育,3
数量,3
加拿大,3
tDCS,3
学习,3
触发,3
身体,3
启动子,3
才,3
周围,3
初期,3
病疫苗,3
激发,3
冻干,3
国外,3
液体,3
甲肝,3
600,3
感染者,3
至少,3
难以,3
Elusys,3
首批,3
储备,3
抗原,3
敏感,3
外该,3
大幅提高,3
合作项目,3
种子,3
scape,3
鼠疫,3
氏菌,3
俄勒冈,3
纠正,3
以往,3
拜耳公司,3
拜耳,3
孟山都,3
自身,3
立即,3
院士,3
最高,3
化学修饰,3
引入,3
聚合酶,3
扩增,3
因此,3
合作伙伴,3
实体,3
太空,3
搜索,3
聚焦,3
蚊虫,3
莱斯,3
独特,3
只能,3
依赖,3
形状,3
暴露,3
肽,3
维持,3
基斯,3
林,3
密码,3
灵长类,3
改善,3
广阔,3
用途,3
结果显示,3
虽然,3
脑,3
农作物,3
产量,3
小麦,3
靶标,3
哈佛,3
列为,3
减轻,3
肺癌,3
切除,3
复发,3
真实,3
规模,3
第,3
软件,3
急性,3
白血病,3
后期,3
抑制剂,3
日本京都大学,3
分化,3
美国白宫,3
事项,3
危机,3
征询,3
书,3
机体,3
身份验证,3
随后,3
电脑,3
之后,3
均,3
发病,3
机理,3
回忆,3
密歇根,3
胶质,3
母细胞,3
患有,3
恶意软件,3
PERV,3
强烈,3
表面,3
光,3
三,3
生命体,3
引导,3
逻辑,3
大幅,3
里程碑式,3
巨型,3
泡,3
相互作用,3
激光,3
既,3
外骨骼,3
一定,3
拨款,3
误用,3
GSK,3
化合物,3
Illumina,3
基因组学,3
VX,3
深入研究,3
研讨会,3
雄,3
开放,3
基质,3
美国加利福尼亚大学,3
脑损伤,3
万个,3
级别,3
世界卫生组织,3
高通量,3
生物体,3
部,3
协会,3
可行性,3
常见,3
克服,3
途径,3
运作,3
卫生部,3
面部,3
障碍,3
医学期刊,3
异常,3
灵敏度,3
半,3
流感疫苗,3
突发,3
ERDC,3
共同开发,3
NSF,3
巴特尔,3
纪念,3
事务部,3
联系,3
仪器,3
1100,3
万古霉素,3
该药,3
DragonflEye,3
飞行,3
条,3
瘫痪,3
脑炎,3
澳大利亚,3
+,3
情绪,3
解读,3
紊乱,3
科罗拉多,3
远,3
血糖,3
LED,3
多家,3
粮食,3
地平线,3
监督,3
生殖细胞,3
油菜,3
消防,3
标准化,3
BroadInstitute,3
外科手术,3
TSG,3
特点,3
DeepMind,3
署,3
教育,3
洛桑,3
驱动器,3
病毒感染,3
领导,3
Cellectis,3
染色体,3
过敏,3
NIAID,3
新材料,3
疟原虫,3
水凝胶,3
领导人,3
加大,3
传输,3
老鼠,3
亿英镑,3
Emergent,3
各自,3
程序,3
Emflaza,3
DMD,3
OBIM,3
MRSA,3
假肢,3
奶牛,3
生物医药,3
入境,3
意见,3
人猪,3
碳,3
脑组织,3
项,3
黑色素瘤,3
Ionis,3
流通,3
解析,3
统计,3
融资,3
取消,2
高危,2
获得性,2
争议,2
中东,2
期间,2
生物化学,2
成熟,2
新版,2
最新,2
可视化,2
展现,2
央视,2
基因组研究,2
人群,2
选择,2
500,2
细胞培养,2
胚层,2
增殖,2
条件,2
之外,2
侵入,2
反对,2
贝多芬,2
Tmc1,2
使该,2
丧失,2
也门,2
疑似,2
人数,2
民众,2
燃料,2
免疫学,2
昆明,2
泛化,2
现象,2
环路,2
提取,2
单位,2
竞争力,2
竞争,2
跑,2
组分,2
核酸,2
某种,2
折纸,2
折叠,2
眼疾,2
图像,2
100000,2
张,2
虚拟,2
货币,2
第一季度,2
分享,2
广谱性,2
生物农药,2
原料,2
大部分,2
领先地位,2
意大利,2
南非,2
H5,2
卫生组织,2
H5N8,2
禽类,2
扑杀,2
CWMD,2
核武器,2
无人机,2
刊文,2
后果,2
走向,2
SPK,2
9001,2
缺乏,2
平均,2
出血,2
禁止,2
审议,2
视频,2
廉价,2
仅为,2
灾难,2
受害者,2
标记,2
美国西北大学,2
量子,2
光子,2
展示,2
武汉,2
带有,2
冠状病毒,2
重组,2
组合,2
野生动物,2
s,2
签订合同,2
诊断检测,2
联合国,2
多样性,2
ISIS,2
伦敦,2
莫斯科,2
可降解,2
石油,2
污染物,2
东莨菪碱,2
英国剑桥大学,2
生存,2
阐述,2
总结,2
集中,2
规则,2
研究员,2
～,2
成功率,2
美国杜克大学,2
心脏病,2
肌肉组织,2
存活,2
研究组,2
准确率,2
链接,2
美国宾夕法尼亚大学,2
神经外科,2
电极,2
脑神经,2
阐明,2
沟通,2
活跃,2
GlobalBiodefense11,2
招标,2
抗菌,2
致信,2
问责局,2
后者,2
疾控中心,2
预测性,2
信中,2
政府部门,2
何种,2
发,2
2012,2
更具,2
化石,2
起到,2
质粒,2
即可,2
HomelandPrepnews11,2
可靠,2
法案,2
同意,2
状况,2
各方,2
电磁,2
提案,2
提名,2
礼来,2
回,2
切断,2
发布公告,2
计算机科学,2
重塑,2
限于,2
人机交互,2
联名,2
无,2
做,2
不够,2
损失,2
一致,2
维护,2
硅,2
精神疾病,2
胃酸,2
混合,2
以便,2
探测,2
捕获,2
主动,2
警报,2
HEPLISAV,2
亚型,2
霍华德,2
休斯,2
艾伦,2
像素,2
探头,2
电信号,2
神经科学,2
阻器,2
输出,2
构造,2
此项,2
兼容,2
却,2
年限,2
60%,2
充分,2
军人,2
普京,2
目的地,2
是从,2
怀疑,2
不足,2
基因型,2
GTEx,2
跨,2
遗传变异,2
阐释,2
肺,2
多种不同,2
P3,2
药效,2
左右,2
葡萄糖,2
几乎,2
所以,2
难题,2
阿尔茨海默,2
症,2
围绕,2
问责,2
简单,2
化学反应,2
变成,2
导入,2
杀死,2
卵巢癌,2
REPAIR,2
改进型,2
脂肪,2
代孕,2
产下,2
改良,2
性状,2
确认,2
直流电,2
恒河,2
次数,2
推广,2
免疫系统,2
扩展,2
军事医学科学院,2
载体,2
体液,2
瓶颈,2
更为,2
高温,2
突出,2
分型,2
近距离,2
短缺,2
杀灭,2
数年,2
ANTHIM,2
单克隆,2
淋巴瘤,2
入选,2
优秀,2
外科医生,2
北海道,2
更大,2
品种,2
出资,2
耶尔森,2
心肌病,2
基因工程,2
达成协议,2
选择性,2
除草剂,2
拜,2
耳,2
斥资,2
供应商,2
当局,2
据美,2
挑战赛,2
满足,2
出新,2
杂交稻,2
湘,2
两优,2
900,2
超优千号,2
斯克,2
利普斯,2
化学物质,2
许多,2
安进,2
药企,2
认识,2
线索,2
火星,2
宇航员,2
地球,2
这样,2
肉毒,2
导弹,2
战争,2
航空,2
应用程序,2
看到,2
高清,2
现代,2
SBME,2
三方,2
多功能,2
利用生物,2
诱导性,2
之一,2
万能,2
献血,2
初创,2
化学工业,2
称为,2
先驱,2
杰,2
深圳,2
中药,2
布法罗,2
取代,2
雷达,2
普遍,2
国家卫生研究院,2
优化,2
发育阶段,2
观点,2
乌克兰,2
格鲁吉亚,2
总理,2
根纳季,2
奥尼,2
先科,2
循环,2
理,2
埃奇,2
伍德,2
微阵列,2
军用,2
手持式,2
法规,2
统一,2
IBL,2
神经学家,2
第一阶段,2
对象,2
切割,2
一条,2
行走,2
固定,2
货物,2
互补,2
配对,2
指定,2
时其,2
组装,2
创业,2
几个,2
项目经理,2
学术界,2
西,2
间,2
骨细胞,2
破坏,2
毒力,2
安防,2
去年,2
国会,2
30%,2
150,2
文,2
特尔,2
招募,2
祖源,2
里,2
药业,2
不是,2
微,2
趋势,2
泄露,2
打造,2
Aadhar,2
CrossMatch,2
CIA,2
照片,2
勃,2
林格殷,2
格翰,2
关节炎,2
广大,2
评价,2
以下,2
难治性,2
ALL,2
中期,2
委托,2
与其,2
致病菌,2
丰富,2
一位,2
美国加州大学伯克利分校,2
AcrIIC1,2
催化,2
ES,2
细胞株,2
帕金森,2
综合症,2
老龄化,2
成瘾,2
疾病相关,2
情报研究,2
孔,2
精确度,2
手持,2
结束,2
逐渐,2
键盘,2
敲击,2
每位,2
事业,2
两大,2
8000,2
圣地亚哥,2
迷你,2
导航,2
改良版,2
脑瘤,2
超,2
不法分子,2
唾液,2
以此,2
关键性,2
感知,2
指甲,2
编程,2
父母,2
实际上,2
接收,2
三文鱼,2
奥地利,2
蜘蛛丝,2
排斥,2
应该,2
华盛顿大学,2
空间,2
排列,2
门,2
基础科学,2
嵌合,2
细胞核,2
分裂,2
指令,2
作出反应,2
想要,2
搜寻,2
大批,2
单细胞,2
生理,2
设立,2
6500,2
准确性,2
经济社会,2
逆转,2
衍生,2
葛兰素,2
史克,2
Exscientia,2
－,2
商店,2
消费者,2
家庭,2
Parabon,2
痕迹,2
眼睛,2
色素,2
上升,2
CEO,2
Verily,2
雌,2
G20,2
决定,2
信息沟通,2
非政府,2
果蝇,2
关联性,2
填充,2
革命性,2
布朗,2
哥伦比亚大学,2
伯克利分校,2
Paradromics,2
植入式,2
感觉,2
电场,2
抵御,2
指,2
开发利用,2
新疗法,2
美国哈佛大学医学院,2
视频短片,2
每个,2
标志性,2
那,2
沙星,2
多重,2
约翰,2
接口技术,2
组件,2
标志物,2
高能耗,2
一台,2
淋病,2
新一轮,2
行动计划,2
开发署,2
美国国会,2
加勒比地区,2
多年,2
灾害,2
课程,2
司法,2
Battelle,2
平行,2
即将,2
好,2
灵敏性,2
丹麦,2
科学界,2
放线菌,2
哪些,2
针对性,2
可用,2
脏器,2
充分利用,2
SRI,2
通常,2
纳入,2
基础设施,2
医疗系统,2
类脑,2
波兰,2
拍摄,2
遵循,2
连续,2
两项,2
有毒,2
仿生,2
时报,2
2000,2
001,2
流感病毒,2
周期,2
面对,2
往往,2
斯克里普斯,2
Cpf1,2
面板,2
每种,2
军事行动,2
数学,2
MathBioSys,2
免受,2
气溶胶,2
NorthCarolinaMilitaryBusinessCenter6,2
北卡罗来纳,2
退伍军人,2
参加,2
商界,2
成败,2
维系,2
富有成效,2
选定,2
麻省,2
MGH,2
安全漏洞,2
随时随地,2
可逆,2
完整性,2
不必要,2
基准,2
日期,2
2021,2
非传统,2
詹姆斯,2
长期,2
和平,2
东南亚地区,2
伦敦大学,2
金,2
经颅,2
受试者,2
洛杉矶,2
阿片类,2
年度报告,2
特种,2
部队,2
美国纽约,2
卓越,2
专业,2
者,2
3.0,2
一半,2
昆虫,2
光学,2
技能,2
操控,2
下属,2
种类,2
发动,2
敦促,2
医学中心,2
生产力,2
默沙东,2
依照,2
物体,2
钛合金,2
中据,2
约合,2
基孔,2
严重威胁,2
事故,2
退行性,2
Epoc,2
意念,2
很多,2
保障,2
佩戴,2
副作用,2
听证会,2
核化,2
生,2
霍普金斯,2
株,2
1.5,2
战斗,2
在于,2
辅助,2
EFSA,2
饲料,2
深度学习,2
84%,2
态势,2
170,2
整形外科,2
延长,2
值得一提的是,2
万人,2
基线,2
手机,2
红光,2
定制,2
亮度,2
灯,2
Facebook,2
Building8,2
打字,2
触摸,2
频率,2
发送至,2
解码,2
局长,2
公民,2
四是,2
成本低,2
化学战剂,2
索曼,2
中使,2
光明,2
清洁,2
CO2,2
化学品,2
聚合物,2
做好,2
大脑神经,2
缩短,2
布鲁克,2
海文,2
分解,2
病原,2
失败,2
桑迪亚,2
不到,2
病毒检测,2
把,2
膦,2
这个,2
地铁站,2
工团,2
机会,2
传递,2
尤其,2
老化,2
黄斑,2
变性,2
有毒气体,2
政府军,2
尚,2
最大化,2
374,2
中队,2
飞行员,2
环境监测,2
空气,2
浓度,2
止血,2
WMD,2
剑桥大学,2
骨架,2
技术支持,2
信息处理,2
外泌体,2
耳蜗,2
权限,2
敏感数据,2
划定,2
IBMWatson,2
生物质,2
美韩,2
军演,2
学校,2
车,2
EPA,2
理工学院,2
明胶,2
边境,2
警卫队,2
黑客,2
Pfizer,2
Servier,2
UCART19,2
化学合成,2
开创,2
该菌,2
生物陶瓷,2
强度,2
介质,2
制度,2
镰状,2
缠绕,2
头发丝,2
神经再生,2
×,2
模拟器,2
WHO,2
PRRS,2
CSU,2
委内瑞拉,2
马,2
人体器官,2
cnBeta2,2
复合材料,2
抗病毒,2
税改,2
税收政策,2
迈出,2
美国麻省理工学院,2
神经细胞,2
战略部,2
约旦,2
兵团,2
麻省理工学院,2
OutbreakNewsToday2,2
核辐射,2
&,2
私营,2
来源,2
实行,2
CIADM,2
达格,2
韦,2
经,2
耐受性,2
MERS,2
此,2
公私,2
NTTDATA,2
依靠,2
PressReleasePoint2,2
UCART123,2
上半年,2
意见书,2
妇女,2
输送,2
Leidos,2
田间,2
预期,2
共,2
确诊,2
索尔克,2
胰岛,2
山中,2
伸弥,2
道歉,2
系列,2
假,2
青霉,2
烯类,2
CRE,2
发病率,2
开关,2
PPMO,2
罗伯特,2
质疑,2
KTE,2
C19,2
进军,2
GOF,2
增多,2
南方,2
收益,2
Incyte,2
Merus,2
其沃森,2
曾于,2
格局,2
Johnson,2
推行,2
两票,2
开,2
发票,2
诱发,2
包裹,2
肝细胞,2
癌,2
1975,2
H5N6,2
PD,2
L1,2
Durvalumab,2
适应症,2
膀胱癌,2
投融资,2
增强性,1
gainoffunction,1
禁令,1
诸如,1
劳伦斯,1
利弗莫,1
尔,1
brain,1
on,1
a,1
chip,1
代替,1
得以,1
革新,1
抗击,1
截止,1
采取措施,1
还应,1
全景,1
BiodefensePolicyLandscapeAnalysisTool,1
汇集,1
呈现,1
十万人,1
国家计划,1
地域,1
汉族,1
人口数量,1
壮族,1
回族,1
少数民族,1
四年,1
最快,1
东北大学,1
出滋,1
滋,1
生殖,1
知识产权局,1
下发,1
准许,1
通知书,1
外源,1
不断扩大,1
Columbian12,1
俄克拉荷马州,1
废弃,1
校园内,1
校园,1
埋葬,1
尸体,1
该地,1
大程度,1
建筑物,1
妥善,1
部落,1
TMC1,1
耳聋,1
良好效果,1
内耳,1
声波,1
毛细胞,1
必需,1
敲,1
腺嘌呤,1
缓解,1
听力,1
央视网,1
红十字国际委员会,1
2219,1
80%,1
缺乏食物,1
饮用水,1
outbreaknewstoday12,1
CVD103,1
HgR,1
灭活,1
活疫苗,1
假说,1
共性,1
暨,1
在京举行,1
牵头,1
生物物理,1
动物所,1
淬炼,1
一支,1
富有,1
凝练,1
诞生,1
先导,1
引领,1
跟,1
乃至,1
领跑,1
蛋白酶,1
放大器,1
振荡器,1
或全,1
嵌入,1
有序,1
ssOrigami,1
细而长,1
迄今,1
拓扑,1
结,1
FDA19,1
火花,1
Luxturna,1
Futurism12,1
张经,1
染色,1
卷积,1
CNN,1
从中,1
可见度,1
详尽,1
给予,1
交换,1
测试者,1
换取,1
LunaCoin,1
重庆大学,1
绿,1
僵菌,1
大米,1
食用,1
色拉油,1
水体,1
残留,1
真菌类,1
害虫,1
美国密歇根大学,1
减慢,1
仅会,1
Cell,1
威尼托,1
农场,1
7421,1
疑似病例,1
117,1
西开普省,1
鸵鸟,1
养殖场,1
始于,1
中部,1
Dronten,1
市,1
附近,1
养鸭,1
场,1
该处,1
16000,1
鸭子,1
帮,1
马普,1
南京医科大学,1
胞嘧啶,1
脱氨酶,1
APOBEC,1
断裂,1
修复过程,1
新机制,1
增强型,1
高精度,1
高效率,1
分子生物学,1
设,1
反击,1
削弱,1
某些,1
十分,1
上将,1
时应,1
充分考虑,1
本身,1
尽可能,1
减小,1
SparkTherapeutics,1
辉瑞公司,1
正常人,1
34%,1
不再,1
依赖性,1
UNOG12,1
缔约国,1
日至,1
联合国日内瓦办事处,1
第八次,1
大会决议,1
争取,1
第九次,1
审查会议,1
实质,1
中方,1
代表团,1
团长,1
傅聪,1
大使,1
发言,1
努力,1
权威性,1
Odin,1
AscendanceBiomedical,1
两家,1
DIY,1
基因治疗,1
试剂盒,1
不顾,1
MinION,1
人类基因,1
几分钟,1
内以,1
接近,1
完美,1
造价,1
大大降低,1
犯罪现场,1
物证,1
错误,1
物理学,1
水母,1
发光,1
桶状,1
偏振,1
光波,1
振动,1
量子力学,1
道路,1
件,1
中华,1
菊头,1
蝙,1
种群,1
早先,1
果子狸,1
其实,1
中间,1
该菊头蝠,1
洞穴,1
距,1
最近,1
村庄,1
公里,1
变种,1
人应,1
严禁,1
贩售,1
TangenBio,1
319,1
灵敏,1
芽孢,1
卫报,1
电子邮件,1
灭绝,1
赞助商,1
发言人,1
侵袭,1
啮齿动物,1
物种,1
意想不到,1
极端分子,1
转向,1
反恐,1
科尔,1
切夫,1
恐怖组织,1
家中,1
罗蒙诺索,1
夫,1
巴伦支海,1
Thalassolituusoleivorans,1
–,1
188,1
菌种,1
长链,1
碳氢化合物,1
高级神经,1
INATS,1
神经毒素,1
中毒,1
容易,1
穿过,1
血脑屏障,1
毒蕈碱,1
受体,1
拮抗,1
生存能力,1
工程学,1
看法,1
AlexandrePaix,1
线性,1
非常适合,1
38nt,1
518nt,1
可达,1
10%,1
739nt,1
院报,1
PNAS,1
修补,1
发作,1
中该,1
泰雷兹,1
纳米技术,1
美日,1
语音识别,1
说出,1
99.6%,1
自动驾驶,1
汽车,1
疾病诊断,1
300,1
30000,1
首张,1
全图,1
处理过程,1
抗毒素,1
MCM,1
技术开发,1
Contagionlive11,1
美国国会众议院,1
建模,1
决策,1
举措,1
回顾,1
活力,1
气候变化,1
生物资源,1
修订,1
对应,1
plasmids,1
短片,1
段,1
当做,1
计时员,1
间隔,1
拷贝到,1
成当,1
外部,1
一来,1
水质,1
技术局,1
集会,1
门该,1
已大有,1
直观,1
NDAA,1
强制性,1
缩减,1
压力,1
基本功能,1
APT,1
放射性物质,1
硬件,1
总部,1
阿灵顿,1
采集器,1
CIDRAP11,1
前高管,1
高管,1
药价,1
出色,1
亨特,1
氏,1
锌指,1
核酸酶,1
ZFN,1
永久,1
持久,1
确切,1
答案,1
哈尔滨,1
任晓平,1
带领,1
头颅,1
一具,1
遗体,1
总共,1
脊椎神经,1
超越,1
非常规,1
既定,1
挑战性,1
灵活性,1
力求,1
兴趣,1
人为,1
184,1
15364,1
致,1
消耗,1
得,1
起来,1
灾难性,1
数不清,1
联合声明,1
表示同意,1
好处,1
或非,1
群体,1
损害,1
国,1
大冢,1
镁,1
铜,1
矿物质,1
阿立,1
哌唑,1
精神分裂症,1
躁郁症,1
吞下,1
躯体,1
胶粘剂,1
心跳,1
般的,1
护理人员,1
服药,1
监护,1
排出,1
达特茅斯,1
SOFT,1
气体,1
过滤,1
撕裂,1
MOFs,1
防护服,1
Dynavax,1
乙型肝炎,1
乙肝病毒,1
乙肝疫苗,1
Neuropixelsprobe,1
数百个,1
密集型,1
加快,1
下诺夫哥罗德,1
自适应性,1
一端,1
另一端,1
忆,1
负反馈,1
使忆,1
对活,1
人工神经网络,1
Newshankuk11,1
会议员,1
国防委员会,1
极差,1
保卫,1
70%,1
第二,1
球形,1
48%,1
朝鲜半岛,1
显露,1
存亡,1
补给,1
迫在眉睫,1
人权委员会,1
有人,1
俄罗斯联邦,1
秘书,1
佩,1
斯科夫,1
对此,1
情报部门,1
俄媒,1
随即,1
锁定,1
CIDRAP10,1
倡议,1
依然,1
薄弱,1
很弱,1
安保,1
弱,1
得出结论,1
界,1
剖析,1
InfectionControlToday10,1
杜克,1
1280,1
天内,1
制止,1
病毒学,1
日本东京大学,1
东京,1
医科,1
齿科,1
氨基酸,1
直径,1
万分之,1
空腹,1
以外,1
大会,1
两天,1
余位,1
杰出,1
400,1
会员,1
嘉宾,1
共享,1
华人,1
DavidLiu,1
编辑器,1
内用,1
原子,1
重排,1
链断裂,1
矫正,1
随机,1
删除,1
中其,1
选取,1
双链,1
短,1
成小,1
干扰,1
RNAsiRNA,1
模型试验,1
毒副作用,1
张锋,1
REPAIR2,1
核苷,1
基本,1
元件,1
PspCas13b,1
ADAR2,1
中国科学院动物研究所,1
瘦肉,1
24%,1
解,1
偶联,1
1UCP1,1
2500,1
然后,1
雄性,1
仔猪,1
新品种,1
素材,1
重建,1
RAM,1
HRL,1
麦吉尔,1
Soterix,1
性经颅,1
联想,1
头上,1
佩带,1
猴能,1
核准,1
当其,1
相较,1
时候,1
伤害,1
韦尔,1
科姆,1
桑格,1
全能,1
系,1
潜能,1
EPSCsEPSCs,1
康希诺,1
股份公司,1
腺病毒,1
监督管理,1
总局,1
注册,1
免疫原性,1
在此之前,1
可供使用,1
优良,1
传人,1
余人,1
住院,1
圣迭戈,1
县,1
重灾区,1
属,1
罕见,1
IB,1
渠道,1
离开,1
GlobalBiodefense10,1
注射剂,1
吸入性,1
交付给,1
SNSANTHIM,1
保护性,1
PA,1
全身,1
4490,1
保质期,1
Yescarta,1
罹患,1
霍奇金,1
第二款,1
陈,1
扎克,1
伯格,1
相媲美,1
学工,1
参考,1
数目,1
生物学家,1
病理学家,1
内科医生,1
统计学家,1
划时代,1
获得性状,1
植株,1
OutbreakNewsToday10,1
1200,1
Achaogen,1
类抗生素,1
尿路感染,1
OHSU,1
肥厚,1
向前,1
迈进,1
一大步,1
化工,1
巴斯夫,1
资产,1
清路,1
660,1
市场竞争,1
不得不,1
剥离,1
发起,1
隐形,1
HiddenSignalsChanllenge,1
新颖,1
很难,1
极易,1
依赖于,1
挑战者,1
数据源,1
洞察,1
奖金,1
中国工程院,1
袁隆平,1
选育,1
河北省,1
硅谷,1
农科院,1
示范,1
该省,1
科技厅,1
测产,1
验收,1
亩产,1
1149.02,1
公斤,1
单产,1
纪录,1
点击,1
Click,1
chemistry,1
基并,1
SFM4,1
链式反应,1
指数,1
化学键,1
生物素,1
递送,1
三维,1
溶胶,1
艾伯维,1
百时,1
施贵宝,1
PACT,1
登月,1
1.6,1
私营部门,1
5500,1
449,1
生前,1
7000,1
多份,1
尸检,1
个脑,1
分区,1
全血,1
启示,1
Theverge10,1
开发局,1
盾牌,1
BioShield,1
1.7,1
113,1
万剂,1
严峻,1
美国国家航空航天局,1
首席,1
道格拉斯,1
DouglasTerrier,1
前往,1
辐射量,1
十倍,1
像,1
长途旅行,1
机组人员,1
不可思议,1
辐射,1
找出,1
每日,1
邮报,1
AMPLYFI,1
工厂,1
伤寒,1
斑疹伤寒,1
天花,1
瘟疫,1
炸弹,1
喷射飞机,1
武装,1
HomelandPrepnews10,1
美国洛斯阿拉莫斯国家实验室,1
集,1
互联网,1
某,1
正逐周,1
监测数据,1
推特,1
人口普查,1
维基百科,1
巴士,1
旅行,1
经济指标,1
试图,1
天气预报,1
样式,1
本周,1
贝勒,1
布罗德,1
4D,1
成环,1
长期以来,1
一大,1
盲点,1
视角,1
aerotechnews10,1
重点项目,1
生态系统,1
推动力,1
4500,1
属于,1
成长,1
输血,1
Megakaryon,1
ips,1
塚,1
日产,1
SYSMEXCMIC,1
控股,1
佐竹,1
川澄,1
京都,1
量产,1
普林斯顿大学,1
下会,1
乌拉尔山,1
变形,1
benenodin,1
热量,1
解开,1
活结,1
产业化,1
工程院,1
JayD,1
Keasling,1
领衔,1
铁皮,1
石斛,1
天山,1
雪莲,1
人参,1
何首乌,1
茯苓,1
灵芝,1
珍珠,1
冬虫夏草,1
苁蓉,1
蕴藏,1
植物药,1
几何,1
机场,1
安检,1
低水平,1
多普勒,1
信号强度,1
Wi,1
Fi,1
更弱,1
功率,1
毫瓦,1
辐射强度,1
不及,1
1%,1
度据,1
商,1
赛诺菲,1
99%,1
艾滋病,1
株系,1
受到感染,1
猴子,1
克里克,1
受精卵,1
OCT4,1
所起,1
试管,1
受精,1
作出贡献,1
报,1
猪瘟,1
非典型,1
肺炎,1
哈萨克斯坦,1
秘密,1
进攻性,1
高加索地区,1
规律,1
致使,1
政治,1
形势,1
阿布哈兹,1
Innovateli9,1
AppliedDNA,1
民用,1
市场前景,1
双重,1
造成危害,1
但是,1
大多数,1
由美欧,1
一流,1
两年,1
数据共享,1
维尔,1
康,1
信托,1
西蒙斯,1
1300,1
冷泉港,1
起始,1
适应,1
多次,1
组以,1
品种改良,1
玉米,1
高粱,1
华裔,1
女,1
钱璐璐,1
全自动,1
纳米尺度,1
若干,1
碱基组成,1
腿,1
两只,1
脚,1
用来,1
手臂,1
一只,1
手,1
分拣,1
不但,1
相互影响,1
反而,1
以近,1
100%,1
垃圾,1
回收,1
转变,1
景观,1
演示,1
工业界,1
投资界,1
时刻,1
先发,1
格拉斯哥,1
斯特拉,1
思,1
克莱德,1
苏格兰,1
高尔韦,1
捐献,1
充质,1
悬浮,1
胶原,1
凝胶,1
反冲,1
不易,1
排异,1
骨折,1
填补,1
髋关节,1
膝关节,1
置换术,1
间隙,1
Futurism9,1
威斯康星大学,1
麦迪逊,1
波士顿,1
打开,1
基因簇,1
最具,1
FreemanSpogli,1
FSI,1
加深,1
社会科学,1
合适,1
管理模式,1
美国参议院,1
NIH2018,1
预算案,1
22%,1
不降反升,1
遭遇,1
搁浅,1
增幅,1
1.4,1
6000,1
奥斯汀,1
钢笔,1
MasSpecPen,1
手术过程,1
秒钟,1
253,1
甲状腺癌,1
乳腺癌,1
96%,1
几率,1
Inverse9,1
著名,1
遗传学家,1
克莱格,1
CraigVenter,1
仅仅,1
还原,1
出人,1
1061,1
高度一致,1
五官,1
尺寸,1
面容,1
比例,1
毛发,1
密度,1
多方面,1
远比,1
普及,1
广据,1
武田,1
Noile,1
ImmuneBiotech,1
多种类型,1
细胞因子,1
趋化因子,1
DecisionDatabases9,1
提供商,1
DecisionDatabases,1
2023,1
制造业,1
发展前景,1
维基,1
解密,1
批,1
CIAVault,1
数据库,1
ExpressLane,1
间谍,1
11.23,1
亿人,1
十指,1
修美乐,1
Cyltezo,1
风湿,1
银屑病,1
溃疡性,1
结肠炎,1
多项,1
慢性,1
KymeiahtisagenlecleucelCTL019,1
二次,1
前体,1
淋巴,1
定价,1
47.5,1
拟议,1
定向进化,1
莫,1
纳什,1
多药,1
多样化,1
调节,1
组中,1
耐,1
鲍氏,1
不动,1
案例,1
新途径,1
氪,1
Koniku,1
嗅觉,1
KonikuKore,1
经过训练,1
爆炸物,1
气味,1
细节,1
杜德娜,1
广谱,1
保守,1
HNH,1
域来,1
临床用,1
贮存,1
月初,1
批量,1
心筋,1
梗塞,1
蓝图,1
军事优势,1
繁荣,1
美国能源,1
能量,1
DnaSpeaking8,1
加密技术,1
据介绍,1
疾病基因,1
仅能,1
关注点,1
97%,1
隐藏,1
本人,1
度及,1
集成化,1
小型化,1
样本量,1
读数,1
法医鉴定,1
美国纽约州立大学,1
热磁,1
magneto,1
thermalstimulation,1
特制,1
依附于,1
交替,1
磁场,1
静止不动,1
锁住,1
四肢,1
转身,1
跑动,1
DOD,1
BioTracker,1
卡片,1
访问控制,1
风格,1
鼠标,1
雇员,1
继,1
DIU,1
NETCOM,1
PlurilockSecuritySolutions,1
承包,1
转录,1
演变,1
颠覆,1
以来,1
海马,1
最初,1
时所,1
召回,1
绕道,1
UCSD,1
气泡,1
马达,1
胃部,1
胃,1
pH,1
值,1
分发,1
尚属,1
国家标准,1
NIST,1
一套,1
变得,1
通常条件,1
扭曲,1
涂污,1
留在,1
图案,1
上方,1
费时费力,1
全程,1
高品质,1
集来,1
检验,1
错误率,1
美国耶鲁大学,1
巴塞尔,1
NatureNeuroscience,1
中位,1
生存期,1
223,1
致癌,1
cnBeta8,1
美国华盛顿大学,1
购买,1
编写,1
仪对,1
电脑设备,1
控制权,1
称该,1
虚假,1
高校,1
或者,1
Futurism8,1
eGenesis,1
浙江大学,1
云南,1
农业大学,1
重庆,1
第三军医大学,1
去,1
内源性,1
逆转录,1
核移植,1
经检测,1
出生,1
小猪,1
敲除,1
毒性,1
平面,1
安装,1
大脑皮层,1
路径,1
传入,1
感官,1
俄亥俄,1
转染,1
TNT,1
可移植,1
一秒钟,1
重,1
转变成,1
TheVerge8,1
试管婴儿,1
张进,1
体外受精,1
抽取,1
微量,1
线粒体,1
性质,1
可知,1
SyntheticGenomics,1
首台,1
转换器,1
DigitalBiologicalConverterDBC,1
发送,1
人工干预,1
传真,1
形态,1
革命,1
AquaBountyTechnologies,1
4.53,1
食物,1
销售,1
渔业,1
大门,1
维也纳,1
金色,1
圆蛛科,1
蜘蛛,1
中长,1
厘米,1
神经纤维,1
沿其,1
降解,1
微软公司,1
发卡,1
hairpin,1
传输线,1
运算,1
仅用,1
七分钟,1
四个,1
工作量,1
基因库,1
Salk,1
肥厚型,1
防治,1
哈尔滨工业大学,1
渗透压,1
磷脂,1
囊,1
形变,1
载入,1
遗传信息,1
链式,1
聚合反应,1
子代,1
美国化学会,1
志,1
维斯,1
启发,1
迄今为止,1
核糖核酸,1
计算机软件,1
构筑,1
全息,1
外星,1
镜头,1
微观,1
对外,1
太阳系,1
土卫二,1
别国,1
数二是,1
福克斯,1
顾问,1
托马斯,1
筹备,1
启动资金,1
全美,1
综合性,1
Nwguardian7,1
勇士,1
之网,1
威斯,1
轻量化,1
exosuit,1
膝盖,1
大腿,1
腰部,1
臀部,1
弹性,1
线缆,1
冲击,1
奔跑,1
距离,1
下该,1
5.4%,1
能量代谢,1
Nature,1
职业生涯,1
工作者,1
基金,1
撤销,1
单次,1
上限,1
年轻,1
高质量,1
恶意,1
感兴趣,1
专注,1
百万种,1
ADME,1
主导,1
大幅度提高,1
Helix,1
开发人员,1
娱乐,1
携带者,1
健身,1
营养,1
商业模式,1
兴起,1
FoxNews7,1
快照,1
遗留,1
勾画出,1
相貌,1
脸型,1
头发,1
颜色,1
雀斑,1
沉着,1
度该,1
犯罪分子,1
CounterACT,1
酯酶,1
发挥作用,1
引力,1
微重力,1
关注度,1
Wired7,1
邀请,1
学术,1
初步,1
对待,1
附加,1
DeepTech7,1
加利福尼亚,1
两千万,1
不育,1
蚊以,1
两类,1
Wolbachia,1
自然界,1
交配,1
卵,1
孵化,1
团体,1
耗时,1
成年,1
坚实基础,1
流,1
插管,1
Flowcannulation,1
溶剂,1
静脉,1
动脉,1
剥去,1
VoiretEntender,1
JohnB,1
Pierce,1
加利福尼亚大学,1
杜,1
德纳,1
四分之一,1
名叫,1
AcrllA4,1
发生率,1
丝毫,1
仁济,1
流体,1
逆流而上,1
到达,1
定位点,1
停留,1
数周,1
一部,1
Gif,1
图,1
存入,1
转换,1
电穿孔,1
GenEngNews7,1
MerLion,1
国防科技,1
Dstl,1
鼻疽,1
伯克氏菌,1
弗朗西,1
及其,1
防御能力,1
视听,1
皮尔斯,1
加州大学,1
最终目标,1
双向,1
高分辨率,1
情报网,1
特伦,1
托,1
LASSO,1
分子生物,1
成千上万,1
微软,1
数据中心,1
服务器,1
复印机,1
商用,1
日益增长,1
云计算,1
媒介,1
落入,1
手中,1
有意识,1
CidRap7,1
治理,1
JamaicaObserver7,1
美国国务院,1
紧急事件,1
议程,1
GHSA,1
加勒比,1
共同体,1
通商,1
梨花,1
女子,1
后基因组,1
NGS,1
实践,1
GlobalBioDefense7,1
法医学,1
推向,1
过去,1
几十年,1
工具箱,1
组成部分,1
重复,1
流可,1
刑事,1
适用范围,1
长久以来,1
猜想,1
对比,1
两者,1
完全相同,1
那里,1
抗药,1
冈山,1
双肺,1
合一,1
左右两,1
合二为一,1
左肺,1
今后,1
拓宽,1
宝贵,1
BSL,1
工作组,1
负荷,1
错过,1
4000,1
承担,1
韩国政府,1
KCDC,1
管理厅,1
保健,1
福祉,1
部中,1
恐袭,1
12.5,1
生活,1
各个领域,1
一小部分,1
图片,1
65%,1
指纹识别,1
融入,1
生理反应,1
心率,1
皮电,1
血流量,1
皮下组织,1
解决目前,1
雅虎,1
九州,1
哺乳动物,1
黏着,1
Ｉ,1
胶原蛋白,1
阻碍,1
自治,1
此基础,1
CIDRAP6,1
其大,1
pandemicinfluenzaplan,1
十年,1
吸取,1
2009,1
H1N1,1
经验教训,1
设定,1
毒株,1
第一批,1
广谱抗,1
版本,1
社区,1
预防措施,1
宣传,1
七个,1
表格,1
美国空军,1
阵列,1
真北,1
超算,1
计算机系统,1
模式识别,1
6400,1
160,1
处理器,1
能耗,1
瓦,1
灯泡,1
芬兰,1
坦佩雷,1
华沙,1
弗罗茨瓦夫,1
液晶,1
弹性体,1
于光,1
下能,1
膨胀,1
光线,1
减弱,1
收缩,1
正试图,1
入射光,1
量,1
摄录,1
无码,1
影像,1
其所,1
相去甚远,1
传统观念,1
前导,1
滞后,1
链上,1
某种程度,1
解旋时,1
连接酶,1
每条,1
充满,1
随机性,1
母链,1
思考,1
JSTO,1
毒物,1
渗透,1
TPS,1
工程化,1
纳米材料,1
复合,1
磷酸酯,1
海绵,1
去除,1
BiondVax,1
投资银行,1
贷款,1
推向市场,1
突变率,1
有效率,1
发性,1
措手不及,1
二期,1
见效,1
动物细胞,1
导向,1
RNAs,1
物理化学,1
BacterOMIC,1
BacterOMICAST,1
分析仪器,1
数,1
具可,1
多达,1
功效,1
谱,1
PolicyConsultingLLC,1
指挥,1
Simons,1
数学计算,1
统计学,1
跨学科,1
降,1
减局,1
Natick,1
NSRDEC,1
个人,1
头部,1
肩部,1
飞溅,1
ChannelNewsAsia6,1
峰会,1
网络安全,1
海上,1
双边合作,1
马蒂斯,1
黄永宏,1
重申,1
两国之间,1
谈到,1
亚太地区,1
苏禄海,1
菲律宾,1
南部,1
极端主义,1
英国伦敦,1
玛丽,1
女王,1
史密斯,1
背,1
外侧,1
前额,1
叶时,1
解答,1
跳出,1
固有,1
创造性,1
无创伤,1
脑电,1
方试,1
创造力,1
可能性,1
斯克里,1
普思,1
海洛因,1
快感,1
非人,1
测试阶段,1
从根本上,1
戒除,1
FAS6,1
CBDP,1
一方面,1
另一方面,1
USSOCOM,1
战术,1
内部人员,1
现实,1
之中,1
WestchesterNews6,1
正对,1
瓦尔,1
哈拉,1
军事化,1
专业培训,1
知道,1
杀菌,1
效力,1
未,1
版,1
倍且,1
简化,1
降低成本,1
临床实验,1
Draper,1
技术相结合,1
背后,1
加装,1
背包,1
配置,1
太阳能电池,1
控制器,1
感受器,1
发号施令,1
原生,1
前提,1
听命于,1
犯罪,1
保密,1
设有,1
多样,1
思维习惯,1
支持者,1
发信,1
方法学,1
百种,1
从未,1
远超,1
卫生领域,1
主导地位,1
限度,1
回报,1
发面,1
专门机构,1
随时,1
突发事件,1
药明,1
康德,1
KEYTRUDA,1
微卫星,1
不稳定性,1
错配修复,1
原发,1
抗肿瘤,1
指导意义,1
同病,1
异治异,1
同治,1
ARM,1
低能耗,1
低热量,1
重获,1
回传,1
衡量,1
抓取,1
牢固,1
感受,1
温度,1
材料科学,1
钛,1
基,1
Ti,1
Si,1
Nb,1
合金,1
生物力学,1
金属材料,1
不锈钢,1
BT6,1
骨科,1
福利,1
圣雄甘地,1
1.74,1
卢比,1
1900,1
人民币,1
肯尼亚,1
未知,1
半导体芯片,1
导线,1
支架,1
交联,1
中风,1
阿拉巴马,1
头盔,1
银行卡,1
隐私,1
EmotivSystems,1
无线,1
便携式,1
电仪,1
感测,1
仪描记,1
必要,1
登录,1
账户,1
隐私权,1
医谷网,1
容纳,1
骨髓移植,1
做法,1
呕吐,1
消瘦,1
后备,1
美众议院,1
会上,1
跨部门,1
环,1
介导,1
等温,1
LAMP,1
精度,1
堪比,1
2.5,1
250,1
野外,1
霍普金斯大学,1
570,1
处,1
外界,1
清理,1
军团,1
绿脓杆菌,1
准则,1
过敏原,1
补充,1
抽样,1
高科技,1
KoreaAdvancedInstituteof,1
and,1
Cheonan,1
deeplearning,1
能以,1
三年,1
阿兹,1
海默病,1
应用服务,1
ISAAA,1
已达,1
1.851,1
亿公顷,1
1996,1
万公顷,1
110,1
大国,1
四成,1
千万美元,1
海军陆战队,1
将视,1
期限,1
天普,1
匹兹堡,1
人源化,1
入,1
永久性,1
BaselineProject,1
10000,1
群,1
睡眠,1
体育锻炼,1
精神状态,1
提前,1
华东师范大学,1
照射,1
红外光,1
过高时,1
便会,1
胰岛素,1
智能化,1
风向标,1
经世,1
万方,1
联合国粮食及农业组织,1
详细分析,1
罗列,1
年间,1
猛增,1
1.08,1
持续上升,1
翰,1
2.13,1
CIDR,1
贡献率,1
理事会,1
BBSRC,1
持续性,1
3.19,1
英磅,1
增进,1
科学知识,1
可再生,1
制药业,1
就业机会,1
黑,1
语言,1
文本,1
界面,1
讲话,1
手动,1
下用,1
操作电脑,1
对方,1
交谈,1
另外,1
神秘,1
雷吉纳,1
杜坎,1
ReginaDugan,1
GlobalBiodefense4,1
四种,1
PHS,1
公共安全,1
卫生事件,1
SHERLOCK,1
可在数,1
每次,1
0.61,1
PressReleasePoint4,1
无水,1
地中,1
芥子气,1
率,1
99.9999%,1
副产品,1
美国波士顿大学,1
添加,1
仍会,1
生物进化,1
受益,1
展现出,1
低碳,1
第二阶段,1
指南,1
4800,1
描述,1
有用,1
海豹,1
突击,1
队,1
队员,1
电击,1
注意力,1
反应时间,1
美国能源部,1
BES,1
BNL,1
项目组,1
面具,1
Yakup4,1
Macrogen,1
孢子,1
包围,1
误认为,1
因而,1
防御机制,1
肯雅,1
一磅,1
发展中国家,1
偏远地区,1
设置,1
农业网,1
进口,1
MON883023MS83RF3,1
转入,1
耐草铵,1
可耐,1
草甘膦,1
大大提高,1
杂草,1
鉴于,1
草铵,1
快速增长,1
注意,1
新闻社,1
仁川,1
署于,1
南洞,1
区论,1
岘,1
洞,1
虎口,1
浦,1
署为,1
救援队,1
动员,1
救援车辆,1
台,1
救援,1
余名,1
恐怖事件,1
维克,1
森林,1
625,1
CECT,1
国家级,1
增材,1
领域专家,1
Bio4Comp,1
强大,1
量子计算机,1
德累斯顿,1
弗劳恩,1
霍夫,1
隆德,1
林奈,1
巴,1
伊兰,1
MolecularSense,1
610,1
模仿,1
能效,1
听觉,1
大邱,1
庆北,1
院,1
DGIST,1
KU,1
60019,1
活化,1
溶酶体,1
衰老,1
寿命,1
RIKEN,1
上皮,1
RPE,1
多岁,1
男,1
不错,1
的话,1
通用化,1
转折点,1
环球时报,1
西北部,1
伊,1
德利,1
卜省,1
谢洪市,1
疑,1
遭多,1
架飞机,1
空投,1
数十,1
受伤,1
人权,1
声称,1
空袭,1
战机,1
说明,1
否认,1
免费,1
包容性,1
公共利益,1
土木工程,1
管理中心,1
航空航天,1
横田,1
爆,1
参训,1
对手,1
预案,1
招标网,1
CB,1
蒸汽,1
分布,1
IEEE3,1
范,1
因斯,1
坦,1
Feinstein,1
Institute,1
按,1
上来,1
迷走神经,1
凝血,1
出血量,1
50%,1
战地,1
急救,1
产后,1
护理,1
元,1
RGC,1
万名,1
今年年底,1
前沿,1
题为,1
严重后果,1
生理功能,1
躯干,1
主,1
赖以,1
K2,1
集团公司,1
五年,1
3376,1
全球性,1
MolecularInformatics,1
日趋,1
繁多,1
二进制,1
信息结构,1
密集,1
相结合,1
普渡大学,1
中囊,1
磷酸化,1
分泌,1
微囊,1
含量,1
相当,1
伯尔尼,1
主刀,1
显微外科,1
亚,1
触觉,1
上均,1
忠清,1
北道,1
最高级别,1
自行,1
高级别,1
EmergentBiosolutions,1
BioThrax,1
畜共患,1
病原菌,1
一篇,1
科技期刊,1
称谷歌,1
操作过程,1
透明,1
服务项目,1
重视,1
IEA,1
联合国粮农组织,1
FAO,1
可持续性,1
利益者,1
辨识,1
愿景,1
生物转化,1
困难,1
决断,1
官,1
威廉,1
校长,1
邦,1
纳,1
参观,1
检测仪,1
深入探讨,1
美国联邦政府,1
蓝皮书,1
伟大,1
大纲,1
具体情况,1
余亿美元,1
环境保护,1
安全委员会,1
海洋,1
大气,1
NOAA,1
7300,1
EPFL,1
可消化,1
运转,1
相机,1
电子产品,1
中国医学科学院,1
加利福尼亚大学洛杉矶分校,1
猴,1
羟基,1
胆固醇,1
小头症,1
美墨,1
修建,1
围墙,1
3.61,1
海岸,1
CNBC3,1
匿名,1
执法,1
早有,1
迹象,1
206,1
社区卫生,1
450,1
PremeraBlueCross,1
医疗保险,1
保险,1
索赔,1
外国,1
竞争对手,1
地位,1
cnBeta3,1
布里斯托尔,1
微创,1
穿戴,1
式,1
可像,1
手套,1
一样,1
手上,1
规划,1
美国宇航局,1
约翰逊,1
航天中心,1
ASUBiodesign,1
组织培养,1
感染性,1
药企施,1
维雅,1
实验性,1
IND,1
美国食品和药物管理局,1
复发性,1
淋巴细胞,1
Talen,1
同种,1
适用性,1
工业化生产,1
现成,1
冷冻,1
运往,1
地方,1
中国科技部,1
Mail,1
ru,1
InsilicoMedicine,1
医药公司,1
竞争性,1
自动编码,1
构架,1
分子结构,1
供其,1
О,1
ncotarget,1
天津大学,1
清华大学,1
华大基因,1
条真核,1
酿酒,1
酵母,1
从头,1
酵母菌,1
共有,1
奋斗,1
真核,1
重大突破,1
再造,1
新纪元,1
AGS,1
v,1
一期,1
奥尔巴尼,1
评为,1
免疫抑制,1
可否,1
远东,1
工程学院,1
骨,1
外科,1
独特性,1
造孔,1
添加剂,1
多孔,1
硅酸盐,1
共存,1
前所未有,1
陶瓷材料,1
相,1
现代医学,1
最为,1
CAM2,1
探测器,1
Hanuri,1
MIL,1
侦察,1
糜烂性,1
飞毛腿,1
BC,1
装载,1
弹头,1
３,1
７,1
ManoharParrikar,1
阿富汗,1
令人,1
深感不安,1
印,1
法国巴黎,1
克尔,1
儿童医院,1
身患,1
贫血,1
男孩,1
位,1
新英格兰,1
医学杂志,1
大阪,1
末梢神经,1
布状,1
直径约,1
千分之一,1
纳米级,1
细,1
柔软,1
网状,1
物,1
出具,1
维生素,1
B12,1
六周,1
内使,1
坐骨神经,1
小白鼠,1
机,1
以极,1
微血管,1
几秒钟,1
4mm,1
5mm,1
μ,1
m,1
喷泉,1
码,1
流媒体,1
播放,1
无损,1
克,1
215PB1PB,1
=,1
1024TB,1
乔治,1
丘奇,1
高出,1
存储技术,1
过高,1
滋养,1
干层,1
细胞质,1
不太可能,1
AllenInstituteforBrain,1
一根,1
环绕,1
BIO,1
MIMETICS,1
ScientificAmerican3,1
按照,1
致死,1
感染率,1
中度,1
爱丁堡大学,1
罗斯林,1
学名,1
猪繁殖,1
传染性,1
致死率,1
疾病防治,1
暂时,1
战斗力,1
失能性,1
应变,1
架构,1
喷涂,1
墨水,1
大大简化,1
江苏,1
寄生虫病,1
最好,1
ACT,1
无计可施,1
碳素钢,1
软性,1
编织,1
高强度,1
弯曲,1
耐磨损,1
环保,1
含水量,1
韧带,1
肌腱,1
生物材料,1
四级,1
等级,1
从事,1
毒,1
基础性,1
技术性,1
支撑,1
新基,1
共和党,1
过时,1
阵地,1
跨国公司,1
工作岗位,1
诺特,1
丹,1
心肌细胞,1
二极管,1
心律失常,1
还细,1
一次性,1
电学,1
掺杂,1
石墨,1
鳞片,1
导电,1
聚乙烯,1
polyethylene,1
200,1
微米,1
宽且,1
柔软性,1
柔韧性,1
刚性,1
适合,1
长时间,1
作出,1
CyfuseBiomedicalRegenova,1
机将,1
真皮层,1
桥接,1
硅胶管,1
快,1
2.29,1
两,1
其一,1
曼彻斯特大学,1
世界级,1
1.26,1
谢菲尔德,1
利兹,1
利物浦,1
牛津大学,1
帝国,1
卫星,1
其二,1
为罗瑟琳,1
富兰克林,1
1.03,1
格雷格,1
•,1
克拉克,1
放在,1
科罗拉多州,1
国民,1
武装部队,1
皇家,1
演练,1
两国,1
知之甚少,1
MITNews2,1
比尔,1
梅琳,1
盖茨,1
1760,1
堪萨斯,1
超低,1
人力,1
故障率,1
低于,1
美分,1
电脑屏幕,1
光标,1
字母,1
单词,1
西班牙,1
CSIC,1
高灵敏度,1
一周,1
极限,1
低廉,1
Review2,1
十大,1
榜单,1
2.0,1
三项,1
Khon2,1
夏威夷,1
开设,1
药物制剂,1
卡埃,1
尼罗河,1
热带,1
乔治亚,1
ASSURE,1
气候,1
诸多,1
赞助,1
InstituteforBasic,1
IBS,1
层中,1
genesurgery,1
年龄,1
AMD,1
病变,1
广东省,1
两例,1
两株,1
血凝素,1
对人,1
感染力,1
人际,1
向世卫,1
通报,1
Mil,1
Embedded2,1
克莱姆,1
森,1
Clemson,1
辨别,1
武力,1
PRNewswire2,1
CrownAgentsUSA,1
TAMU,1
召集,1
USAID,1
泛美,1
PAHO,1
JICA,1
现任,1
前任,1
组织部门,1
出席,1
第三届,1
首脑会议,1
FBO2,1
环境因素,1
NAS,1
给出,1
结论,1
称应,1
性贫血,1
毁灭性,1
智力,1
身高,1
系统性,1
原则性,1
3050,1
出血热,1
第四个,1
HomelandSecurity2,1
审计报告,1
DoDHHS,1
职能,1
分工,1
解释,1
对大,1
CBRNeCentral2,1
试验场,1
网格,1
Safari,1
户外,1
一站式,1
数据处理,1
加密,1
Ditto,1
备份,1
发送到,1
定位,1
指挥所,1
查看,1
秋天,1
到位,1
MarathonPharma,1
杜氏,1
肌,1
营养不良,1
皮质,1
类固醇,1
内衣,1
郡,1
布,1
该布,1
合成纤维,1
1mm,1
很小,1
品质,1
面向,1
裂谷,1
热,1
RVF,1
Zika,1
世卫,1
缺少,1
现已,1
私人企业,1
IDENT,1
HART,1
DailyMail2,1
SpaceX,1
金黄色,1
葡萄球菌,1
零,1
重力,1
美国航空航天局,1
CASIS,1
等国,1
科研机构,1
运动神经元,1
单纯,1
抽动,1
实用性,1
截肢,1
人士,1
日益严重,1
欧委会,1
着手,1
平板玻璃,1
重约,1
500g,1
随身携带,1
样品,1
诺瓦克,1
天,1
短时间,1
鲜明对比,1
数十年,1
才能,1
RadioBio,1
电磁波,1
通讯设备,1
UNIST,1
光催化,1
碳材料,1
大大减少,1
骨组织,1
头骨,1
周内,1
91%,1
关节,1
牙齿,1
井邑市,1
养牛场,1
口蹄疫,1
畜牛,1
宰杀,1
掩埋,1
畜牧,1
养殖户,1
禁运,1
观察者,1
农科,1
肺结核,1
NRAMP,1
结核病,1
抗性,1
新浪,1
第一款,1
研的,1
TALEN,1
CD123,1
AML,1
急,1
浆样,1
树突,1
状,1
BPDCN,1
PandoraReport2,1
IAB,1
初始,1
资质,1
辖区,1
联邦调查局,1
FBI,1
LRN,1
列出,1
布莱根,1
伏,1
打,1
足够,1
电力,1
自放电,1
电源,1
所用,1
替代品,1
ActivistPost2,1
特恩,1
布尔,1
接触式,1
旅行者,1
核验,1
年前,1
Rdmag,1
5700,1
原型,1
生物防治,1
prototypebiocontrolsystemDARPA,1
调动,1
战士,1
single,1
cellfighters,1
吞噬,1
危害性,1
潜伏,1
据默,1
赛尔,1
厚生,1
劳动,1
省,1
他人,1
理化,1
神户,1
GlobalBiodefense2,1
不利,1
经济性,1
库,1
动植物,1
自然环境,1
参与者,1
以供,1
GovconWire2,1
3.59,1
合作性,1
CBEP,1
密切,1
农村,1
Defra,1
普通小麦,1
光合作用,1
增产,1
非常少,1
584,1
140,1
人该,1
每天,1
增长率,1
17%,1
南美洲,1
近几年,1
NatureWorldNews1,1
TSRI,1
相配,1
碱基对,1
脱氧核糖核酸,1
无限,1
天至,1
天时,1
中止,1
周到,1
此时,1
起病,1
协助,1
住,1
重大进展,1
出可供,1
诺,1
奖得主,1
出错,1
仍然,1
即使,1
局部,1
区,1
三天,1
操作性,1
OCID,1
职业病,1
核生化,1
防爆,1
讲师,1
华尔特,1
里德,1
WRAIR,1
USAMRIID,1
新政府,1
备忘录,1
提到,1
BWC,1
力度,1
快速反应,1
五是,1
UTMB,1
纽约州,1
沃兹沃斯,1
微球,1
免疫荧光,1
法,1
MIA,1
更快,1
黄病毒,1
阳性,1
肠,1
科,1
正以,1
无症状,1
广泛传播,1
一道,1
防线,1
据估计,1
9300,1
耶鲁大学,1
利用光,1
攻击行为,1
中当,1
脑部,1
狂乱,1
任何事物,1
蟋蟀,1
树枝,1
瓶盖,1
恢复正常,1
洛克菲勒,1
科隆,1
1074,1
IBMWatsonHealth,1
区块,1
Blockchain,1
可扩展性,1
着眼于,1
数据传输,1
动力,1
俄勒冈州,1
OSU,1
可抑制,1
青霉素,1
酶类,1
高级顾问,1
官方,1
博客,1
长文,1
文中,1
该文,1
替代疗法,1
卫生局,1
DHA,1
可接受性,1
卫生防护,1
由美,1
AF,1
A10,1
副,1
总参谋长,1
BiologicalDetection,1
ConceptofEmploymentBCDOE,1
配套,1
及时,1
布鲁氏菌,1
患病率,1
罗马,1
史,1
巴兰,1
赞尼,1
LazzaroSpallanzani,1
康复,1
肺部,1
滞留,1
极有,1
CBD,1
OBAA,1
那些,1
有害,1
Nanotherapeutics,1
定为,1
III,1
义肢,1
仿真,1
能否,1
灵活,1
飞行器,1
体现,1
新德里,1
β,1
内酰胺酶,1
NDM,1
医治无效,1
杀伤,1
起源于,1
次大陆,1
饮水,1
传染,1
地据,1
当选,1
发布会,1
评论家,1
诚信,1
主席,1
曾多次,1
自闭症,1
任命,1
忧虑,1
视,1
眼中,1
感光,1
复星,1
KitePharma,1
中外,1
合营,1
引进,1
重磅,1
刚刚,1
本月,1
三共,1
认证,1
背景,1
铺平道路,1
BattelleMemorialInstituteofColumbus,1
Camber,1
亿美金,1
战,1
物流,1
白宫,1
环境保护局,1
农业部,1
USDA,1
附件,1
现代化,1
明确,1
责任,1
审批,1
改革,1
管理体系,1
宗旨,1
不合理,1
法律法规,1
发明,1
打压,1
贸易,1
OSTP9,1
评审,1
争议性,1
2011,1
起美,1
性功能,1
H5N1,1
暂停状态,1
与否,1
依据,1
多名,1
乳牙,1
几种,1
生长因子,1
混合液,1
宽含,1
层,1
大脑皮质,1
人际交往,1
社交,1
白化,1
西藏,1
猪该,1
基因修饰,1
病理,1
器官移植,1
fiercebiotech1,1
生物制药,1
Amgen,1
ImmaticsBiotechnologies,1
Immatics,1
频繁,1
年底,1
全球战略,1
支付,1
施维雅,1
上周,1
Pieris,1
种双,1
候选,1
动向,1
联手,1
WatsonforGenomics,1
系统对,1
布局,1
频频,1
先后,1
西门子,1
SimensHealthineers,1
全面铺开,1
90%,1
2%,1
高发,1
季,1
呈,1
散发,1
排除,1
湖南,1
贵州,1
江西,1
各地,1
NovaSeq,1
仪该,1
仪可,1
深度,1
ultra,1
deepsequencing,1
Novartis,1
Akcea,1
总值,1
股权,1
心血管,1
Nusinersen,1
获美,1
斥,1
重金,1
重返,1
医药产业,1
深刻影响,1
组学,1
服务质量,1
深远影响,1
国务院,1
医改,1
办,1
会同,1
计生委,1
印发,1
公立,1
制,1
试行,1
通知,1
制是,1
规范,1
质量,1
环节,1
虚高,1
UCSanFrancisco,1
miniSOG2,1
凋亡,1
SalkInstitute,1
低温,1
电子显微镜,1
intasome,1
喂药,1
款,1
药剂,1
用量,1
满足用户,1
磁石,1
效果显著,1
抗癌药,1
Stivarga,1
瑞戈,1
非尼,1
二线,1
资格,1
肝癌,1
85%,1
万例,1
若,1
福音,1
宾州,1
生存率,1
性别,1
生活习惯,1
下降,1
25%,1
210,1
万据,1
多地,1
相继,1
H5N6H5N1,1
3033,1
病禽,1
病毒传播,1
天气,1
转冷,1
伍斯特,1
生物芯片,1
一滴,1
血,1
转移性,1
阿斯利康,1
单抗,1
Ⅲ,1
已于,1
认定,1
华,1
晚期,1
非小,1
NSCLC,1
入组,1
440,1
人据,1
爱尔兰,1
利默里克,1
悬吊,1
肠管,1
腹膜,1
消化系统,1
碎片,1
学,1
肠胃,1
家罗,1
斯维尔,1
公园,1
RoswellParkCancerInstitute,1
深入,1
MDSCs,1
髓系,1
逃避,1
攻克,1
eLife,1
新生儿,1
深入分析,1
科技网,1
出寨,1
定量,1
已分,1
发给,1
省市级,1
疾控,1
口岸,1
检疫,1
钱,1
卓,1
中美,1
情感,1
奠定,1
UCSF,1
AcrIIA2,1
AcrIIA4,1
希达,1
西奈,1
Cedars,1
Sinai,1
食管,1
鉴别,1
异质性,1
表观,1
汤森,1
路透,1
Bioworld,1
调研,1
交易额,1
373,1
IPO139,1
医药企业,1
发行,1
募集,1
151,1
债券,1
配售,1
基石,1
2.6,1
上榜,1
私募,1
Top5,1
欧洲委员会,1
起草,1
CleanEnergyforAllEuropeans,1
交通运输,1
排放,1
