机器人,365
3D打印,320
美国,140
系统,108
材料,89
打印,82
金属,70
汽车,68
设备,62
日本,57
传感器,53
发动机,49
半导体,48
无人机,46
芯片,44
增材制造,44
纳米,42
中国,42
激光,40
飞行,40
英国,37
智能,33
工业,33
部件,33
自动驾驶,33
德国,33
3D,32
生物,32
航空,30
机,30
人工智能,29
运动,28
复杂,25
表面,25
零件,24
电子,24
工厂,23
行业,23
认证,22
安全,22
医疗,22
数据,21
动作,21
物体,21
机器,20
微型,20
功能,19
理工学院,19
缩短,18
厘米,18
肌肉,18
制造商,18
机械,18
产业,18
形状,18
飞机,18
火箭,17
韩国,17
充电,17
电池,17
识别,17
大小,17
可达,16
制造业,16
GE,16
信息,16
激光器,16
移动,16
收购,16
创建,15
俄罗斯,15
新技术,15
自动化,15
内部,15
空间,14
人体,14
骨骼,14
尺寸,14
零部件,14
需求,14
模型,14
墨水,14
治疗,14
软体,14
动力,14
药物,14
显示屏,14
工程,13
监测,13
模拟,13
构建,13
首个,13
原型,13
探测,13
软件,13
皮肤,13
最高,13
全,13
电动汽车,13
网络,13
精确,13
温度,13
图像,13
最终,13
聚合物,13
荷兰,13
海军,13
行走,12
公里,12
设施,12
气体,12
沉积,12
粉末,12
发射,12
需,12
潜力,12
平台,12
部分,12
共同,12
完全,12
各种,12
混合,12
驱动,12
太空,12
100,12
拥有,12
支架,12
理工大学,12
水下,12
制程,12
碳纳米管,12
远程,12
分子,12
解决方案,11
实时,11
现有,11
 ,11
最小,11
精度,11
推进,11
组件,11
视觉,11
操控,11
燃料,11
人造,11
由于,11
通信,11
外骨骼,11
多个,11
电路,11
更加,11
定制,11
救援,11
航空航天,11
碳纤维,11
连接,11
细胞,11
建筑,11
植入物,11
安装,10
调整,10
搭载,10
最新,10
配备,10
假肢,10
种,10
臂,10
打造,10
再,10
然后,10
协作,10
高度,10
自主,10
创造,10
显示,10
打印机,10
成像,10
计算机,10
地面,10
教育,10
操作,10
身体,10
金属粉末,10
之后,10
导电,10
无线,10
手指,10
复合材料,10
印度,10
两个,10
心脏,10
欧洲,10
卫星,10
其它,9
款,9
学习,9
人形,9
塑料,9
整个,9
颗粒,9
大规模,9
阶段,9
合作开发,9
投入使用,9
NASA,9
一次,9
培训,9
电机,9
标准,9
加快,9
车辆,9
算法,9
障碍物,9
化学,9
瑞士,9
空中,9
劳动力,9
优势,9
变化,9
试验,9
丰田,9
添加,9
当前,9
大幅,9
每秒,9
1000,9
巨大,9
强度,9
微小,9
军事,9
手术,9
带来,9
又,9
加拿大,9
测量,9
镜头,9
东芝,9
月球,9
资助,8
时速,8
快,8
关节,8
特定,8
质量,8
组装,8
安全性,8
简单,8
一系列,8
改善,8
客户,8
不仅,8
当,8
联邦,8
美国麻省理工学院,8
弯曲,8
站,8
取代,8
存储,8
一样,8
微米,8
只有,8
新一代,8
度,8
无需,8
服务,8
虚拟现实,8
美国哈佛大学,8
晶体管,8
300,8
方向,8
血管,8
毫米,8
特点,8
合金,8
患者,8
自动,8
加热,8
相机,8
光,8
欧盟,8
基地,8
器官,8
医生,8
燃料电池,8
物理,7
数字,7
流程,7
自己,7
活动,7
改进,7
纳米级,7
功耗,7
15%,7
动态,7
因此,7
手臂,7
石油,7
天然气,7
士兵,7
只,7
能源,7
部门,7
以上,7
体系,7
本田,7
预测,7
劳伦斯,7
三维,7
像,7
通道,7
危险,7
器件,7
式,7
小,7
出名,7
规划,7
灵活,7
发电,7
电力,7
非常,7
广泛,7
水凝胶,7
用来,7
武器,7
国防,7
熔融,7
熔化,7
供电,7
旋翼,7
探测器,7
信号,7
模块,7
灾难,7
反应堆,7
2D,7
织物,7
紫外线,7
天线,7
太阳能,7
澳大利亚,7
实验,7
烧结,7
外,7
仅为,7
自我,7
玻璃,7
火星,7
模仿,7
量子,7
迪拜,7
每,7
按照,7
适用,7
钛合金,7
工程师,7
能量,7
自由,7
驾驶,7
地区,7
称为,7
石墨烯,7
可折叠,7
运输,7
东芝公司,7
波音,7
透明,7
cnBeta3,7
嵌入式,6
周期,6
微,6
可穿戴设备,6
穿戴,6
电子产品,6
强大,6
均,6
10%,6
机器学习,6
喷嘴,6
迅速,6
焊接,6
恢复,6
不会,6
每个,6
更好,6
按,6
飞行器,6
一起,6
凝胶,6
加工,6
件,6
西门子,6
200,6
利弗莫,6
尔,6
三个,6
造成,6
复制,6
成,6
专门,6
克,6
原理,6
整合,6
装配,6
摄像头,6
选择,6
城市,6
轨道,6
促进,6
纤维素,6
而成,6
钛,6
电动,6
多种,6
独立,6
模式,6
覆盖,6
性,6
外部,6
联合开发,6
工具,6
特殊,6
读取,6
传输,6
公斤,6
全部,6
救灾,6
光学,6
显微镜,6
软银,6
重约,6
分辨率,6
纤维,6
经过,6
原子,6
验证,6
欧元,6
固化,6
维护,6
维修,6
宽,6
条件,6
支撑,6
兼容,6
攀爬,6
搜索,6
稳定,6
车,6
路面,6
搜救,6
立,6
目的,6
超级,6
装有,6
库卡,6
带有,6
处于,6
奥地利,6
只能,6
运送,6
跟踪,6
重点,6
路线图,6
很,6
三星,6
投产,6
位置,6
螺旋桨,6
感知,6
人机交互,6
自身,6
气味,6
×,6
先进制造,6
客机,6
连续,6
行业协会,6
新加坡,6
子公司,6
元件,6
DARPA,6
内存,6
柔软,6
共同开发,6
GE9X,6
仍,6
制冷,6
太,6
赫兹,6
物流,6
cnBeta2,6
物联网,5
出现,5
商用,5
拍摄,5
腿,5
力量,5
随着,5
年内,5
30%,5
甚至,5
如何,5
生长,5
原料,5
依赖,5
状态,5
指南,5
海军陆战队,5
模块化,5
概念,5
拓展,5
最后,5
液体,5
出来,5
很大,5
转型,5
富士康,5
达成,5
分别,5
计算,5
同步,5
满足,5
显著,5
销售额,5
成型,5
约合,5
人工,5
提出,5
风险,5
核心,5
参数,5
能耗,5
健康,5
编程,5
500,5
要,5
发生,5
观察,5
一步,5
行动,5
没有,5
类型,5
机场,5
记录,5
空气,5
接触,5
苏黎世,5
几乎,5
任何,5
涉及,5
受,5
就业,5
受到,5
推广,5
启动,5
线材,5
轻型,5
作战,5
荧光,5
体内,5
作业,5
航空公司,5
h,5
行驶,5
瑞典,5
首款,5
合作伙伴,5
联盟,5
现场,5
强化,5
之前,5
硅胶,5
二维,5
近,5
VR,5
保护,5
波士顿,5
旋转,5
直径,5
基金会,5
量产,5
化,5
互联,5
家,5
有效载荷,5
无人,5
电池板,5
低成本,5
地形,5
管道,5
垂直,5
涡轮,5
商业化,5
规模,5
至少,5
为了,5
中央,5
把,5
型号,5
增材,5
关注,5
竞争力,5
双,5
ORNL,5
控制器,5
指令,5
物品,5
共,5
致力于,5
液态,5
含有,5
无法,5
定位,5
电动车,5
判断,5
程度,5
变形,5
室温,5
全面,5
续航,5
腿部,5
存储器,5
供应商,5
圣地亚哥,5
区域,5
弹性,5
科学技术,5
激光雷达,5
大部分,5
干细胞,5
般,5
静脉,5
90%,5
电,5
发挥,5
战术,5
生物医学,5
部队,5
再生,5
无人驾驶,5
韩国政府,5
磁场,5
折叠,5
病人,5
类,5
能以,5
太阳,5
电子系统,5
捕捉,5
蝙蝠,5
加速,5
秒,5
左右,5
关于,5
会议,5
水下机器人,5
科研,5
工业革命,5
菲律宾,5
线路,5
集中,5
附近,5
波音公司,5
cnBeta5,5
cnBeta4,5
弹性体,5
股权,5
如果,5
洛马,4
方案,4
现实,4
硅树脂,4
控制系统,4
完整,4
监控,4
助力,4
高速,4
完善,4
第二代,4
移动设备,4
可使,4
表现,4
了解,4
矿物,4
固体,4
冷却,4
热量,4
原始,4
机械性能,4
符合,4
海洋,4
麻省理工学院,4
消除,4
进展,4
互联网,4
架构,4
基本,4
适合,4
底部,4
爆炸物,4
知识产权,4
检验,4
桌面,4
存在,4
ABB,4
系列,4
双臂,4
生产线,4
们,4
预见,4
避开,4
结果,4
人们,4
各类,4
咨询,4
大纲,4
版本,4
循环,4
优化,4
高达,4
输出,4
莱斯,4
不久,4
水,4
既,4
转移,4
液压,4
非,4
收缩,4
接受,4
特别,4
意味着,4
对外,4
机该,4
洛克希德,4
马丁,4
美国陆军,4
执行器,4
能为,4
生物降解,4
天然,4
载人,4
公开,4
寻求,4
命令,4
转向,4
面向,4
600,4
协会,4
福岛,4
受损,4
视频,4
手势,4
卡尔斯鲁厄,4
防伪,4
颜色,4
点,4
360,4
纺织品,4
复合,4
进而,4
集成电路,4
四足,4
层,4
电子电路,4
通讯,4
海上,4
检查,4
游泳,4
外形,4
侦察,4
容易,4
德国联邦,4
框架,4
进军,4
替换,4
核电站,4
起降,4
单元,4
乘客,4
而是,4
着陆,4
四个,4
板,4
佐治亚,4
该项,4
飞秒,4
橡树,4
岭,4
写入,4
储存,4
ARM,4
翅膀,4
感受,4
压力,4
触觉,4
振动,4
消费,4
好,4
减轻,4
避免,4
年初,4
单次,4
里程,4
用户,4
导电性,4
商业,4
TIGR,4
摩托,4
包裹,4
软,4
产值,4
去年,4
操纵,4
电极,4
处理器,4
特征,4
植入,4
寿命,4
头显,4
LED,4
摄氏度,4
可食用,4
动物,4
仿生,4
肺癌,4
电子鼻,4
广阔,4
车身,4
狭窄,4
意大利,4
使用寿命,4
血液,4
一,4
比利时,4
油墨,4
深度,4
应用领域,4
电子元件,4
更快,4
核,4
对于,4
癌症,4
国立大学,4
第一,4
碎片,4
协助,4
灵活性,4
透镜,4
距离,4
外科手术,4
军用,4
活体,4
医学,4
Waymo,4
专利,4
台湾,4
体积,4
释放,4
导航,4
重大,4
实施,4
潜艇,4
个性化,4
英里,4
高温,4
一套,4
扫描仪,4
准备,4
北卡罗来纳州,4
线宽,4
航天,4
区块,4
一部分,4
获取,4
建筑物,4
发射器,4
亿日元,4
经济,4
第四次,4
高铁,4
俄亥俄州,4
引擎,4
机会,4
法国,4
托木斯克,4
电子束,4
监视器,4
寻找,4
试飞,4
固定,4
空客,4
批准,4
加速器,4
地雷,4
分类,4
亏损,4
意见,4
各,3
及其,3
日本东京大学,3
奔跑,3
姿势,3
长,3
不到,3
瞬间,3
相当于,3
DRAM,3
第一代,3
数据处理,3
铝,3
做出,3
移植,3
特朗普,3
当地,3
本土,3
资源,3
相结合,3
喷涂,3
超音速,3
不同于,3
配合,3
进一步提高,3
高精度,3
数据传输,3
保证,3
以便,3
战场,3
来源,3
RS,3
点火,3
下降,3
三分之一,3
Landing,3
ai,3
时代,3
AI,3
员工,3
首先,3
领先,3
关系,3
数字化,3
手套,3
三菱,3
亿元,3
增速,3
规模化,3
商汤,3
融合,3
场景,3
第二,3
仅,3
光敏,3
地方,3
一次性,3
开发商,3
人民币,3
开拓,3
讨论,3
建议,3
数据库,3
损失,3
缺陷,3
专用,3
引导,3
负载,3
美国加州大学伯克利分校,3
以前,3
贸易,3
赛事,3
掌握,3
UL,3
原材料,3
燃气,3
涡轮机,3
9HA.02,3
输出功率,3
估计,3
额外,3
节省,3
训练,3
输入,3
俄罗斯科学院,3
独特,3
分解,3
相容性,3
细菌,3
机身,3
实际,3
五分之一,3
技能,3
之一,3
继续,3
政策,3
公众,3
打印头,3
设置,3
步兵,3
扭矩,3
英国曼彻斯特大学,3
清除,3
机制,3
部位,3
受控,3
微创,3
诊断,3
两栖,3
看起来,3
透露,3
价格,3
第三代,3
抵达,3
电子设备,3
诞生,3
操作者,3
微结构,3
微观,3
长度,3
嵌入,3
跳跃,3
平衡,3
GEAdditive,3
喷气,3
效率高,3
1.5,3
排放,3
半导体芯片,3
造型,3
骨架,3
面板,3
两家,3
车载,3
辅助,3
鱼,3
0.7,3
海洋生物,3
水面,3
监视,3
铸件,3
可控,3
免受,3
化合物,3
西屋,3
美国能源部,3
Hoversurf,3
展示,3
交通,3
学,3
昂贵,3
ofweek,3
IFR,3
蜜蜂,3
不锈钢,3
密度,3
建模,3
行为,3
出资,3
120,3
光盘,3
永久,3
数量,3
蟑螂,3
体长,3
取得,3
国立,3
手段,3
封装,3
格拉茨,3
围绕,3
管理局,3
美国加州理工学院,3
填充,3
感应,3
周围,3
10nm,3
面积,3
缩减,3
表情,3
声音,3
情绪,3
必要,3
可能性,3
清洁,3
CESMII,3
培养,3
组合,3
以色列,3
机动,3
内置,3
处,3
Gartner,3
整体,3
1%,3
挤出,3
环球,3
感觉,3
气动,3
虚拟,3
防水,3
微波,3
除了,3
首台,3
消耗,3
80%,3
20%,3
使用者,3
反馈,3
厚,3
洛桑,3
明胶,3
潜在,3
大约,3
准确度,3
高强度,3
热,3
轻量化,3
道路,3
货物,3
点火器,3
英寸,3
耗时,3
飞行高度,3
成熟,3
贴片,3
微血管,3
DNA,3
搬运,3
YuMi,3
指挥,3
自行,3
加州,3
脉冲,3
致密,3
流动,3
器,3
光子,3
挤压,3
选择性,3
拆弹,3
佩戴,3
矿井,3
马萨诸塞州,3
前沿,3
哥伦比亚大学,3
神经网络,3
有利于,3
中科院,3
刚性,3
轴,3
手语,3
台积,3
月份,3
坚固,3
麻省理工,3
理解,3
杀死,3
X射线,3
仪,3
首批,3
蛋白,3
2021,3
五年,3
仿真,3
转换,3
量,3
疾病,3
海外,3
自愈,3
新材料,3
微流控,3
奠定,3
毒性,3
Alphabet,3
行人,3
特种,3
套件,3
拟,3
硅,3
频率,3
美元,3
隧道,3
前进,3
陆地,3
间,3
梅隆,3
扭曲,3
伸缩式,3
十年,3
航天器,3
示范,3
爬行,3
美军,3
功能性,3
这个,3
最多,3
极端,3
启发,3
硬件,3
低廉,3
不断,3
铸造,3
真正,3
损伤,3
超,3
极大,3
批量生产,3
排斥,3
谷歌,3
NewAtlas,3
缩小,3
交互,3
视网膜,3
着,3
BatBot,3
IBM,3
位,3
MRI,3
突破性,3
预先,3
3dprintingindustry,3
CAD,3
扩展,3
链,3
第一个,3
视频会议,3
名叫,3
宠物狗,3
骨组织,3
命名,3
ATLAS,3
喷气式,3
基础设施,3
机床,3
think3D,3
建成,3
机组,3
考虑,3
生产商,3
电气,3
Alias,3
一条,3
平板,3
孙正义,3
一台,3
重,3
举行,3
起搏器,3
费用,3
汽车行业,3
白皮书,3
加入,3
二极管,3
军用飞机,3
曾,3
论坛,3
投资者,3
积极,3
加元,3
海岸,3
开设,3
ü,3
船级社,3
船舶,3
据称,3
牵引,3
目的地,3
谢菲尔德,3
AMRC,3
新兴,3
差,3
擦除,3
大气,3
头骨,3
钻孔,3
中据,3
日本政府,3
℃,3
继,3
微处理器,3
印度豹,3
交通部,3
组建,3
手掌,3
采埃孚,3
核电,3
申请,3
BAE,3
捷克,3
延长,3
陶瓷,3
回旋,3
HTT,3
工业气体,3
驱动器,3
在内,3
美国宇航局,3
恶劣,3
磁悬浮列车,3
Cazza,3
具体,3
拉伸,3
协同,3
波兰,3
飞车,3
亨茨,3
维尔,3
CMC,3
碳化硅,3
扫描,3
珠海,3
银隆,3
新能源,3
有限公司,3
UEC,3
鱼类,3
金星,3
北美,3
Uber,3
若,3
超高速,3
叶片,3
氢,3
户外,3
噪音,3
丝纤,3
最近,2
科学研究,2
核工业,2
抗辐射,2
放射性,2
战机,2
德克萨斯州,2
美国空军,2
一块,2
各项,2
马达,2
产能,2
这款,2
云计算,2
钢,2
搭建,2
伸展,2
以此,2
总统,2
产量,2
涵盖,2
智能手机,2
意义,2
中有,2
冷,2
射流,2
精确度,2
挪威,2
后期,2
资料,2
http,2
:,2
com,2
html,2
重型,2
可靠性,2
橡胶,2
泡沫,2
相连,2
悬浮,2
物件,2
后处理,2
斯坦福大学,2
教授,2
质检,2
瓶颈,2
几家,2
大会,2
华为,2
开放,2
使能,2
博世,2
指尖,2
关键技术,2
行动计划,2
力争,2
年均,2
明显,2
动能,2
联手,2
产业协会,2
SEMI,2
持续增长,2
台湾地区,2
三,2
113,2
接近,2
RelativitySpace,2
总成本,2
光刻,2
光场,2
几秒钟,2
全息图,2
分开,2
树脂,2
逐层,2
局限性,2
立体,2
光固化,2
重大突破,2
防卫,2
事业,2
厅,2
反恐,2
万元,2
原型机,2
随后,2
探查,2
敌方,2
地下,2
有关,2
成员,2
提交,2
开源,2
对此,2
明确,2
规范,2
弥补,2
因,2
产品质量,2
全国,2
批次,2
国产,2
合格,2
率,2
单臂,2
紧凑,2
相应,2
过,2
平昌,2
多项,2
地点,2
指导,2
HA,2
打破,2
兆瓦,2
数百万美元,2
通常,2
程序,2
设定,2
临时,2
反应,2
借助,2
预定,2
人机,2
二氧化碳,2
氧化,2
将会,2
有毒,2
化工,2
空军,2
战斗机,2
情报,2
计划局,2
麦肯锡,2
2030,2
800,2
发达国家,2
冲击,2
相对,2
岗位,2
应该,2
即将,2
到来,2
销售,2
各自,2
普及,2
消费者,2
FORTIS,2
承受,2
更大,2
负重,2
螺旋藻,2
涂层,2
微调,2
磁性,2
核磁共振,2
将来,2
程序控制,2
NeoXCraft,2
高功率,2
320km,2
海关,2
枪支,2
担忧,2
不像,2
一旦,2
起来,2
担心,2
大脑,2
车轮,2
上该,2
人士,2
促使,2
全身,2
Mini,2
Manbo,2
核事故,2
勘查,2
严重,2
熔毁,2
棒,2
推进器,2
水中,2
躲避,2
纷纷,2
核燃料,2
磁路,2
电子显微镜,2
平面,2
举起,2
重物,2
出由,2
发出,2
才能,2
中以,2
Atlas,2
再次,2
极好,2
动力学,2
展会,2
高于,2
氮化硼,2
聚乙烯醇,2
种类,2
者,2
空调,2
德国西门子,2
鲁尔,2
KIT,2
尺度,2
调制器,2
姿态,2
流畅,2
印刷,2
技术开发,2
多层,2
LG,2
高通,2
长期,2
呈,2
占据,2
帝国,2
万英镑,2
资产,2
MantaDroid,2
鱼鳍,2
片,2
游动,2
波浪,2
穿越,2
挑战性,2
抗,2
铜,2
电能,2
存储容量,2
40%,2
Anymal,2
电梯,2
部,2
BAM,2
失重,2
微重力,2
学院,2
面料,2
纺织,2
过滤,2
设想,2
军方,2
可调,2
爱普生,2
％,2
几年,2
多种不同,2
尝试,2
更换,2
可用,2
许多,2
颠覆性,2
座位,2
电镀,2
化学反应,2
电子行业,2
总,2
18%,2
已有,2
张力,2
室内,2
氢氧,2
充当,2
LLNL,2
延展性,2
常规,2
三倍,2
100%,2
完美,2
中小企业,2
4.0,2
正常,2
石英玻璃,2
样品,2
洛杉矶,2
云,2
小于,2
尾巴,2
一根,2
搜寻,2
本身,2
电学,2
二硫化钼,2
现代,2
两,2
包,2
征集,2
美国联邦,2
草案,2
监管,2
蝴蝶,2
灵感,2
鳞片状,2
光伏,2
硅橡胶,2
滑动,2
轻质,2
引发,2
错误,2
8nmLPP,2
8nm,2
于高端,2
旗舰,2
Concept,2
i,2
概念车,2
巡航,2
驾驶员,2
警戒,2
时候,2
开辟,2
原则,2
Roboteam,2
爆炸,2
化生,2
放核,2
阿联酋,2
警方,2
承载,2
用以,2
线,2
康复,2
3DynamicSystems,2
今年夏天,2
该类,2
器官移植,2
可望,2
以来,2
供不应求,2
成长,2
预期,2
创业,2
CEM,2
最早,2
上市,2
抓手,2
触摸,2
顶部,2
表皮,2
出所,2
轻量,2
环境监测,2
开发成本,2
整机,2
认可,2
课程,2
参与者,2
端,2
技术人员,2
捕捉到,2
接收,2
办公,2
皇家,2
新工艺,2
E2,2
DR,2
红外,2
灯,2
180,2
充气,2
成分,2
雷达,2
吸盘,2
附着,2
面,2
呼,2
鉴别,2
瑞士联邦,2
EPFL,2
维持,2
外力,2
协调,2
平衡性,2
裂纹,2
保留,2
该车,2
150,2
单个,2
美国哥伦比亚大学,2
形式,2
便宜,2
环保,2
易于,2
机翼,2
利于,2
上将,2
机体,2
后该,2
东京,2
多孔,2
人体器官,2
分拣,2
清华大学,2
研讨,2
第一款,2
热应力,2
电离,2
发电机,2
流体,2
FFNG,2
分层,2
布鲁塞尔,2
集群,2
合并,2
实体,2
长丝,2
炸弹,2
元器件,2
电路设计,2
大大提高,2
自动检测,2
碰撞,2
紫外,2
硅基,2
贴合,2
威斯,2
ASIMO,2
楼梯,2
年增,2
再创,2
历史,2
新高,2
煤,2
燃烧,2
混凝土,2
语音,2
癌细胞,2
蛋白质,2
敏感,2
最强,2
催化剂,2
影像,2
生物学,2
日本京都大学,2
初始,2
军事行动,2
日立公司,2
美国通用电气公司,2
弹簧,2
EDA,2
ANSYS,2
可靠,2
顺利,2
之能,2
大大降低,2
院,2
直径约,2
250,2
线圈,2
电磁波,2
成本低,2
屏幕,2
文本,2
巴斯夫,2
FDM,2
美海军,2
补充,2
零配件,2
钢铁,2
体细胞,2
走向,2
准确,2
进程,2
辨识,2
伤害,2
线缆,2
硬度,2
亚太地区,2
地位,2
次数,2
座椅,2
修改,2
流失,2
今年年底,2
西安交通大学,2
形状记忆,2
钼,2
即可,2
计算机芯片,2
磁共振,2
近战,2
3.5,2
施工,2
美国加州大学,2
卡耐基,2
市场份额,2
逐步,2
发起,2
同步卫星,2
初期,2
前沿技术,2
共性,2
医药,2
再现,2
为主,2
艇体,2
该艇,2
红外线,2
美国斯坦福大学,2
猎豹,2
越过,2
尾部,2
实用性,2
灵敏,2
自如,2
低于,2
昆虫,2
污染,2
上升,2
平均,2
2%,2
室,2
发挥作用,2
活,2
断裂,2
重组,2
尖端,2
伪装,2
物质,2
ofWEEK,2
分布,2
克服,2
解读,2
单独,2
更为,2
国家标准,2
AMMT,2
硅胶套,2
黑点,2
反,2
庞大,2
襟翼,2
悬停,2
先期,2
射击,2
一定,2
碳纳米,2
传输速度,2
ATI,2
合资,2
液晶,2
改造,2
光线,2
大中华,2
生产型,2
传导,2
一半,2
三星电子,2
米长,2
奥斯汀,2
晶圆,2
布局,2
ADVA,2
MRV,2
北卡罗来纳,2
免疫系统,2
螺钉,2
纹理,2
软骨,2
相同,2
PTB,2
天体,2
JILA,2
Hz,2
光波,2
保持稳定,2
光束,2
延伸,2
330,2
万公里,2
原子钟,2
超冷,2
TRADES,2
对象,2
JAXA,2
状况,2
尚未,2
星球,2
试点,2
LCD,2
随,2
刚度,2
便于,2
Owl,2
猫头鹰,2
或者,2
骨髓,2
骨头,2
航展,2
介绍,2
立方米,2
极高,2
主流,2
相当,2
鸿海,2
董事长,2
郭台铭,2
专注,2
完工,2
扩建,2
AMTZ,2
安德拉邦,2
一座,2
租赁,2
占地,2
SLA,2
机和,2
长约,2
远距离,2
这次,2
轮胎,2
构成,2
内壁,2
TechWeb,2
并购,2
面部,2
眼镜,2
即,2
多壁,2
东北大学,2
抢险,2
喷射,2
受灾,2
737,2
感测器,2
人力资源,2
短缺,2
手中,2
仍然,2
依靠,2
革命,2
光频,2
梳,2
波长,2
波段,2
运用,2
地球,2
太阳辐射,2
本年度,2
启用,2
有力,2
产业省,2
省,2
阐述,2
挑战,2
机遇,2
策略,2
代尔夫,2
特,2
举办,2
前者,2
•,2
晶体,2
变革,2
国防部,2
DST,2
材料科学,2
CNC,2
含量,2
辐射,2
硬化,2
邀请,2
四大,2
强调,2
MSTL,2
骨细胞,2
高分辨率,2
数十,2
薄,2
Anisoprint,2
莫斯科,2
强,2
海事,2
造船,2
更新,2
防务,2
局,2
西班牙,2
美国通用,2
皮伯斯,2
台上,2
777X,2
适应性,2
理事会,2
船用,2
四脚,2
碳素,2
则,2
机型,2
这台,2
诸如,2
漫游,2
材质,2
确定,2
不列颠,2
足够,2
信息安全,2
TrendMicro,2
网络安全,2
黑客攻击,2
效果,2
工序,2
率先,2
苹果,2
库克,2
就业机会,2
大大减少,2
买家,2
隐形,2
上空,2
唯一,2
取出,2
样机,2
同类,2
使得,2
很多,2
亚,2
节能,2
精密,2
半导体技术,2
夏普,2
表明,2
万人,2
保障,2
移动性,2
遥控,2
航行,2
可像,2
科拓,2
&,2
从事,2
专业,2
尾翼,2
市场需求,2
东盟,2
万辆,2
客舱,2
国民经济,2
调查局,2
薪资,2
西屋电气,2
最快,2
债务,2
薄膜,2
千瓦,2
氙灯,2
平方厘米,2
高出,2
3000,2
超轻,2
高灵敏度,2
边境地区,2
雷区,2
Knifefish,2
探雷,2
军工企业,2
GeneralDynamicsMissionSystems,2
指挥船,2
开放式,2
即插即用,2
新建,2
年底,2
延展,2
运转,2
竞购,2
基金,2
弹跳,2
河豚,2
飞船,2
引力,2
沙漠,2
高层建筑,2
阿拉巴马州,2
囊体,2
m,2
Fabrisonic,2
减材,2
铣削,2
增大,2
SatRevolution,2
160,2
～,2
’,2
Orange,2
增压器,2
匹配,2
低空,2
陶瓷纤维,2
国外,2
面镜,2
老鹰,2
医疗器械,2
格力电器,2
本次,2
印度斯坦,2
代表,2
民用,2
亿航,2
SUV,2
电子器件,2
JDI,2
彩色,2
机械手,2
爱尔兰,2
高清晰,2
显微,2
早期,2
100nm,2
深海,2
调节,2
办公室,2
等国,2
电信号,2
首飞,2
起飞,2
锂离子,2
广岛,2
1250,2
基,2
回收,2
起重机,2
暴露,2
ESA,2
并未,2
浮游生物,2
海洋环境,2
声学,2
干涉主义,2
本国,2
蓝色,2
起源,2
BE,2
摆脱,2
火车,2
列车,2
个人身份,2
AML,2
趋势,2
GPS,2
决议,2
法律,2
NII,2
Torobo,2
kun,2
东京大学,2
入学考试,2
Ogle,2
Supercraft3D,2
亚洲,2
虽然,2
气溶胶,2
基底,2
鸟类,2
驱逐,2
服装,2
越来越,2
军队,2
用途,2
敏捷性,2
OPM,2
福特,2
美的,2
这笔,2
富士施乐,2
佳能,2
结构体,2
英国伦敦,1
玛丽,1
女王,1
130,1
多所,1
建设项目,1
汇集,1
领域专家,1
废物,1
处置,1
沃斯堡,1
Ubisense,1
镜像,1
孪生,1
每架,1
AmericanSemiconductor,1
复杂性,1
7000,1
以供,1
该微,1
指标,1
双足,1
照相机,1
腰部,1
膝盖,1
脚踝,1
4.2,1
一流,1
马拉松,1
选手,1
实用化,1
韩国三星电子公司,1
显卡,1
Kengoro,1
Kenshire,1
肌腱,1
俯卧撑,1
仰卧起坐,1
背部,1
打,1
羽毛球,1
散热,1
水冷,1
出汗,1
现象,1
行政,1
令,1
铂,1
锰,1
稀土,1
影响面,1
内政部,1
进口,1
冷喷,1
声速,1
四倍,1
当其,1
到达,1
基底层,1
时会,1
液体状态,1
易,1
原有,1
商业保险公司,1
DNVGL,1
于海洋,1
行业标准,1
降低成本,1
美陆军,1
实验性,1
软件开发,1
陆军,1
smart,1
huanqiu,1
roll,1
11459363,1
AerojetRocketdyne,1
球形,1
蓄电池,1
使该,1
数目,1
单位成本,1
几十个,1
中旬,1
RapidLiquidPrinting,1
罐中,1
出丝材,1
丝材会,1
彼此,1
完毕,1
冲洗,1
以往,1
受限于,1
箱该,1
界,1
权威,1
计算机系,1
吴恩达,1
切入,1
供应链,1
浪费,1
今日,1
爆点,1
十大,1
EC,1
IOT,1
边缘,1
海尔,1
COSMOPlat,1
共创,1
共赢,1
生态系统,1
Thingworx,1
主线,1
达索,1
3DEXPERIENCE,1
Digitaltwins,1
e,1
@,1
ctory,1
精益,1
OPCUA,1
SAPLeonardo,1
赋能,1
信息化,1
部等,1
十二,1
明确提出,1
销售收入,1
核心技术,1
生态,1
培育,1
开发新,1
控制技术,1
发力,1
乘用车,1
L4,1
年终,1
35.6%,1
559,1
2000,1
创下,1
477,1
历史记录,1
7.5%,1
601,1
排名,1
169,1
榜首,1
Aeon1,1
百个,1
原先,1
千万美元,1
瞬时,1
全息,1
分成,1
激光束,1
投射,1
槽,1
前部,1
侧面,1
重叠,1
秒钟,1
着手,1
防爆,1
选定,1
韩华,1
签订,1
亿韩元,1
4597,1
年前,1
系统模拟,1
投入量,1
产该,1
平时,1
排除,1
战时,1
承担,1
清理,1
非军事区,1
接手,1
多数,1
欧洲议会,1
法律事务,1
IP,1
民事责任,1
可用性,1
篡改,1
侵犯,1
呼吁,1
在线,1
文件共享,1
界限,1
享有,1
产品数量,1
设限,1
征收,1
税以,1
所有者,1
侵权,1
遭受,1
央视,1
每周,1
节目,1
江苏省,1
监督,1
项即,1
体现,1
四方面,1
国产化率,1
自主化,1
比较,1
经济效益,1
东京国际,1
展上,1
Yumi,1
家族,1
身材,1
符合人体,1
工程学,1
外观设计,1
轻松,1
大幅提高,1
Vestri,1
自学,1
什么,1
最优,1
见,1
能源部,1
宣称,1
雇佣,1
名,1
冬奥会,1
志愿者,1
江陵,1
旌善,1
三座,1
体育馆,1
场馆,1
进度,1
观光,1
交通路线,1
英语,1
日语,1
韩语,1
游客,1
咨询服务,1
3400,1
管理人员,1
培训评估,1
组成部分,1
UL3400,1
maker8,1
article,1
9609,1
64%,1
63.7%,1
高效能,1
燃烧室,1
预混,1
充分体现,1
826,1
燃料费,1
轻微,1
面对,1
每次,1
推力,1
重新,1
修正,1
习惯,1
相匹配,1
简化,1
有机化学,1
光合作用,1
PEF,1
耐,1
自然环境,1
可再生,1
重复使用,1
损害,1
Flink,1
活力,1
烧伤,1
化学工业,1
中常,1
化学物质,1
AeroAstro,1
Firefly,1
选用,1
0.8,1
马赫,1
988,1
三分钟,1
注意力,1
实为,1
混合体,1
哈佛大学,1
较强,1
2.6,1
抓起,1
程控,1
轴向,1
扭转,1
十分之一,1
调查报告,1
人口,1
工作岗位,1
波及,1
全世界,1
职业,1
有限,1
发展中国家,1
失业,1
变迁,1
四大家族,1
携手,1
川崎,1
重工,1
理念,1
制定者,1
非政府,1
通用型,1
螺杆,1
能比,1
夹轮,1
抓取,1
十倍,1
保形,1
可充电,1
锂电池,1
牛顿,1
力使,1
机动性,1
近距离,1
奇效,1
香港中文大学,1
铁磁,1
降解,1
生物体,1
追踪,1
实例,1
难以,1
触及,1
诺丁汉,1
VRCO,1
德比,1
收起,1
形态,1
地空,1
通勤,1
自制,1
司法鉴定,1
零散,1
实弹,1
很难,1
安全措施,1
恐怖袭击,1
助推器,1
副总裁,1
RickAmbrose,1
与时俱进,1
过去,1
里,1
1600,1
脑控,1
破译,1
脑,1
施加,1
残疾,1
最远,1
卢布,1
ASTMInternational,1
卓越,1
CenterOfExcellence,1
其正,1
技术标准,1
吸引,1
利益,1
HR3,1
1.54,1
米重,1
轴上,1
伺服,1
HTCvive,1
头,1
显来,1
视野,1
画面,1
建筑工地,1
外太空,1
新版,1
三号,1
发回,1
铀,1
防辐射,1
凭借,1
派出,1
核泄漏,1
核辐射,1
过高,1
折损,1
找到,1
英国剑桥大学,1
注射器,1
底上,1
磁性材料,1
上面,1
即以,1
Sarcos,1
重型机械,1
GuardianGT,1
大马力,1
500kg,1
臂长,1
2.3,1
自由度,1
握拳,1
抬手,1
双目,1
身临其境,1
识别系统,1
跟随,1
ZEISS,1
交叉,1
网格,1
肉眼,1
可见,1
仪器,1
检出,1
薄片,1
纸币,1
标签,1
其于,1
1.75,1
流畅地,1
后空翻,1
市面上,1
最富,1
法兰克福,1
Formnext,1
超大型,1
重新配置,1
专有,1
铺设,1
节约,1
一米,1
马里兰大学,1
帕克,1
UMCP,1
个人,1
编织成,1
测试表明,1
比纯,1
凉爽,1
温室,1
不良影响,1
卡尔斯,1
ETHZ,1
第一步,1
逻辑设计,1
存储单元,1
构架,1
第二步,1
尽快,1
检测器,1
1200,1
SpotMini,1
依旧,1
狗,1
外漏,1
黄色,1
诺丁汉大学,1
喷墨,1
UV,1
全功能,1
采取,1
一分钟,1
绝缘,1
并入,1
相较,1
演进,1
long,1
termevolutionLTE,1
数据通信,1
倍且,1
延迟时间,1
降幅,1
期望,1
最新款,1
技术相结合,1
态势,1
主导地位,1
中国海事,1
赫瑞,1
瓦特,1
爱丁堡大学,1
伦敦,1
牛津大学,1
利物浦,1
3600,1
检查和,1
新加坡国立大学,1
魔鬼,1
PVC,1
扁平,1
容纳,1
LiquidRobotics,1
滑翔机,1
WaveGlider,1
海面,1
运载工具,1
高纬度,1
等级,1
长时间,1
二代,1
涂装,1
淤积,1
去除,1
藤壶,1
生出,1
铜绿,1
隐蔽性,1
漂浮,1
SPEE3D,1
LightSPEE3D,1
SP3D,1
歧管,1
LightSPEE,1
机可,1
ETHZurich,1
大狗,1
致动器,1
动态平衡,1
向上,1
还会,1
乘,1
油气,1
勘探,1
克劳斯,1
塔尔,1
DLR,1
此,1
新罕布什尔州,1
达特茅斯,1
穿着者,1
毒气,1
侵害,1
有机,1
MOFs,1
透气性,1
耐洗,1
一氧化氮,1
硫化氢,1
应急,1
防护服,1
打造出,1
精工,1
SeikoEpsonCorporation,1
2025,1
全方位,1
收入,1
200ppm,1
机据,1
年秋,1
过时,1
堆,1
AM,1
铸模,1
轴承,1
套该,1
证明,1
阀体,1
连接件,1
我们,1
Formula,1
五个,1
飞至,1
离地,1
450km,1
拥堵,1
送到,1
地该,1
升空,1
电气化,1
ECAM,1
依然,1
层层,1
堆积,1
并非,1
即电,1
高昂,1
缺点,1
很慢,1
联合会,1
销量,1
16%,1
131,1
同比,1
装机量,1
并肩,1
出新,1
一代,1
robo,1
bee,1
除,1
潜水,1
飞,1
175,1
毫克,1
RoboBee,1
浮力,1
气室,1
气,1
电解,1
俄勒冈州,1
艾姆斯,1
316L,1
含碳量,1
高水平,1
钢强,1
底层,1
孔隙,1
最终目标,1
收益,1
输送到,1
西北部,1
下萨克森州,1
汉诺威,1
NiedersachsenADDITIV,1
技术转让,1
光存储,1
保存,1
万年,1
刻录,1
25GB,1
1TB,1
星际,1
门,1
Stargate,1
丝状,1
巨型,1
天,1
模拟系统,1
习性,1
构造,1
走,1
0.3,1
坚硬,1
推挤,1
翻转,1
不具,1
爆炸性,1
容器,1
炸药,1
变为,1
尽管,1
中国科技大学,1
调控,1
杂质,1
新途径,1
田纳西,1
纯,1
金属结构,1
掩膜,1
从根本上,1
HTC,1
Vive,1
成年人,1
体型,1
捆绑,1
手脚,1
映射,1
发送给,1
缓慢,1
两足,1
会员,1
招标,1
包装,1
卸载,1
和解,1
追溯,1
顺应,1
主题,1
学徒,1
FAA,1
九月底,1
审查,1
黑,1
光和热,1
孔,1
光吸收,1
200%,1
吸收器,1
其光,1
美国华盛顿大学,1
剪切力,1
细微,1
可模仿,1
次,1
震动,1
敏感度,1
美国密歇根大学,1
FBS,1
补偿,1
一倍,1
抵抗运动,1
引起,1
过快,1
先验,1
知识,1
波纹,1
萨塞克斯,1
斯旺西,1
电压,1
表面张力,1
固态,1
转变,1
牵头,1
总结,1
这份,1
实践,1
战略目标,1
互操作,1
可载,1
两人,1
中型,1
车长,1
宽高,1
91.258,1
835.3,1
全天候,1
昼夜,1
简易,1
排爆,1
持续保持,1
先进性,1
警队,1
引进,1
单座,1
组,1
摩托车,1
限制,1
发生意外,1
警务,1
日本松下公司,1
背面,1
髋部,1
安有,1
转动,1
以其,1
著称,1
一直,1
小耳,1
畸形,1
生物材料,1
调研,1
预估,1
4111,1
19.7%,1
最为,1
强劲,1
一年,1
尤其,1
随机存取,1
半导体业,1
攀高,1
4274,1
4%,1
增产,1
恐将,1
反转,1
AIM3D,1
ExAM255,1
革新,1
挤出机,1
层厚,1
美国加利福尼亚大学,1
三根,1
纳米管,1
控制板,1
SynTouch,1
质地,1
划分,1
超敏,1
外层,1
覆上,1
硅制,1
盐水,1
触手,1
压强,1
盐溶液,1
已用,1
千种,1
校准,1
力求,1
无二,1
跨学科,1
军服,1
银,1
出底,1
形,1
性其长,1
宽约,1
工作频率,1
3.37,1
吉赫,1
WiMAX,1
介入,1
互操作性,1
FATEFutureAffordableTurbineEngine,1
35%,1
功重,1
45%,1
第二台,1
FATE,1
LantermanGroup,1
AmericaMakes,1
ACADEMI,1
导向,1
层面,1
美国防部,1
以期,1
从中,1
受益,1
计算机科学,1
手柄,1
延迟,1
恶心,1
头痛,1
不适,1
墨尔本,1
悉尼大学,1
科廷,1
金属材料,1
168,1
头部,1
投影仪,1
带,1
直立,1
躯干,1
2km,1
还具,1
区间,1
食用,1
制,1
甘油,1
减压,1
伸直,1
营养品,1
消化,1
代谢,1
硅谷,1
分支,1
原型车,1
雷克萨斯,1
LS600hL,1
改装,1
LIDAR,1
RADAR,1
矩阵,1
方向盘,1
崭新,1
司机,1
Chauffeur,1
守护者,1
Guardian,1
北京航空航天大学,1
波士顿大学,1
切割,1
䲟,1
纤毛,1
340,1
拉力,1
凹进,1
凸起,1
吸附,1
体表,1
亦,1
患有,1
区分,1
分析化学,1
电子仪器,1
病变,1
75%,1
走路,1
步态,1
计算机程序,1
控制算法,1
发送,1
合适,1
教会,1
保持平衡,1
不再,1
对抗,1
休斯,1
HRL,1
铝合金,1
功能化,1
修饰,1
不可,1
预防,1
约束,1
2495,1
1280,1
1545,1
后部,1
厢式,1
载物,1
70km,1
碳原子,1
氢原子,1
氮,1
百万分之一,1
个体,1
组装线,1
微泡,1
乙醇,1
细,1
电阻,1
软肌,1
全软,1
铺平道路,1
空中客车,1
Airbus,1
新款,1
A350XWB,1
宽体,1
挂架,1
民航史,1
备件,1
铜合金,1
铬,1
镍合金,1
钎焊,1
50%,1
丰田公司,1
陆空,1
两用,1
长宽,1
2.91,1
31.1,1
公路,1
凭,1
待,1
奥运会,1
圣火,1
点燃,1
仪式,1
萨斯喀彻温,1
藻类,1
果冻,1
状,1
溶解,1
心脏病,1
PrellisBiologics,1
营养,1
氧气,1
肾脏,1
核苷酸,1
转运,1
指定,1
当多,1
协同工作,1
准确率,1
化学合成,1
担任,1
乐队,1
卢卡,1
爱乐乐团,1
演出,1
工作人员,1
音乐,1
僵硬,1
指挥家,1
细节,1
人性化,1
膨胀,1
薄层,1
耗材,1
多重,1
精细结构,1
构型,1
设立,1
放在,1
所在地,1
4500,1
多名,1
PolarOnyx,1
波,1
熔点,1
持续时间,1
短能,1
复旦大学,1
缠绕,1
有序,1
排列,1
纤维状,1
来源于,1
相对运动,1
梯度,1
力,1
重配,1
拆分,1
适当,1
移除,1
故障,1
升举,1
更改,1
迈,1
巴塞尔,1
物理学家,1
光速,1
量子力学,1
快捷,1
EVO,1
tech,1
FMP,1
经由,1
有害物质,1
斯坦福,1
SRIInternational,1
Taurus,1
操作员,1
拆除,1
CharlesStarkDraper,1
粘贴,1
基板,1
机中用,1
几周,1
缩减到,1
几天,1
弗吉尼亚,1
DeepTest,1
及时发现,1
致命,1
错误行为,1
香港科技大学,1
体积小,1
轻可,1
眼球,1
相,1
赋予,1
大大,1
基体,1
手,1
表演,1
下肢,1
平稳,1
服务型,1
民众,1
家庭,1
柏林,1
消费品,1
展览会,1
手机芯片,1
麒麟,1
970Kirin970,1
亿个,1
搭配,1
运算,1
NPU,1
语音识别,1
人脸识别,1
SIA,1
24%,1
增,1
3.1%,1
336,1
增率,1
年增率,1
皆,1
呈现,1
正数,1
美洲,1
亚太,1
36.1%,1
24.1%,1
20.5%,1
18.9%,1
16.7%,1
南洋,1
粉煤灰,1
灰粒,1
地址,1
砂浆,1
充分利用,1
残留物,1
排放量,1
ComText,1
听懂,1
简明,1
直白,1
给出,1
语境,1
正确理解,1
概率,1
达勒姆,1
北卡罗莱纳州,1
激活,1
万次,1
转速,1
穿过,1
细胞壁,1
钻入,1
自由电子,1
XFEL,1
2.7,1
万束,1
多倍,1
仪对,1
样本,1
连,1
拍,1
数千,1
张,1
照片,1
酶,1
病毒,1
金泽,1
冈山,1
蜿蜒,1
前行,1
蛇,1
全长约,1
回声,1
该批,1
易爆,1
军械,1
CBRN,1
核材料,1
危险品,1
阿根廷,1
拉普拉塔,1
四轴,1
第四个,1
网状,1
圆柱状,1
螺旋,1
合资企业,1
堆芯,1
所以,1
按计划,1
学会,1
62.8,1
25%,1
软件商,1
掌控,1
线径,1
杂讯,1
度据,1
伯克利,1
彩色图片,1
hierarchicalsurfaceprediction,1
空白,1
占用,1
边界,1
InteractiveRobogami,1
模型库,1
门槛,1
Newatlas,1
大邱,1
庆北,1
个微,1
相互连接,1
更具,1
性可,1
心率,1
呼吸,1
初创,1
Lunewave,1
视角,1
Luneburg,1
乒乓球,1
传感,1
水汽,1
无线通信,1
ofWeek,1
研究部,1
BMMF,1
ProLMD,1
LMD,1
复杂表面,1
Versius,1
手腕,1
外科医生,1
手术台上,1
亮相,1
安特卫普,1
ProjectAslan,1
翻译,1
伺服电机,1
ArduinoDue,1
微电脑,1
Fingerpelling,1
字母表,1
翻译成,1
表达,1
口语,1
Innofil3DInnofil3D,1
FFF,1
分销,1
Pro1,1
系列产品,1
FAB,1
4763,1
移动式,1
机械师,1
还原性,1
便,1
树木,1
却是,1
后者,1
英国牛津大学,1
动物细胞,1
置于,1
保护性,1
液滴,1
一层,1
脂质层,1
存活率,1
丝网,1
印刷技术,1
印在,1
很长,1
水洗,1
杨百翰,1
以下,1
必不可少,1
洁净室,1
智利,1
沙特阿拉伯,1
化肝,1
sacrificial,1
血管性,1
筛选,1
纳入,1
对应,1
预警,1
诸多,1
软化,1
交通事故,1
条,1
保险杠,1
引擎盖,1
放松,1
荣刚,1
GMTC,1
Thermal,1
供应地,1
二者,1
瑞萨,1
情感,1
车用,1
眨眼,1
心跳,1
舒适性,1
税法,1
税收,1
优惠,1
变,1
征税,1
个人所得税,1
失业率,1
攀升,1
积累,1
社会福利,1
新税法,1
Cikoni,1
AdditiveCARBON,1
软硬,1
两种,1
性质,1
差异,1
永久性,1
在短期内,1
亚利桑那州,1
单层,1
二,1
碲,1
增益,1
臂腔,1
谐振腔,1
折叠型,1
记忆合金,1
互不,1
干扰,1
迄今为止,1
CICADA,1
隐蔽,1
电路板,1
6.5,1
须,1
英尺,1
滑翔,1
比约,1
气象,1
BADGER,1
刚,1
挖,1
墙壁,1
工程建设,1
PliantEnergySystems,1
波状,1
鳍,1
敏捷,1
AAS1,1
依据,1
仿生学,1
两侧,1
一对,1
波浪形,1
飘带,1
水域,1
哈尔滨工业大学,1
化学工程,1
粘性力,1
振荡,1
圆形,1
截面,1
嵌套,1
曲线,1
段,1
连接器,1
IDTechEx,1
市场趋势,1
2028,1
+,1
RSGS,1
力图,1
原本,1
打下基础,1
证券网,1
专项,1
六个,1
技术类,1
层次,1
年度,1
申报,1
共计,1
条据,1
3d,1
虎,1
HeyGears,1
广东,1
佛山市,1
服务中心,1
囊括,1
人才培养,1
数控,1
范畴,1
图,1
宾根,1
苏塞克斯,1
树莓,1
派,1
若干,1
遗传学,1
科罗拉多,1
波尔,1
德,1
蛆虫,1
蛆,1
蠕动,1
指引,1
普渡大学,1
SurfNet,1
转换成,1
介于,1
二者之间,1
美国普林斯顿大学,1
鲁棒性,1
Disruptive,1
9.14,1
大面积,1
BAAM,1
体是,1
可选,1
充分发挥,1
耳朵,1
鼓膜,1
紧密,1
身体状况,1
医疗保健,1
植物,1
藤蔓,1
延伸性,1
加压,1
困难,1
生体,1
已达,1
绘制,1
亚马逊,1
EchoDot,1
回答,1
原,1
一定量,1
负荷,1
短途,1
维斯,1
约翰,1
保尔森,1
应用科学,1
电容,1
运动服,1
瓶盖,1
瓦,1
帧,1
流,1
执行命令,1
穿梭,1
响应,1
巴斯,1
迷宫,1
净水,1
水消毒,1
SoDis,1
液中,1
有害生物,1
塑料板,1
水道,1
规格,1
每天,1
升水,1
期限,1
亚非拉,1
水资源,1
紧缺,1
干净,1
饮用水,1
McClean,1
2010,1
25.9%,1
28.1%,1
ICInsight,1
致使,1
增长速度,1
1.493,1
万亿美元,1
飙升,1
4191,1
四年,1
5000,1
失蜡,1
人工心脏,1
大致相同,1
390,1
右心室,1
左心室,1
腔,1
当腔室,1
放气时,1
从腔室,1
中泵出,1
墨尔本大学,1
碎屏,1
那样,1
共价,1
化学键,1
属性,1
Carima,1
CAT,1
DLP,1
400,1
Carbon,1
液面,1
CLIP,1
贝勒,1
医学院,1
内皮细胞,1
充质,1
毛细血管,1
出易,1
移植物,1
即时,1
飞蛾,1
触须,1
过滤器,1
泄漏,1
非法,1
DeepMind,1
爬楼梯,1
安川,1
轴多,1
GP,1
配套,1
控制柜,1
此组,1
新品,1
MOTOMAN,1
GP7GP8,1
GP12,1
伸,1
927727,1
1440,1
搬运组,1
装点,1
胶,1
上下,1
料,1
打磨,1
极高且,1
线来,1
场效应,1
CNFET,1
逻辑,1
交错,1
逻辑电路,1
MIPS,1
卡内基,1
肢体,1
语言,1
计算机系统,1
数千种,1
指向,1
集合,1
可变电阻,1
RRAM,1
精准,1
摄像机,1
传送,1
NIST,1
计量,1
经历,1
翼尖,1
Fingervision,1
Baxter,1
末端,1
当有,1
双手,1
握力,1
加利福尼亚,1
翼,1
制动器,1
计算器,1
肘,1
臀部,1
突然转向,1
安卓,1
菲,1
多尔,1
精细,1
可单,1
站立,1
可持,1
手枪,1
CMOS,1
钴,1
低温,1
接脚,1
压缩,1
平方,1
至关重要,1
阿勒格尼,1
GEAviation,1
无,1
meltless,1
领先地位,1
以光,1
毛毛虫,1
光下,1
消失,1
时则,1
恢复原状,1
太阳能电池,1
惠普公司,1
HPJetFusion3D,1
惠普,1
HPJetFusion,1
韧性,1
内嵌,1
半透明,1
高质量,1
韩联社,1
平泽,1
第四代,1
NAND,1
扩充,1
近年来,1
局面,1
屯特,1
机电,1
一体化,1
活检,1
Stormram4,1
放入,1
MRA,1
软管,1
变得,1
乳腺癌,1
韩国三星电子,1
内向,1
德州,1
厂房,1
单芯片,1
SoC,1
做,1
巩固,1
领导,1
网络设备,1
商,1
每股,1
共约,1
6900,1
流通股,1
以太网,1
欧洲地区,1
10mHz0.01,1
mHz0.01,1
Econotimes,1
乔治亚,1
密歇根,1
州立大学,1
施乐,1
PARC,1
TRAansformativeDESIGNTRADES,1
计算机辅助,1
复杂程度,1
万倍,1
模具,1
鹿岛,1
宇宙,1
控制程序,1
相连接,1
互相,1
挡,1
道,1
重复,1
稀缺,1
海军部,1
链来,1
数据共享,1
秋天,1
承认,1
案例,1
newatlas,1
范,1
德堡,1
利用人体,1
超薄,1
发,1
电器,1
黑色,1
磷层,1
应力,1
压电,1
电荷,1
轻薄,1
服饰,1
工程设计,1
4D,1
外型,1
非常广阔,1
robot,1
china,1
Android,1
之父,1
AndyRubin,1
孵化器,1
风险投资,1
Wi,1
Fi,1
App,1
1.18,1
会议室,1
全景,1
焦点,1
对准,1
说话,1
720p,1
手动,1
格拉斯哥,1
PEA,1
粘结剂,1
BMP,1
七个,1
人骨,1
巴黎,1
定,1
制度,1
几何,1
单通道,1
年期,1
逾,1
产业链,1
背光板,1
云端,1
网路,1
大数据,1
落实,1
Bosch,1
智能家居,1
设在,1
德累斯顿,1
YamazakiMazak,1
印度政府,1
平方英尺,1
多台,1
独立化,1
cnBeta6,1
退役,1
前后,1
配置,1
轻巧,1
强据,1
美国杜克大学,1
电气工程师,1
却,1
磨损,1
粘附,1
上能,1
胎面,1
花纹,1
美分,1
社长,1
章,1
男,1
重视,1
竞争对手,1
慢该,1
先锋报,1
最低,1
EyeK,1
Eye,1
毫瓦,1
97%,1
结块,1
堵塞,1
穿戴设备,1
蛇形,1
抬高,1
前端,1
倒塌,1
废墟,1
驾驶舱,1
透过,1
仪表,1
资讯,1
解放,1
飞行员,1
缓解,1
BostonDynamics,1
另一家,1
Schaft,1
CEO,1
下一阶段,1
驱动力,1
氮化硅,1
谐振器,1
孤子,1
宽带,1
叠加,1
179,1
并行,1
光通信,1
兆比特,1
速率,1
千兆,1
卡尔顿,1
先,1
发送到,1
表土,1
提取,1
捕获,1
护罩,1
日至,1
檀香山,1
IEEE,1
抛开,1
起搏,1
除颤,1
疼痛,1
加州大学,1
一同,1
临床,1
尖端技术,1
特斯拉,1
异军突起,1
控制权,1
夺走,1
既有,1
为此,1
28560,1
马自达,1
斯巴鲁,1
铃木,1
两位数,1
百分比,1
通用电气,1
天津,1
以外,1
业务部门,1
汇聚,1
世界领先,1
生态圈,1
自有,1
量身,1
一站式,1
生产率,1
厚生,1
劳动,1
文部,1
年版,1
分为,1
面临,1
详述,1
改革,1
凯斯,1
西储,1
CWRU,1
马图,1
阿,1
甲基丙烯酸,1
硅氧烷,1
溶解度,1
热扩散,1
渗透性,1
物理化学,1
校园,1
区内,1
首条,1
SpaceXHyperloopPodCompetition,1
挑战赛,1
打败,1
数百支,1
HardtGlobalMobility,1
Hyperloop,1
梦想,1
跨,1
Venturebeat,1
格罗,1
方德,1
快约,1
DiAM,1
大功率,1
列阵,1
OALV,1
光电,1
导,1
下属,1
国防科技,1
DSTGroup,1
工业界,1
学术界,1
破坏,1
原因,1
预防措施,1
SolidWorks,1
减震,1
上述,1
只是,1
EPMA,1
出色,1
剑桥,1
CIR,1
多场,1
C4IR,1
新一轮,1
主办者,1
革命性,1
浪潮,1
绝对,1
贫困,1
生活,1
凝聚,1
共识,1
重要性,1
结构性,1
供给,1
减贫,1
步伐,1
社会,1
进步,1
嘉泉,1
蓝光,1
数百,1
所花,1
失败,1
可分解,1
亚胺,1
弱酸,1
醋酸,1
不至于,1
废弃物,1
适于,1
植入式,1
微粒,1
既轻且,1
贴,1
血压,1
葡萄糖,1
值,1
汗液,1
3ders,1
结构件,1
构件,1
四分之一,1
风能,1
PRIMEAerostructures,1
3Ders,1
新不伦瑞克,1
该校,1
CFM,1
社区,1
共建,1
截至,1
筹集,1
270,1
欧文,1
造船公司,1
NSS,1
承诺,1
拟定,1
为期,1
警卫,1
舰队,1
空运,1
ETAC,1
Zaragoza,1
可行性研究,1
防御能力,1
土耳其,1
阿瑟尔,1
桑,1
伊斯坦布尔,1
防务展,1
展出,1
ASYAAskeriY,1
r,1
y,1
sAsistani,1
意为,1
ASYA,1
特种部队,1
宪兵,1
行军,1
脚步,1
持久,1
效能,1
运动性,1
阻力,1
单兵作战,1
威尔士,1
加的夫,1
首都,1
3790,1
铸造厂,1
场地,1
夏季,1
达门,1
RAMLAB,1
Promarin,1
软件巨头,1
Autodesk,1
BV,1
WAAMpeller,1
1300mm,1
180kg,1
配件,1
夏天,1
起到,1
脚部,1
某些,1
每公斤,1
144,1
瓦为,1
万日元,1
崎岖不平,1
物资,1
俄罗斯联邦,1
航天局,1
出高达,1
公吨,1
钽,1
钨,1
飞机制造,1
Phy,1
org5,1
加利福尼亚州大学,1
平坦,1
软质,1
抬起,1
跨过,1
沙地,1
鹅卵石,1
圣彼得堡,1
星星,1
发动机厂,1
两项,1
代号,1
脉冲星,1
该款,1
铁路,1
机车车辆,1
建筑机械,1
工贸,1
大力支持,1
浓缩,1
悬浮液,1
热处理,1
以使,1
抛光,1
流动性,1
透明性,1
耐化学,1
腐蚀性,1
官能,1
特种玻璃,1
JPL,1
轻量级,1
PUFFERPop,1
UpFlatFoldingExplorerRobotPUFFER,1
扁平化,1
方便,1
原形,1
崎岖,1
倾斜,1
光滑,1
地表,1
摔,1
强且,1
放大,1
南极,1
冰雪,1
THREADTHREAD,1
经多,1
填加,1
附加,1
造价,1
每平方米,1
仅数,1
房间,1
亦可,1
跨国,1
发那科,1
薄弱,1
保护措施,1
极易,1
每家,1
溶剂,1
反复,1
重写,1
西伯利亚,1
分院,1
有源元件,1
照明,1
客体,1
另,1
曝光,1
收发,1
分,1
置,1
人眼,1
察觉,1
首席,1
执行官,1
蒂姆,1
开发者,1
苹果公司,1
影响力,1
展现,1
保护环境,1
再生能源,1
犹他,1
专门从事,1
提前,1
花费,1
少量,1
路径,1
手术过程,1
随时,1
医用,1
此类,1
成功率,1
骨科,1
隆德,1
五万,1
亿张,1
最有,1
皮秒,1
剥离,1
全资,1
核能,1
加利福尼亚州,1
彭德尔,1
顿营,1
年舰,1
对岸,1
演习,1
面向未来,1
水陆两用,1
可变,1
身为,1
深潜,1
快艇,1
海滩,1
突击,1
战据,1
LiliumAviation,1
两架,1
台,1
天气,1
白天,1
巡航速度,1
322,1
履带,1
车和长,1
床上,1
南极洲,1
重工业,1
出能,1
报废,1
熔落,1
铝制,1
全长,1
7.1,1
中为,1
油压,1
误差,1
以内,1
敲定,1
日立,1
选出,1
并于,1
可拆卸,1
重构,1
负责人,1
拆卸,1
全金属,1
要少且,1
英国政府,1
并联,1
Exechon,1
第七,1
制冷机,1
Tex,1
白色,1
厂家,1
视为,1
微波炉,1
家电,1
维也纳,1
NOPLDAANDOR,1
英特尔,1
难点,1
特文特,1
2.5,1
真实,1
轻,1
短,1
能量消耗,1
夏普公司,1
高层,1
母公司,1
阵营,1
保持警惕,1
与鸿海,1
组团,1
能否,1
additivemanufacturing4,1
PremiumAEROTEC,1
EOS,1
戴姆勒,1
愿景,1
今后,1
工业化,1
适应,1
热加工,1
光学设备,1
性及,1
被动,1
可回收,1
空天,1
BusinessWire4,1
三星电子公司,1
FinFET,1
第四季度,1
SAEinternational,1
metalpowder4,1
Dreamliner,1
这批,1
等离子体,1
RPD,1
NationalAssociationofManufacturersNAM,1
劳工,1
统计局,1
二月份,1
从业,1
人数,1
30.5,1
半年前,1
26.8,1
13.8%,1
2008,1
InfoTeKS,1
首部,1
密钥,1
分配,1
信道,1
编码器,1
局域,1
分布式,1
秘密,1
信息网络,1
银行,1
限度,1
AZO,1
步骤,1
分辨,1
多组,1
元格型,1
伸长,1
900%,1
横向,1
4600,1
航天飞机,1
跑道,1
源于,1
加以,1
佛罗里达,1
Advances4,1
浙江大学,1
蝠,1
鲼,1
鱼该,1
由介电,1
离子,1
活性,1
耐受性,1
长寿命,1
6.4,1
0.69,1
三种,1
悬臂,1
Lifter,1
扩张,1
手风琴,1
Accordion,1
泵,1
阀门,1
Valve,1
仿人型,1
ZF,1
AstyxCommunication,1
Sensors45%,1
超高频,1
模组,1
Ibeo40%,1
Ibeo,1
Strata,1
阿布扎比,1
NibrasAlAin,1
工业园,1
Strata2.0,1
万平方米,1
首要任务,1
A320,1
水平尾翼,1
B787,1
协会会长,1
隆美尔,1
胡安,1
本地,1
旺盛,1
大众交通,1
运输工具,1
柴油,1
吉普车,1
三轮车,1
届时,1
生产能力,1
跃居,1
领先水平,1
利物,1
莫,1
半,1
法,1
SLM,1
Accenture,1
增强现实,1
标记,1
人力,1
A330,1
总装,1
机种,1
NBER,1
中称,1
各个,1
负面影响,1
人中,1
就业人口,1
比率,1
‰,1
WH,1
破产,1
电力公司,1
全额,1
履行,1
8000,1
497,1
担保,1
防止,1
无限,1
美国政府,1
债权人,1
BAESystems,1
兰开夏郡,1
NPPDC,1
利用效率,1
希腊,1
塞浦路斯,1
创新型,1
SMEs,1
NanoDiGree,1
纳米线,1
明显降低,1
电脑,1
广告牌,1
电子书,1
太空中心,1
现已,1
Synlight,1
149,1
盏,1
短弧,1
平方米,1
辐射量,1
功率,1
时其,1
320,1
当短,1
弧,1
照射,1
内其,1
日常,1
10000,1
光解,1
布拉格,1
ROG,1
12%,1
耐磨性,1
高强,1
小草,1
绝缘材料,1
宏观,1
孔隙率,1
此基础,1
电子科技,1
灵敏度,1
最好,1
新鲜,1
树叶,1
清晰,1
透视,1
危化品,1
波谱,1
安检,1
SEA,1
兆,1
电子伏特,1
裂缝,1
避免出现,1
废品,1
边防,1
海关检查,1
马来西亚,1
哈萨克斯坦,1
吉尔吉斯斯坦,1
美国国家航空航天局,1
众筹,1
HyperloopTransportationTechnologiesHTT,1
第一条,1
760mph,1
HyperloopOne,1
倾向,1
图卢兹,1
市,1
整条,1
面世,1
SemiconductorManufacturing,1
Dsign3,1
林德,1
中东部,1
省份,1
1.1,1
触控,1
墙体,1
地板,1
可消化,1
这类,1
消化道,1
新药,1
商界,1
领袖,1
政界人士,1
落入,1
加紧,1
阵容,1
谋求,1
闪存,1
总裁,1
纲川智,1
关乎,1
谨慎,1
著名,1
SK,1
海力士,1
私募,1
银湖,1
意愿,1
腾讯,1
外星,1
平地,1
手机,1
下该,1
高处,1
摔落,1
完好无损,1
配有,1
刺状,1
粗糙,1
斜面,1
在外,1
莫哈维,1
布里斯托尔,1
手上,1
地平线,1
500km,1
修建,1
DCN300,1
DirectCityNetworks,1
DCN,1
磁悬浮,1
地铁,1
350,1
563,1
审批,1
与其,1
熟练掌握,1
荷兰银行,1
ABNAMRO,1
Berenschot,1
出台,1
1.2,1
台式,1
万据,1
韩国三星,1
频繁,1
施压,1
终于,1
一笔,1
炉灶,1
生产厂,1
墨西哥,1
迁至,1
境内,1
金额,1
乔治亚州,1
南卡罗来纳州,1
初步,1
磋商,1
冰箱,1
洗衣机,1
烘干机,1
家用电器,1
仙台,1
像活,1
阿米巴,1
变形虫,1
化学成分,1
囊,1
对光,1
启止,1
载体,1
产业化,1
物流业,1
技术升级,1
无人化,1
以极,1
4mm,1
5mm,1
μ,1
疗法,1
超声波,1
UAM,1
数控铣,1
床中,1
SatRevolutionS,1
该国,1
外国,1
Swiatowid,1
RusalkaPhoneSat,1
日期,1
沟通,1
采集,1
应变,1
此项,1
大大简化,1
PAL,1
910,1
串列,1
双座,1
三轮,1
标准版,1
售价,1
39.9,1
时车,1
桨,1
1315,1
飞行速度,1
138,1
157,1
3500,1
单人,1
航程,1
交通运输,1
MTUFriedrichshafen,1
安全可靠,1
柴油机,1
一架,1
骑乘,1
经,1
真人,1
四,1
承重,1
133,1
连续飞行,1
京东,1
陕西省政府,1
陕西省,1
全域,1
四省,1
许可,1
商品,1
下行,1
农,1
特产品,1
上行,1
示范性,1
通航,1
环节,1
工人,1
闻名,1
颗卫星,1
羧甲基,1
燃油,1
美国国防部,1
赛峰,1
业,1
条形码,1
血细胞,1
脑神经,1
元,1
多面,1
镜,1
换,1
射线,1
加倍,1
扫描时间,1
到数,1
千分之一,1
血液病,1
神经系统,1
东丽,1
爱媛县,1
首座,1
部材,1
车体,1
斯图加特,1
眼睛,1
生理,1
密集,1
感光,1
凹处,1
凹,1
低分辨率,1
一粒,1
盐,1
格力,1
至今,1
纠葛,1
实质,1
老牌,1
家电企业,1
财年,1
拖累,1
3900,1
超出,1
资本,1
1500,1
三年,1
填补,1
月底,1
金鸡,1
母,1
获利,1
出卖,1
东山再起,1
武装部队,1
期间,1
会谈,1
印度国防部,1
苏,1
30MKI,1
AL,1
31FP,1
授权,1
184,1
身高,1
净重,1
200kg,1
半小时,1
50km,1
载客,1
117kg,1
入座,1
4G,1
交通局,1
多次,1
全力,1
争取,1
按时,1
希伯来,1
可高达,1
1100%,1
市售,1
伸长率,1
五倍,1
保持良好,1
重复性,1
透光率,1
同,1
1.8,1
像素,1
117ppi,1
1677,1
万种,1
透光度,1
于车,1
商场,1
橱窗,1
教育领域,1
松下,1
NTT,1
终端设备,1
RE2Robotics,1
破除,1
船只,1
桥梁,1
码头,1
覆盖物,1
现役,1
UUV,1
修理,1
钻井,1
成员国,1
罗马尼亚,1
LANIR,1
纳米尺度,1
红外光谱仪,1
70nm,1
组织细胞,1
生化,1
演变,1
阿尔茨海默氏症,1
深入研究,1
硒,1
化铅,1
纳米材料,1
都灵,1
流变,1
比例,1
3mm,1
立方体,1
六边形,1
传播,1
花粉,1
沾,1
腹毛,1
授粉,1
效应,1
光源,1
捕食者,1
发明,1
酷似,1
水母,1
得,1
水泵,1
注水,1
触角,1
潜入,1
途径,1
科研机构,1
脊髓,1
运动神经元,1
单纯,1
抽动,1
意念,1
截肢,1
SiC,1
高热,1
高压,1
存活,1
521,1
日产,1
WiTricity,1
停,1
板上,1
比起,1
桩,1
更高,1
等到,1
商用化,1
年据,1
综合,1
生产成本,1
竞争,1
销售业务,1
UNIST,1
光催化,1
碳材料,1
小鼠,1
周内,1
91%,1
牙齿,1
优步,1
聘请,1
资深,1
马克,1
摩尔,1
MarkMoore,1
降落,1
波鸿,1
EV,1
负担,1
290GHz,1
315GHz,1
105Gbps,1
这要,1
5G,1
网络连接,1
松下电器,1
300GHz,1
无线电,1
路以,1
耐受,1
多晶,1
镍,1
13000,1
转,1
Solutions,1
便携式,1
战舰,1
卡车,1
400kg,1
爪状,1
强制,1
ceramicmatrixcomposite,1
第二阶段,1
一轮,1
累积,1
1800,1
碎屑,1
灰尘,1
上半年,1
通用,1
欧洲航天局,1
月壤,1
建材,1
定居点,1
欧航局,1
着陆器,1
层楼,1
内部空间,1
定居,1
保护层,1
隔绝,1
陨石,1
技术支持,1
伊利诺伊大学,1
碳素纤维,1
翅膜,1
93g,1
翼展,1
30cm,1
供能,1
急速,1
转弯,1
较易,1
破损,1
尚,1
不能,1
实用,1
安防,1
侦查,1
斯克里普斯,1
海洋学,1
探险家,1
AUE,1
台灯,1
米左右,1
海水,1
所处,1
同级,1
瓦该,1
重达,1
4800,1
高能量,1
基准,1
金属表面,1
衣,1
REXReWalk,1
Mindwalker,1
23%,1
不全,1
Robotics,1
cnBeta1,1
退出,1
英国首相,1
特蕾莎,1
梅,1
TheresaMay,1
ModernIndustrialStrategy,1
密切合作,1
给予,1
服务业,1
加大,1
力度,1
复兴,1
工业生产,1
液化,1
Glenn,1
俄制,1
RD,1
德克萨斯,1
最薄,1
纹身,1
贴附,1
湿度,1
化妆品,1
汉阳,1
998,1
超声速,1
超管,1
格式,1
两倍,1
十分重视,1
交叉学科,1
超快,1
努力,1
赶超,1
国据,1
分部,1
激发,1
LDAL,1
大气层,1
暂时,1
电磁,1
防护装置,1
舰艇,1
地面部队,1
处在,1
出该,1
研制成功,1
防御,1
富士通公司,1
滑动式,1
掌,1
指,1
感应器,1
样板,1
宽度,1
8mm,1
小型化,1
沙迦,1
AUS,1
以氢,1
动力源,1
加氢,1
数,1
单位,1
仅限于,1
顺利进行,1
迈出,1
一大步,1
建,1
军工,1
NNSA,1
库存,1
能源安全,1
会面,1
决定,1
万个,1
iphone,1
组装厂,1
可行性,1
建厂,1
落地,1
渐弱,1
回流,1
DSTL,1
下车,1
DCCS,1
惯性,1
已知,1
己方,1
前线,1
全球定位系统,1
威胁,1
共享,1
演示,1
聚焦,1
诱导,1
FEBID,1
别的,1
级别,1
超材料,1
光纤,1
电缆,1
议会,1
审议,1
送交,1
欧洲委员会,1
第一部,1
筹建,1
当代,1
共有,1
通用汽车公司,1
主席,1
现任,1
市长,1
CNBeta,1
情报学,1
放弃,1
参加,1
终极目标,1
顶尖,1
高校,1
结果表明,1
遇到,1
难以逾越,1
障碍,1
Lander,1
底盘,1
募集,1
借机,1
外科,1
器械,1
现在,1
CT,1
但是,1
逐渐,1
亚洲地区,1
竞争者,1
统一,1
密苏里,1
导电材料,1
ClearFlightSolutions,1
Robirds,1
试用,1
多年,1
民用机场,1
兴趣,1
乔纳森,1
蒂皮特,1
JonathanTippett,1
静音,1
电液,1
向前,1
极小,1
悬空,1
地势,1
不平,1
结束,1
运往,1
Google,1
RayKurzweil,1
受欢迎,1
免费,1
一大批,1
立即,1
购买,1
经营,1
Medicrea,1
介体,1
美国市场,1
FDA,1
术前,1
护理,1
Millebot,1
多头,1
集装箱,1
喂药,1
体外,1
药剂,1
用量,1
满足用户,1
磁石,1
效果显著,1
ARL,1
弱,1
尽管如此,1
牛津,1
CST,1
100StarLiner,1
HPAM,1
严苛,1
交货,1
航空器,1
布里斯托,1
单向,1
束,1
声波,1
难度,1
举措,1
总局,1
发改委,1
工信部,1
认监委,1
委,1
系统性,1
十四条,1
Kuka,1
外资,1
CFIUS,1
管制,1
DDTC,1
至此,1
监管部门,1
上旬,1
多样,1
间距,1
晚些时候,1
经营范围,1
佳能公司,1
MarvFDM,1
占地面积,1
重量轻,1
非常适合,1
Marv,1
取得成功,1
机并,1
借此,1
戈尔韦,1
NUIGalway,1
3TRPD,1
结构复杂,1
数百个,1
爪,1
大连,1
化物所,1
第一架,1
有人,1
试验机,1
东北,1
电源,1
飞行技术,1
标志,1
美德,1
第三个,1
电装,1
Denso,1
股份,1
NEC,1
对策,1
多样化,1
遭到,1
塔夫,1
茨,1
TuftsUniversity,1
programmable,1
一体式,1
耐久,1
五金产品,1
家居用品,1
