材料,457
电池,143
纳米,133
美国,114
石墨烯,89
金属,78
3D打印,72
能量,61
催化剂,54
表面,51
聚合物,50
生物,47
复合材料,46
新材料,44
太阳能电池,43
设备,42
电极,42
纤维,41
薄膜,41
钙钛矿,40
传感器,40
半导体,39
涂层,37
日本,36
强度,36
合金,36
电子,32
德国,31
温度,31
碳纳米管,31
器件,30
打印,30
汽车,29
分子,28
反应,28
玻璃,27
碳纤维,27
织物,26
量子,25
化学,25
医疗,25
俄罗斯,25
芯片,23
颗粒,23
水,23
人造,22
原子,22
密度,22
离子,22
二氧化碳,21
英国,21
光学,21
能源,21
锂离子,21
功能,21
低成本,21
工业,21
拉伸,21
锂电池,21
透明,21
电子设备,20
电能,20
高温,20
高强度,19
形状,19
新技术,19
燃料电池,19
硅,19
有机,18
智能,18
高达,18
陶瓷,17
合作开发,17
光,17
存储,17
碳,17
韩国,17
镍,17
取代,17
导电,17
再,17
太阳光,17
皮肤,17
厚度,17
发动机,17
细胞,17
实验,16
基底,16
太阳能,16
航空航天,16
弹性,16
混合,16
尺寸,16
显示屏,16
性,16
二维,16
膜,16
以上,15
理工学院,15
基,15
条件,15
掺杂,15
由于,15
变化,15
电子器件,15
稳定,15
转换,15
光电,15
晶体,15
机器人,15
锂,15
发电机,15
机械,14
激光,14
超材料,14
超,14
蜘蛛丝,14
超级电容器,14
飞机,14
沉积,14
安全,14
充电,14
辐射,14
超导,14
添加,13
加热,13
需,13
化合物,13
电解质,13
当,13
发生,13
学院,13
理论,13
石墨,13
水凝胶,13
支架,13
系统,13
钴,13
供电,13
二极管,13
液态,13
计算机,13
导电性,13
MOL,13
监测,13
实际,13
数据,13
航空,13
化,12
国防,12
标准,12
广泛,12
生长,12
高分子,12
成像,12
粉末,12
建筑,12
三维,12
储能,12
活性,12
纳米材料,12
特定,12
复合,12
显著,12
相当,12
电流,12
更好,12
商业化,12
美国能源部,12
理工大学,12
微型,12
墨水,12
100,12
溶液,11
多孔,11
金属材料,11
表明,11
冷却,11
药物,11
阳极,11
成,11
氮化硼,11
人工,11
燃料,11
橡胶,11
电,11
调控,11
显示,11
提出,11
仅,11
LED,11
空气,11
手机,11
再生能源,11
铁,11
欧盟,11
物质,11
长,11
多种,11
超薄,11
部件,11
氢,11
碳化硅,11
特点,11
军事,10
意义,10
储存,10
压力,10
士兵,10
不仅,10
更加,10
一样,10
完全,10
瑞士,10
阴极,10
美国麻省理工学院,10
各种,10
使用寿命,10
组装,10
纱线,10
中据,10
电动汽车,10
波长,10
热电,10
质量,10
工程,10
非常,10
℃,10
弯曲,10
毫米,10
信息,10
层,10
州立大学,10
随后,10
物体,10
OLED,10
提取,10
钛,10
激光器,10
航天,10
率,9
物理,9
加工,9
溶剂,9
莱斯,9
涂料,9
廉价,9
回收,9
相容性,9
治疗,9
塑料,9
大幅,9
近,9
还原,9
制得,9
涂覆,9
泡沫,9
反射,9
弹性体,9
韧性,9
钢铁,9
电子产品,9
光子,9
首先,9
液体,9
最终,9
微米,9
美国斯坦福大学,9
寿命,9
研究进展,9
联邦,9
保证,9
凝胶,9
响应,9
聚,9
延长,9
肌肉,9
只有,9
流体,9
Today,9
AOZ,9
电压,9
循环,9
发电,9
海军,9
重点,9
方向,9
因此,9
促进,9
大规模,9
释放,8
自身,8
气体,8
超高,8
晶体管,8
两种,8
科研,8
微生物,8
只,8
调节,8
立,8
光纤,8
而成,8
然后,8
计算,8
充放电,8
硅基,8
碲,8
阶段,8
需求,8
超级,8
粒子,8
适用,8
纳米级,8
锑,8
纺织品,8
纸,8
服装,8
海水,8
科学技术,8
超轻,8
原料,8
大小,8
隐形,8
光谱,8
无需,8
废弃,8
莫斯科,8
点,8
室温,8
复杂,8
成分,8
生物医学,8
NASA,8
飞行,8
既,8
照射,8
保护,8
健康,8
°,8
铝,8
氢气,8
电力,8
原型,8
环保,8
可达,8
卫星,8
没有,8
运动,8
六方,8
神经,8
再生,8
西班牙,8
工厂,8
把,8
外部,7
构成,7
欧洲,7
性质,7
甲烷,7
乙醇,7
加速,7
驱动,7
碳材料,7
很,7
好,7
通常,7
优势,7
％,7
瑞士联邦,7
像,7
长度,7
不会,7
避免,7
氮化,7
镓,7
表现,7
盐,7
原材料,7
其它,7
堆叠,7
常规,7
膨胀,7
带来,7
广阔,7
空间,7
创造,7
信号,7
热,7
效果,7
用作,7
仿生,7
纤维素,7
坚固,7
网络,7
氧,7
催化,7
穿戴,7
外,7
体积,7
可见光,7
改善,7
无人机,7
面料,7
国立,7
新一代,7
氧化物,7
薄片,7
微孔,7
受,7
资助,7
层状,7
又,7
制氢,7
该项,7
玻璃纤维,7
任何,7
澳大利亚,7
伤口,7
防止,7
氧化,7
剥离,7
最高,7
隐身,7
颜色,7
99%,7
缓解,7
轮胎,7
钛合金,7
全,7
热处理,7
变色,7
200,7
锌,7
元件,7
高精度,7
硬度,7
传输,7
平方厘米,7
甚至,7
水泥,7
试验,6
意大利,6
砷化镓,6
含有,6
带,6
几个,6
之后,6
德克萨斯,6
GaN,6
位置,6
转变,6
麻省理工学院,6
太阳,6
安全性,6
加入,6
固态,6
金刚石,6
内部,6
快,6
高出,6
软骨,6
磁场,6
重大,6
生物材料,6
限制,6
植入,6
微,6
操作,6
存储器,6
商业,6
防水,6
模型,6
薄,6
几乎,6
称为,6
一层,6
导电材料,6
仅为,6
明显,6
脉冲,6
次,6
Eurekalert,6
热量,6
轻,6
引入,6
可穿戴设备,6
分离,6
简单,6
机身,6
更高,6
教授,6
仍,6
智能手机,6
容量,6
产业,6
愈合,6
极大,6
固化,6
原始,6
经济,6
中国,6
调整,6
进展,6
出新,6
美国陆军,6
各类,6
赫兹,6
光伏,6
下降,6
生成,6
进程,6
发光材料,6
一定,6
过渡,6
烧结,6
 ,6
分解,6
法,6
界面,6
绝缘体,6
新思路,6
诱导,6
无,6
摄氏度,6
磁体,6
极端,6
形态,6
单层,6
变形,6
可折叠,6
车轮,6
轻质,6
纳米线,6
自愈,6
叶片,6
防护,6
磁性,6
磁性材料,6
窗户,6
导管,6
组合,6
预测,6
满足,6
发明,6
输出,6
出来,6
受损,6
则,6
面板,6
全氮,6
不锈钢,5
铜,5
量产,5
移动设备,5
轻量化,5
及其,5
光刻,5
英国剑桥大学,5
蒸发,5
替代品,5
天然气,5
吸附,5
两倍,5
CO2,5
改进,5
防弹衣,5
灵活,5
材料科学,5
理想,5
晶格,5
无法,5
复合物,5
清洁,5
芬兰,5
功率,5
体内,5
热能,5
暴露,5
运用,5
该款,5
溶解,5
铬,5
卡尔斯鲁厄,5
特殊,5
受到,5
能耗,5
二,5
红外光,5
适合,5
高度,5
简便,5
捕获,5
材质,5
克服,5
疏水,5
化学反应,5
人体,5
兼具,5
众多,5
经,5
包装,5
医学,5
加快,5
可逆,5
自主,5
氮,5
杂化,5
铂,5
近红外,5
高效率,5
存在,5
式,5
电量,5
伸缩,5
天然,5
劳伦斯,5
尔,5
整个,5
金属线,5
用来,5
发光,5
美国加州大学,5
机械性能,5
交联,5
元素,5
一氧化碳,5
混合物,5
生产成本,5
800,5
欧元,5
功率密度,5
电容器,5
2D,5
片,5
3D,5
更强,5
均,5
电脑,5
80%,5
三,5
静电,5
降温,5
可降解,5
镁,5
二氧化硅,5
10%,5
食品,5
银,5
20%,5
1000,5
医疗器械,5
动力,5
300,5
粘合剂,5
武器,5
刺激,5
整合,5
开辟,5
出能,5
单晶,5
光线,5
三星,5
荧光,5
市面上,5
恢复,5
头盔,5
即,5
高通量,5
90%,5
98%,5
潜在,5
对于,5
光源,5
加速器,5
棒,5
大批量生产,5
首个,5
启发,5
在内,5
打造,5
取得,5
选择性,5
印刷,5
美国哈佛大学,5
液晶,5
铋,5
状态,5
电容,5
纳米技术,5
固定,5
科罗拉多,5
小,5
癌症,5
涡轮,5
特征,5
毯,5
无毒,5
海绵状,5
抗辐射,5
人工合成,5
红外,5
多层,5
有利于,5
创建,5
火箭,5
声波,5
推广,5
在于,5
骨骼,5
一般,5
cnBeta2,5
探针,5
屏幕,5
GE9X,5
烯,5
零部件,4
防务,4
程度,4
框架,4
一系列,4
潜力,4
美国哥伦比亚大学,4
MOF,4
真空,4
高压,4
多余,4
大大,4
国防部,4
战场,4
边缘,4
大约,4
相对,4
分别,4
表层,4
维护,4
铍,4
生物降解,4
长时间,4
手术,4
之,4
站,4
样品,4
可靠性,4
部分,4
钠,4
单元,4
基本,4
将会,4
保障,4
钼,4
处于,4
验证,4
聚乙烯醇,4
均匀,4
更为,4
锡,4
转变成,4
排放,4
拉,4
更长,4
基质,4
施加,4
高弹性,4
粘合,4
p,4
理解,4
通用,4
贵金属,4
液滴,4
易于,4
正常,4
纸张,4
干燥,4
细,4
除,4
固体,4
铑,4
代替,4
利弗莫,4
气凝胶,4
新型材料,4
推进,4
布鲁克,4
海文,4
零,4
宽,4
量,4
抗,4
件,4
绿色,4
资源,4
电荷,4
刚性,4
借助,4
纤维材料,4
确定,4
如何,4
产物,4
能源消耗,4
高能量,4
军用,4
承受,4
波导,4
探测器,4
形式,4
电场,4
最新,4
大阪,4
机器学习,4
X射线,4
贴片,4
平板,4
g,4
迅速,4
微结构,4
耐,4
紫外光,4
心脏,4
昂贵,4
可延长,4
塑性,4
零件,4
苏黎世,4
效率高,4
选择,4
诸多,4
低廉,4
皱纹,4
晶粒,4
纺丝,4
一起,4
自毁,4
DNA,4
密歇根,4
太,4
转移,4
印刷技术,4
通信,4
50%,4
水中,4
主动,4
伪装,4
Cynora,4
当前,4
铟,4
彩色,4
升高,4
维持,4
之前,4
淡化,4
自动化,4
进口,4
降解,4
摩擦,4
车辆,4
自由电子,4
设施,4
华氏度,4
准备,4
机械能,4
反复,4
单,4
细菌,4
导体,4
天线,4
磁电,4
基金,4
切割,4
加拿大多伦多大学,4
学,4
新加坡,4
粘附,4
破坏,4
有毒,4
阿贡,4
阵列,4
电路,4
更快,4
器官,4
蛋白,4
高韧性,4
防火,4
认证,4
1200,4
稀土,4
稀土元素,4
消耗,4
硼,4
打破,4
石英,4
获取,4
坚硬,4
展示,4
波音公司,4
方案,4
立方,4
自旋,4
1.5,4
极限,4
联合开发,4
等离子体,4
高纯度,4
骨架,4
低于,4
价格,4
陶瓷材料,4
探测,4
显微,4
现在,4
石油,4
生化,4
面向,4
组件,4
直径约,4
各个,4
使得,4
模拟,4
或者,4
流动,4
声学,4
电池板,4
中小企业,4
全部,4
储氢,4
柔软,4
之一,4
cnBeta3,4
相当于,4
立方体,4
易,4
气溶胶,4
接近,4
集成电路,4
吸光,4
角度,4
图像,4
大脑,4
～,4
南京,4
指南,4
T800,4
复合型,4
特斯拉,4
铝合金,3
数量,3
会议,3
为期,3
设立,3
结果,3
半导体器件,3
HKUST,3
悬浮,3
捕捉,3
因,3
防弹,3
负重,3
介绍,3
柔韧性,3
舒适度,3
美国加州大学伯克利分校,3
前驱,3
体,3
重新,3
精确,3
定义,3
美国芝加哥大学,3
以色列,3
过滤,3
核心,3
金,3
水生,3
微粒,3
脱落,3
宾夕法尼亚州,3
柠檬酸,3
折射率,3
去除,3
来源,3
亚,3
扭转,3
出现,3
中国科学院,3
很大,3
成均馆,3
蜘蛛网,3
纳米管,3
高容量,3
发射,3
不易,3
排列,3
优良,3
热导率,3
申请,3
得,3
缺点,3
关节,3
生物体,3
管道,3
疾病,3
发挥,3
比例,3
多个,3
间,3
中科院,3
手段,3
钪,3
结晶,3
写入,3
纳秒,3
机制,3
奠定,3
石墨炔,3
巨大,3
高昂,3
工程学院,3
工程系,3
物料,3
覆盖,3
美国华盛顿大学,3
时其,3
杂质,3
匹配,3
两者,3
新途径,3
可能性,3
橡胶材料,3
压缩,3
证实,3
头发丝,3
即可,3
点亮,3
蚕丝,3
电导率,3
载体,3
交叉,3
电池容量,3
纳米尺度,3
相同,3
纹理,3
缠绕,3
毫克,3
一,3
能源部,3
无序,3
氟化,3
单壁,3
灵活性,3
便宜,3
传递,3
敏感,3
仿,3
AZO,3
蔚山,3
最佳,3
结果表明,3
特别,3
孔径,3
可控,3
决定,3
领导,3
合作伙伴,3
联盟,3
聚氨酯,3
绝缘材料,3
佐治亚,3
技术开发,3
物联网,3
同样,3
机会,3
器,3
第一个,3
意味着,3
编程,3
软体,3
紫外,3
区域,3
吸收能力,3
光解,3
BP,3
相,3
CN,3
模仿,3
化学合成,3
金属化,3
浸渍,3
依然,3
外壳,3
不到,3
超稳定,3
聚硅氧烷,3
水解,3
蛋白质,3
难以,3
危险,3
实用价值,3
出高,3
批量生产,3
应变,3
速率,3
×,3
即使,3
伸长率,3
氮化物,3
1%,3
浸泡,3
继续,3
贴合,3
由此,3
透气性,3
类化合物,3
思路,3
防伪,3
犹他,3
钻石,3
熔融,3
状,3
易燃,3
级别,3
铝粉,3
千瓦,3
带有,3
聚合,3
链,3
强化,3
铆钉,3
喷墨,3
数量级,3
诊断,3
造成,3
举起,3
安装,3
核,3
电阻,3
效应,3
类,3
希腊,3
~,3
制品,3
时该,3
阿卜杜拉,3
国王,3
每,3
水资源,3
短缺,3
非,3
双,3
优化,3
生产商,3
蒲公英,3
天然橡胶,3
供应,3
新工艺,3
氧化钛,3
30%,3
布朗,3
按,3
刚度,3
分散,3
新加坡国立大学,3
共轭,3
充电电池,3
异质,3
CNT,3
连续,3
微波,3
水基,3
变为,3
电子材料,3
原理,3
球形,3
钙,3
最后,3
东北大学,3
六边形,3
产业化,3
抵御,3
MoS2,3
电化学,3
却,3
高频,3
硒,3
种类,3
新进展,3
现实,3
大面积,3
光合作用,3
几何,3
市,3
十分,3
重金属,3
有害,3
250,3
厚,3
损失,3
生产线,3
单一,3
服务,3
形状记忆,3
规模,3
机器,3
罗切斯特,3
硅树脂,3
比利时,3
自由,3
美国伊利诺伊大学,3
工业化生产,3
患者,3
丝,3
磨损,3
装甲,3
结构钢,3
硅酸盐,3
耐高温,3
所用,3
特种,3
金属粉末,3
检验,3
耐腐蚀,3
油墨,3
超导体,3
美国明尼苏达大学,3
传感,3
吸收率,3
平台,3
路径,3
可再生,3
更轻,3
过滤器,3
衬底,3
有机硅,3
改性,3
毒性,3
航天航空,3
超高温,3
共同开发,3
多孔结构,3
可用,3
能效,3
恶劣,3
CrMnFeCoNi,3
强,3
多功能,3
研究型,3
成本低,3
爱尔兰,3
折光,3
模具,3
室内,3
麻省理工,3
批量,3
显微镜,3
倍且,3
存储容量,3
建筑物,3
CSIRO,3
此基础,3
大幅提高,3
突破性,3
们,3
美国杜克大学,3
测量,3
两个,3
碘化,3
很多,3
氧气,3
虽然,3
或许,3
陶瓷纤维,3
机,3
一年,3
缺陷,3
基金会,3
富士通,3
系,3
磷酸,3
因素,3
河滨,3
三个,3
废料,3
紫外线,3
瑞典,3
农业大学,3
不能,3
摆脱,3
电子束,3
实施,3
密苏里,3
类型,3
原来,3
耐热,3
擦除,3
最近,3
碳纳米,3
负极,3
编织物,3
象草,3
一部分,3
水下,3
一直,3
打下,3
坚实,3
远东,3
基体,3
面临,3
cnBeta4,3
罐,3
依靠,3
污染物,3
树木,3
聚乙烯,3
氮化硅,3
科学研究,3
迪拜,3
高强,3
温差,3
工艺技术,3
变压器,3
若,3
改良,3
本身,3
高清晰,3
常用,3
圣地亚哥,3
晶片,3
美国加利福尼亚大学,3
软性,3
功能性,3
老鼠,3
损伤,3
亿英镑,3
GE,3
亨茨,3
维尔,3
CMC,3
电解液,3
电子电路,3
找到,3
第一批,3
相机,3
电子元件,3
μ,3
m,3
培养,3
iPS,3
金星,3
电源,3
制服,3
鳗鱼,3
黏液,3
威力,3
炸药,3
阴离子,3
蛛丝,3
军工,3
丝纤,3
日立,2
相结合,2
热传导,2
率高,2
局,2
召开,2
启动,2
国防工业,2
欧州,2
普渡大学,2
重构,2
低压,2
金属有机骨架,2
吸附剂,2
最好,2
大容量,2
沥青,2
孔隙,2
无损,2
减轻,2
单兵,2
增强型,2
配备,2
宽度,2
电学,2
预先,2
经过,2
步骤,2
带隙,2
独特,2
磁铁,2
蚀刻,2
微小,2
船只,2
甲壳动物,2
轻易,2
附着,2
海洋,2
永久,2
现象,2
两,2
二次,2
受控,2
相变材料,2
夜间,2
日内瓦大学,2
新款,2
各,2
挤压,2
展现出,2
结构设计,2
光催化,2
组建,2
臭氧,2
退化,2
光通信,2
传输速度,2
概念,2
马里兰大学,2
高密度,2
萨里,2
两大,2
二氧化,2
抑制,2
专利,2
美国密歇根大学,2
佐治亚大学,2
远程,2
酶,2
连接,2
包覆,2
薄层,2
融合,2
癌细胞,2
哈佛大学,2
衍生物,2
力学性能,2
血管,2
屏障,2
有序,2
相互作用,2
无机,2
界限,2
心脏起搏器,2
信息技术,2
西安交通大学,2
筛选,2
适配,2
化学键,2
形核,2
操作速度,2
业内,2
相变,2
高速,2
功耗,2
指导意义,2
sp,2
碳原子,2
储量,2
有限,2
cnBeta11,2
互连,2
疏液,2
防油,2
纯,2
感应,2
纸该,2
接触,2
纤维细胞,2
运作,2
区,2
一条,2
瓶颈,2
柔韧,2
显示器,2
达拉斯,2
10000,2
螺旋,2
管状,2
成熟,2
塔夫,2
茨,2
RSF,2
网状,2
片状,2
银丝,2
奥斯汀,2
共晶,2
缩小,2
下该,2
逐渐,2
发生变化,2
最小化,2
汉阳,2
每秒,2
频率,2
以往,2
无限,2
供给,2
伯克利,2
颠覆性,2
一半,2
SWCNT,2
衣服,2
中为,2
核能,2
距离,2
以此,2
贻贝,2
x,2
碘,2
轰击,2
法国,2
转化成,2
大大降低,2
迄今为止,2
便携式,2
消费,2
公里,2
双层,2
n,2
耦合,2
描述,2
代表,2
萨塞克斯,2
光催化剂,2
黑磷,2
化学家,2
物理学家,2
其所,2
硅片,2
粘性,2
修饰,2
浸入,2
保持良好,2
cm2,2
电气,2
热塑性,2
翘曲,2
大大减少,2
钠离子电池,2
综合,2
出自,2
超疏,2
借鉴,2
胶水,2
触摸,2
首款,2
碎片,2
制药,2
玻璃瓶,2
化学品,2
血浆,2
移动,2
火灾,2
锰钢,2
超细,2
电线,2
封装,2
水溶液,2
才,2
仍能,2
绷带,2
医生,2
无线,2
洛桑,2
去,2
CuSCN,2
5%,2
TYVEK40L,2
包装材料,2
TYVEK,2
医药,2
优点,2
上市,2
保罗,2
谢尔,2
电解水,2
钡,2
锶,2
铱,2
生产工艺,2
容易,2
规模化,2
选区,2
双向,2
精细,2
软,2
构筑,2
透镜,2
利用计算机,2
每个,2
已知,2
剂,2
原本,2
柱状,2
周期性,2
官能,2
掺杂剂,2
CH2,2
塞尔,2
单独,2
电镀,2
丙烯酰胺,2
磁,2
吸收器,2
电磁,2
选用,2
打,2
伏特,2
900%,2
扭曲,2
动作,2
重,2
作出,2
仪器,2
日本东京大学,2
丙烯酸,2
渗入,2
机械性,2
俄罗斯科学院,2
神经元,2
奥地利,2
隐身技术,2
上方,2
阻碍,2
开启,2
2500,2
2008,2
蓝光,2
此,2
平均,2
4D,2
硅胶,2
填充,2
微球,2
不变,2
缓冲,2
沙特,2
偏,2
氟,2
淡水,2
极大地提高,2
自行车,2
各项,2
17%,2
依赖,2
株式会社,2
断裂,2
北卡罗莱纳州,2
水蒸气,2
上述,2
转化率,2
啉,2
h,2
院,2
Ni,2
网状结构,2
爆炸,2
梯烯,2
外力,2
硅氧烷,2
华盛顿,2
科学院,2
轻便,2
水能,2
内壁,2
途径,2
碳化钨,2
耐久性,2
耐用,2
同步,2
桑迪亚,2
温致,2
少量,2
零下,2
聚砜,2
PVA,2
染料,2
合理,2
低温,2
清华大学,2
固有,2
昆虫,2
英寸,2
环氧树脂,2
六周,2
不但,2
病毒,2
隐身衣,2
做,2
罗,2
格斯,2
二硫化钼,2
致动器,2
1.6,2
应用领域,2
英国曼彻斯特大学,2
磁滞,2
必须,2
苯环,2
热稳定性,2
航天器,2
免受,2
BASF,2
BSE,2
甲醇,2
铕,2
分布,2
粘度,2
改造,2
硫化镉,2
化学物质,2
低且,2
化工,2
呈,2
弹簧,2
曲面,2
薄膜状,2
震动,2
注射,2
印度,2
侵蚀,2
地质,2
原子结构,2
属,2
几分钟,2
保时捷,2
编织,2
同等,2
聚苯乙烯,2
商,2
PlastiComp,2
协同,2
保暖,2
吸汗,2
军服,2
汗液,2
可减轻,2
尤其,2
递送,2
活力,2
技术难题,2
视觉,2
检查,2
虚拟现实,2
自动驾驶,2
业,2
海洋生物,2
生物安全,2
船体,2
温室效应,2
厄,2
巴纳,2
试剂,2
酸,2
适应,2
可塑性,2
学习,2
记忆,2
核材料,2
干涉,2
准确,2
美国西北大学,2
纸能,2
肝脏,2
双金属,2
Ga,2
催化活性,2
Pd,2
蜘蛛,2
瓦特,2
热障,2
投入使用,2
内衣,2
龙丝,2
紧密,2
临床,2
致力于,2
表征,2
移动电话,2
拨款,2
氢能,2
新能源,2
超合金,2
质量标准,2
电磁波,2
联手,2
德累斯顿,2
酸盐,2
开采,2
临界温度,2
碳基,2
喷嘴,2
Ir,2
82%,2
慕尼黑,2
NewAtlas,2
松木,2
聚酰亚胺,2
丰富,2
裂,2
细小,2
减震,2
郡,2
信用卡,2
放置,2
秒,2
舰船,2
防污,2
北海道,2
矿业大学,2
铅,2
相似,2
22%,2
最轻,2
99.99%,2
中空,2
泡沫塑料,2
百分之一,2
碳化,2
锆,2
耐热性,2
渗透,2
船舶,2
目的,2
密排,2
熵,2
腐蚀性,2
Bismuthene,2
拓扑,2
数据传输,2
MXene,2
化学电池,2
半透明,2
眼镜,2
太阳镜,2
树脂,2
诸如,2
之类,2
含水量,2
150,2
国立大学,2
钠基,2
锰,2
加拿大,2
假体,2
品质因数,2
佛罗里达,2
宏观,2
牙齿,2
氟化物,2
磷酸盐,2
蛋白酶,2
牙质,2
齿科,2
指数,2
透过,2
室内环境,2
耐磨,2
500,2
工业界,2
cHBC,2
电致,2
13.3%,2
喷气,2
透析,2
气相,2
血液,2
建成,2
端,2
革命性,2
通道,2
单个,2
一氧化氮,2
共,2
东京,2
含量,2
本次,2
模态,2
造影剂,2
MRI,2
早期,2
精度,2
协调,2
利物浦,2
算法,2
真正,2
可靠,2
俄勒冈州,2
计算方法,2
氧化镍,2
鉴定,2
因为,2
实时,2
卡内基,2
属性,2
光照,2
消失,2
MTorres,2
消除,2
燃油,2
弛豫时间,2
极化,2
偶然,2
副产品,2
不足以,2
制取,2
分层,2
阳光,2
空军,2
小巧,2
揭示,2
聚丙烯,2
卓越,2
低能耗,2
钨,2
风力,2
混合结构,2
可见,2
铁系,2
正极,2
周围,2
上升,2
UNIST,2
TENGs,2
原有,2
蒸馏,2
中该,2
回收率,2
重点项目,2
酯,2
少于,2
短,2
借助于,2
2000,2
伊莲娜,2
沃科,2
维克,2
宣称,2
色心,2
跨,2
一大步,2
篡改,2
搭载,2
结构件,2
现已,2
声,2
厘米,2
国外,2
宽带,2
蛇皮,2
耐久,2
扫描,2
超强,2
化学性,2
重写,2
名古屋,2
筒状,2
普及,2
常温,2
铁性,2
如果,2
盘,2
耐受性,2
基板,2
一次性,2
待,2
北卡罗来纳州,2
水合,2
第二代,2
有人,2
不是,2
非常适合,2
收获,2
蓄电池,2
铌,2
十分之一,2
寻找,2
NRC,2
光电子,2
尝试,2
精密,2
NREL,2
面积,2
停留,2
仿真,2
隐藏,2
反,2
被动,2
变成,2
集聚,2
光能,2
管理局,2
商用,2
初创,2
链接,2
芳基,2
构建,2
万种,2
标志,2
着,2
南加州,2
接下来,2
绒毛,2
光敏,2
触摸屏,2
亮度,2
视频,2
加氢,2
320,2
毫安,2
屏蔽,2
草料,2
癸烷,2
尽管,2
高质量,2
水糖,2
战斗,2
1800,2
传导,2
氙灯,2
兆瓦,2
设置,2
日常,2
太阳辐射,2
3000,2
Renca,2
符合,2
微观,2
出可为,2
植入式,2
损耗,2
节省,2
超级计算机,2
浪费,2
除了,2
散热,2
给予,2
经费,2
生物陶瓷,2
A型,2
唯一,2
构造,2
耐受,2
打印机,2
光纤通信,2
皇家,2
墨尔本,2
物,2
神经再生,2
内置,2
XMini,2
氧化锌,2
87%,2
1550nm,2
聚焦,2
砖型,2
网格,2
控制系统,2
对抗,2
制导,2
40%,2
MIT,2
日本京都大学,2
真皮层,2
战略部,2
一块,2
投产,2
客户,2
硅尘,2
碎屑,2
单位,2
尿素,2
价格低廉,2
EMIC,2
全面,2
锗,2
打造出,2
表面积,2
兼容,2
爆破,2
撕裂,2
一代,2
松下,2
曾,2
此类,2
面世,2
3mm,2
三分之一,2
损害,2
1.8,2
SUV,2
JDI,2
透光率,2
同,2
像素,2
混凝土,2
下来,2
干细胞,2
培养皿,2
分辨率,2
100nm,2
新兴,2
对象,2
铁电,2
快报,2
SiC,2
霍尼韦尔,2
防弹背心,2
澳大利亚联邦,2
足够,2
供,2
输送,2
西门子,2
1250,2
契机,2
学会,2
美国通用电气公司,2
卷,2
JSLIST,2
军舰,2
通讯,2
高能,2
含能,2
类物质,2
前沿,2
助力,2
用量,2
整体,2
废热,2
杆菌,2
三星电子,2
利润,2
太空,2
AML,2
垄断,2
度,2
烧制,2
款,2
一次,2
弗劳恩,2
霍夫,2
GLADIATOR,2
限度,2
TiNi,2
结构体,2
导热,1
芯部,1
左右,1
薄型,1
EDA,1
主持,1
探讨,1
预期,1
局为,1
三项,1
一是,1
军民,1
两用,1
或纯,1
二是,1
CapTech,1
路线图,1
三是,1
证明,1
科学杂志,1
普林斯顿大学,1
刻蚀,1
出类,1
凝聚态,1
里程碑,1
cnBeta12,1
中国香港,1
离心分离,1
后放于,1
缓慢,1
致密,1
迄今,1
箱,1
适度,1
减小,1
燃料箱,1
Daily,1
适量水,1
除去,1
剩下,1
天然气井,1
喷出,1
一定量,1
净化,1
降低生产,1
英,1
其正,1
前提,1
英军,1
生存能力,1
实验所,1
牵头,1
更具,1
已有,1
马克斯,1
普朗克,1
扶手椅,1
形,1
刚好,1
带为,1
蒸发掉,1
拼图,1
金质,1
连接成,1
精细结构,1
极具,1
伊利诺伊,1
魏茨,1
曼,1
或光,1
出薄,1
规则,1
孔据,1
基尔,1
Phi,1
Stone,1
环保型,1
无毒害,1
危及,1
生态,1
由聚,1
硫氨酯,1
难以置信,1
光滑度,1
群落,1
污损,1
淤积,1
例行,1
阿尔托,1
性行为,1
中会,1
替换,1
间隙,1
阶跃,1
留在,1
活化,1
疾病诊断,1
遗传学,1
一段时间,1
于光,1
下以,1
脂肪酸,1
混制,1
发展中国家,1
居民,1
太阳灶,1
白天,1
全固态,1
all,1
solid,1
state,1
酸钠,1
NaCrO2,1
层压,1
紧后,1
那样,1
四周,1
而是,1
杨氏模量,1
随,1
结构单元,1
奇异,1
自由度,1
想象,1
仿生材料,1
大学物理,1
预言,1
carbon,1
问世,1
中外,1
比肩,1
蓬松,1
冰膜,1
网络结构,1
多重,1
速度慢,1
多种类型,1
导线,1
兼容性,1
科利,1
奇帕克,1
凉爽,1
要,1
棉织品,1
55%,1
对齐,1
导热性,1
棉织物,1
多该,1
体温,1
暑天,1
空调,1
高性价比,1
温室,1
功能强大,1
铈,1
实际效果,1
期望,1
尽快,1
江南,1
Kevlartilage,1
凯夫,1
置换,1
NatureCatalysis11,1
缓释材料,1
地点,1
负载,1
氧化铁,1
聚集,1
化疗,1
靶向,1
Nature,1
480biomedical,1
PGCL,1
PGA,1
腔体,1
软组织,1
移植,1
鼻窦炎,1
儿科,1
多糖,1
由以,1
木材,1
棉花,1
纸浆,1
壳聚糖,1
溶性,1
特拉维夫,1
分子生物,1
定向,1
氢键,1
肽,1
这类,1
弥合,1
上海,1
晶核,1
孕育,1
随机性,1
化即,1
多倍,1
0.7,1
深入,1
非晶态,1
不同于,1
杂,1
化碳,1
其氧,1
碳载,1
电催化,1
香港大学,1
只要,1
便,1
区别,1
一新,1
微流,1
控法,1
造出,1
衣物,1
厨具,1
高导,1
木,1
造纸,1
水滴,1
进而,1
移位,1
扰乱,1
重组,1
恢复正常,1
只能,1
渗漏,1
痕量,1
Mol,1
巧妙,1
价带,1
给体,1
进一步提高,1
压电效应,1
中且,1
纤薄,1
按钮,1
动能,1
绳,1
弹力,1
家蝇,1
一盏,1
灯,1
海洋环境,1
一旦,1
互联网,1
服饰,1
生丝,1
织造,1
卷状,1
医用,1
缝合线,1
脚手架,1
碱膜,1
高价,1
低密度,1
高温高压,1
出名,1
IdEA,1
碾压,1
出光,1
反射率,1
视角,1
反光,1
用户,1
体验,1
强烈,1
航空航天部,1
称其,1
旋转,1
圆形,1
19.2,1
2.3,1
v,1
电灯,1
抻,1
公斤,1
250w,1
不间断,1
另,1
一大,1
政治,1
并未,1
相近,1
大大简化,1
电子装置,1
高可,1
广谱,1
配位,1
基的,1
圣塔,1
芭芭拉,1
极其,1
延展性,1
邻苯二酚,1
配合,1
外力作用,1
所以,1
兼得,1
介孔,1
和析,1
出介孔,1
PrBa0.5,1
Sr0.5,1
Co,1
Fe,1
+,1
δ,1
IrO2,1
0.3,1
电势,1
下析,1
尚,1
起步,1
成孔,1
碳氧硅金,1
氙,1
钽,1
设定,1
俄,1
完善,1
以期,1
微电子,1
Covestro,1
七个,1
Carbon4PUR,1
钢铁行业,1
烟气,1
有效率,1
组分,1
多元醇,1
无须,1
中间,1
已为,1
高丽,1
逐层,1
纸质,1
能为,1
还有,1
宾汉顿,1
有关,1
超音速,1
管,1
boronnitridenanotube,1
管可,1
900,1
时速,1
6400,1
结,1
结和硅,1
片上,1
领先,1
架构,1
干涉仪,1
调制器,1
处理器,1
ISO,1
出版,1
许多,1
术语,1
依据,1
一致,1
斯旺西,1
变,1
身为,1
字母,1
心形,1
计算机控制,1
非金属材料,1
TetsuroMajima,1
领衔,1
二元,1
非金属,1
较强,1
石溪,1
跨学科,1
神经网络,1
解读,1
公式,1
章鱼,1
吸盘,1
突起,1
干湿,1
圆底,1
吸力,1
粗糙,1
潮湿,1
游行,1
重复,1
强胶,1
精巧,1
易用,1
胺,1
活性剂,1
15.1,1
mW,1
267.3,1
uW,1
截面,1
椭圆,1
短切,1
原丝以,1
增强塑料,1
钠盐,1
484mAh,1
726Wh,1
Kg,1
PDMS,1
基材,1
注入,1
丙基,1
氯硅烷,1
TCPS,1
低粘度,1
硅油,1
SOTCPS,1
湿气,1
缩聚反应,1
草状,1
SO,1
赋予,1
户外,1
耐候性,1
湿热,1
拓展,1
双疏,1
哈佛,1
医学院,1
悉尼大学,1
60s,1
喷,1
上经,1
数十秒,1
缝合,1
缝线,1
内伤,1
肺部,1
动脉,1
交通事故,1
紧急状况,1
Axalta,1
防,1
碎玻璃,1
涂膜,1
破碎,1
适当,1
在世界上,1
化妆品,1
香料,1
香水,1
饮品,1
美国加州大学洛杉矶分校,1
热效应,1
致动,1
热力学,1
制冷,1
系数,1
2.8,1
w,1
5s,1
过热,1
引起,1
隐患,1
生存,1
延世大学,1
热轧,1
冷轧,1
初始,1
1.0,1
3s,1
低至,1
650,1
400%,1
工业化,1
几毫米,1
天该,1
有毒气体,1
发送,1
读取器,1
FlexNode,1
湿度,1
阻抗,1
医护人员,1
及时发现,1
感染,1
并发症,1
了解,1
病人,1
康复,1
出超,1
除法,1
硫氰酸,1
亚铜,1
金层,1
层以,1
极佳,1
杜邦,1
第十三届,1
展览会,1
首发,1
风险,1
低掉,1
屑,1
洁净,1
透气,1
公认,1
典范,1
无菌,1
延续,1
公开,1
发售,1
陆续,1
亚洲,1
北美,1
铁元素,1
火焰,1
喷注,1
特定条件,1
媲美,1
图案,1
分次,1
预,1
规整,1
形貌,1
取向,1
入射光,1
衍射,1
图案化,1
视窗,1
指纹,1
南,1
出比水,1
四面体,1
铝经,1
0.61,1
cm3,1
比水,1
轻该,1
成核,1
融化,1
不相容,1
凝固,1
裂纹,1
锻造,1
CC2,1
CH,1
=,1
最小,1
19.2%,1
明显提高,1
启示,1
德雷克,1
可使,1
储电,1
储,1
电器,1
含,1
溶剂胶,1
黏剂,1
漏,1
粘,1
组成部分,1
加水,1
水解反应,1
220,1
约翰,1
霍普金,1
单链,1
杂交,1
互补,1
序列,1
溶胀,1
多种不同,1
复材,1
新增,1
连接件,1
液相,1
法制,1
出太,1
调制,1
出史,1
逼真,1
微泡,1
遍布,1
硅橡胶,1
升至,1
推拉,1
千倍,1
休斯顿,1
手臂,1
感知,1
冷热,1
机械手,1
区分,1
冷热水,1
电信号,1
语音,1
提醒,1
理化,1
PNTz4T,1
对二甲苯,1
两面,1
5.4%,1
滴水,1
仍高达,1
耐水性,1
监护仪,1
供电系统,1
开关,1
两极,1
钛酸锶,1
衬板,1
外延,1
人脑,1
维也纳,1
波形,1
旁边,1
光波,1
LG,1
开发商,1
涵盖,1
全系列,1
色彩,1
专注,1
激活,1
延迟,1
TADF,1
供货,1
超纯,1
4.8,1
发出,1
纯度,1
绿光,1
Rec.2020,1
国际标准,1
最纯,1
电视机,1
73.11%,1
77.72%,1
电光,1
色质,1
清,1
利佛,1
莫尔,1
空心,1
玻璃化,1
鞋子,1
光热,1
抽滤,1
Mxene,1
层层,1
乙烯,1
84%,1
每平方米,1
产出,1
1.4,1
环境友好,1
据据,1
新反,1
应该,1
质谱,1
解析,1
官能团,1
基团,1
三种,1
数万,1
炔,1
烃,1
烯丙基,1
芳基化,1
荷兰,1
瓦赫,1
宁根,1
Vredestein,1
根部,1
培育出,1
优质,1
品种,1
其含,1
胶量,1
用此,1
多元化,1
制铁,1
C6,1
8MPa,1
抗拉强度,1
1250MPa,1
器具,1
立体,1
螯合剂,1
离子键,1
铁氧体,1
氧化钙,1
氧化锰,1
中当,1
床,1
时会,1
喹,1
喔,1
基芳,1
杂环,1
3Q,1
醚,1
成可,1
395mA,1
数码产品,1
制动,1
锁住,1
起火,1
力,1
氯,1
超声,1
反式,1
聚乙炔,1
加深,1
智能材料,1
休斯敦大学,1
己基,1
噻吩,1
二甲基,1
感测,1
技术革新,1
人机交互,1
植物,1
残渣,1
木质素,1
聚丙烯腈,1
车用,1
显微结构,1
铸件,1
波兰,1
核物理,1
电解质材料,1
酰胺,1
硼氢化,1
氨基,1
起电,1
静电感应,1
内外,1
壁均,1
球,1
疏,1
水性,1
失效,1
特拉华,1
粒径,1
电池隔膜,1
斥资,1
12.2,1
XFEL,1
中旬,1
汉堡,1
附近,1
第一次,1
多达,1
27000,1
亮度比,1
亿倍,1
科学知识,1
IRDynamics,1
钒,1
配方,1
玻璃窗,1
信州,1
GO,1
FLG,1
离子交换,1
少层,1
脱氧,1
胆酸,1
旋涂,1
NaCl,1
灌溉,1
超大,1
异常,1
长大,1
晶界,1
700mm,1
直径,1
15mm,1
拓宽,1
记忆合金,1
双曲,1
反转,1
阈值,1
切,1
伦科夫,1
颠覆,1
模式,1
小型化,1
信息科学,1
眼睛,1
蜂窝状,1
边长,1
0.02,1
相对湿度,1
85%,1
内务部,1
必要,1
科研工作,1
塑料薄膜,1
施加压力,1
卷曲,1
数百次,1
165,1
机电,1
GaAs,1
ZnSe,1
结中,1
初始状态,1
213,1
弗吉尼亚,1
KaptonKapton,1
内碳,1
芳香族,1
出色,1
680,1
行星,1
隔热层,1
寒冷,1
巴斯夫,1
巴登,1
过量,1
电解,1
dipanddry,1
条,1
电位,1
SSA,1
广角,1
圣彼得堡,1
掺,1
氧化锆,1
非水,1
溶胶,1
严格,1
二氧化锆,1
流变学,1
参数,1
全息图,1
劳伦斯伯克利,1
热醋,1
穆尔,1
氏菌,1
乙酸,1
废物,1
多根,1
纺成,1
捻度,1
或涂,1
液后,1
可为,1
海浪,1
双重,1
调节器,1
这层,1
磁化强度,1
声震,1
接收,1
共振频率,1
特高频,1
甚高频,1
跨越,1
无线通讯,1
墨西哥,1
莱昂,1
加尔各答,1
高传,1
感性,1
稀土金属,1
铒,1
钬,1
油气,1
核电,1
520,1
其介孔,1
伊,1
迪斯考,1
恩,1
污水,1
堆积,1
长程,1
短程,1
废液,1
污水净化,1
环境污染,1
交织,1
轮辋,1
坚韧度,1
借此,1
车企,1
冲绳,1
几,1
将长,1
成型,1
体育用品,1
聚乙二醇,1
异丙基,1
棉,1
聚酯,1
尼龙,1
3V,1
极寒,1
手套,1
护膝,1
重物,1
长距离,1
行走,1
微创,1
马来酸,1
八,1
甲酯,1
酸酐,1
新创,1
纽约,1
生医,1
安全监控,1
领军人,1
地区,1
南洋,1
猪笼草,1
捕食,1
机理,1
灌注,1
超滑,1
SLIPS,1
潜艇,1
服役,1
布鲁塞尔,1
受伤,1
温敏性,1
回复,1
受限,1
住,1
BN,1
冷冻干燥,1
香槟,1
乙基,1
支撑,1
碳酸,1
残留物,1
纯净,1
节约,1
钐,1
下会,1
巨大变化,1
突触,1
思维,1
忘记,1
保留,1
国家标准,1
宇宙,1
本底辐射,1
128,1
极冷,1
放大器,1
射频,1
动物,1
写,1
叠,1
疗伤,1
猪,1
牛,1
胞外基质,1
卵巢,1
子宫,1
肾脏,1
激素,1
分泌,1
资讯,1
埃尔朗根,1
纽伦堡,1
丁烷脱氢,1
附加值,1
烷烃,1
高附加值,1
烯烃,1
化学工业,1
展现,1
特兰托,1
喂食,1
赫瑞,1
千,1
兆赫,1
GHz,1
频谱,1
判别,1
弱区,1
克莱格,1
Biocraft,1
总价,1
转基因,1
每千克,1
美元,1
实力,1
人员伤亡,1
摩根,1
条例,1
可燃,1
FireMasterMarinePlusblanket,1
碱土,1
AES,1
绝热,1
隔音性,1
喷洒,1
水后,1
引发,1
炎症,1
延寿,1
SEI,1
GPS,1
手提电脑,1
军事装备,1
1580,1
车载,1
加利福尼亚,1
Thermal,1
LLC,1
台湾,1
GloriaMaterial,1
Corp,1
GMTC,1
数据库,1
级联,1
矩形,1
脊状,1
相反,1
改变方向,1
输出功率,1
杨百翰,1
边界,1
grainboundaries,1
耐腐蚀性,1
关系,1
金属腐蚀,1
经济损失,1
南安普敦,1
粘土,1
皂石,1
由藻,1
甲基,1
保真度,1
俱佳,1
可移植,1
保护环境,1
筛分,1
废弃物,1
钕铁硼,1
NdFeB,1
淬火,1
27%,1
37K,1
57K,1
性远超,1
11K,1
四个,1
依次,1
两层,1
线圈,1
起,1
顶层,1
有机物,1
数学,1
wrinklelithography,1
1200nm,1
160%,1
法国巴黎,1
第七,1
光还原,1
CH4,1
四,1
苯基,1
卟,1
络合,1
光敏剂,1
ppy,1
CO,1
CH4CH4,1
量子产率,1
0.18%,1
自分解,1
至数,1
载药,1
器官移植,1
Org,1
掩模,1
下能,1
DOLFIN,1
松,1
木制,1
LIG,1
即用,1
磷,1
洛斯,1
阿,1
拉莫斯,1
近型,1
LENS,1
316L,1
奥氏体,1
圆柱体,1
AM316LSS,1
详细,1
量化,1
及层,1
期,1
枝晶,1
其层,1
脊椎,1
椎间盘,1
冲击力,1
Zenyatta,1
苏塞克斯,1
达成,1
借记卡,1
外泄,1
反映,1
除掉,1
上面,1
并用,1
氧化剂,1
一分钟,1
升,1
食醋,1
清洗,1
重复使用,1
偏远地区,1
遭受,1
水污染,1
人们,1
饮用水,1
水面,1
单组分,1
视觉效果,1
持续时间,1
醇酸树脂,1
对锈渍,1
烟灰,1
DeepTech,1
碳钢,1
般的,1
协同效应,1
防护服,1
铅基,1
自行,1
炭黑,1
又称,1
白色,1
变窄,1
使该,1
微弱,1
表面张力,1
自选,1
力矩,1
扩展,1
罗伊斯,1
中南大学,1
超声速,1
飞行器,1
熔体,1
大大缩短,1
碳复合材料,1
极强,1
抵抗力,1
巴塞罗那,1
自治,1
加泰罗尼亚,1
铜合金,1
海绵,1
磁存储器,1
示范,1
RAMSSES,1
1080,1
造船,1
运营商,1
四年,1
共有,1
合作方,1
总,1
海况,1
面心,1
FCC,1
放入,1
压腔,1
加压,1
54.1,1
GPa,1
高硬度,1
HCP,1
软磁,1
抗热,1
抗压,1
维尔茨堡,1
电子学,1
德雷,1
碳化物,1
微处理器,1
眼镜架,1
外观,1
无异,1
眼镜片,1
微瓦,1
足以,1
助听器,1
步入,1
计数器,1
化学系,1
其余部分,1
葫芦,1
脲,1
兆,1
帕,1
丝绸,1
首尔,1
由锂,1
美韩,1
大部分,1
稀有,1
电动车,1
曼尼托巴,1
羧基,1
三价,1
动态,1
自我,1
电性能,1
1500%,1
敏感性,1
长期,1
为方,1
矿,1
CoSb3,1
配比,1
热点,1
利默里克,1
获新,1
隧道,1
结其,1
整流,1
巴西,1
利比亚,1
硬,1
半胱氨酸,1
减弱,1
脱矿,1
胶原,1
矿化,1
防辐射,1
率该,1
宇航员,1
伤害,1
Carbodeon,1
CCT,1
聚四氟乙烯,1
PTFE,1
电镀法,1
高耐磨,1
印染机械,1
波鸿,1
鲁尔,1
聚苯,1
噁,1
嗪,1
牢固地,1
催化反应,1
美国普林斯顿大学,1
六苯,1
蒄,1
激发,1
能量消耗,1
舒适,1
ZnS,1
Ag,1
MoO3,1
85.5%,1
一步,1
膜状,1
以便,1
二硅化物,1
Mo0.85,1
Nb0.15,1
Si2,1
Cr,1
平行,1
层面,1
形变,1
燃气轮机,1
小于,1
孔,1
膜分离,1
AFFOA,1
创业,1
孵化器,1
教育,1
基地,1
激励,1
领先地位,1
斯坦福,1
狭窄,1
手工,1
存活率,1
andtechnologynews,1
抗菌,1
抗凝血,1
致力,1
保存,1
期限,1
若该,1
导尿管,1
气管,1
&,1
ResearchNews,1
生物工程,1
持久,1
模板,1
混,1
片该,1
更大,1
持久性,1
牡蛎,1
壳,1
动力学,1
金属结构,1
基础设施,1
深远影响,1
阿德莱德,1
钌,1
温和,1
96%,1
氨,1
弗吉尼亚州,1
亚历山大,1
峰会,1
讨论,1
邀请,1
美国空军,1
陆军,1
海军陆战队,1
出席,1
发言,1
关注度,1
PSG,1
共沉淀,1
钆,1
SiO2,1
核磁共振,1
对比度,1
死亡率,1
液中,1
原位,1
均匀分布,1
通路,1
预测出,1
代表性,1
此该,1
AZoM,1
加州大学,1
伯克利分校,1
相中,1
防腐蚀,1
斯坦福大学,1
工作者,1
铜为,1
晶型,1
农作物,1
粮食,1
可持续性,1
三层,1
著名,1
下一阶段,1
试图,1
性据,1
电气工程师,1
上能,1
精确度,1
胎面,1
花纹,1
美分,1
燕山大学,1
汉诺威,1
博览会,1
紧密结合,1
制成品,1
个性化,1
制件,1
绝对零度,1
273.15,1
228,1
下单,1
存储设备,1
基础理论,1
供应商,1
紧固件,1
另外,1
人工成本,1
巴黎,1
航空展,1
单壳,1
铵,1
电子自旋,1
如能,1
创纪录,1
富含,1
迈克尔,1
格雷泽,1
带领,1
高于,1
氧化铜,1
创下,1
新纪录,1
化石,1
竞争,1
一天,1
引领,1
太阳水,1
无限量,1
液体燃料,1
皇后,1
C60,1
轻巧,1
耗电,1
伊利诺斯,1
hBN,1
吹纺,1
编织成,1
消防员,1
绝缘层,1
二氧化钛,1
净水,1
Advanc3d,1
线材,1
PP,1
吸湿性,1
耐用性,1
利用率,1
专,1
SLS,1
体育,1
矫形,1
sciencedaily5,1
纯氢,1
合成物,1
交通运输,1
MichaelGrtzel,1
Solaronix,1
12.9,1
14.6,1
瞬态,1
光栅,1
TransientGratingSpectroscopyTGS,1
一组,1
激光束,1
振动,1
探头,1
光束,1
安全局,1
相匹敌,1
氧原子,1
Li5.33,1
Fe5.33,1
P2O7,1
纽扣,1
3.8,1
这比,1
LiFePO4,1
还要,1
LiCoO2,1
枯竭,1
电介质,1
吸取,1
多一倍,1
100%,1
以下,1
干旱地区,1
盐度,1
废水处理,1
研究局,1
IACMI,1
乙烯基,1
上浆,1
至少,1
三分钟,1
ICFO,1
图像处理,1
数字相机,1
红外线,1
完整,1
监控,1
消防系统,1
MRSBulletin,1
诱导剂,1
PH值,1
氢氧化物,1
萨利托夫,1
对水,1
毒素,1
过敏原,1
具,1
者,1
免遭,1
危害,1
除此之外,1
空气流通,1
性该,1
运动员,1
极地,1
考察,1
员,1
服将,1
年底,1
乌克兰,1
Ti,1
Si,1
Nb,1
生物力学,1
BT6,1
骨科,1
二种,1
压力容器,1
COPV,1
探空火箭,1
拉伸强度,1
格伦,1
兰利,1
马歇尔,1
葡萄牙,1
EUCARBON,1
第一条,1
现行,1
规范,1
EMPA,1
阻尼材料,1
相互,1
关联,1
环状,1
沿着,1
上下,1
前后左右,1
沿其,1
对称轴,1
转动,1
结果显示,1
人声,1
典型,1
很强,1
阻尼作用,1
航空工业,1
含锂,1
酸处理,1
矿石,1
废旧,1
终端产品,1
同类产品,1
纯锂,1
并行处理,1
万吨,1
碳酸锂,1
机上,1
14.4,1
介电常数,1
办公室,1
学科,1
弗莱堡,1
水溶性,1
中间层,1
暴露出,1
底层,1
水层,1
透射,1
电子显微镜,1
STEM,1
辅助,1
甲基丙烯酸甲酯,1
PMMA,1
间距,1
图形化,1
所得,1
图形,1
面密度,1
万亿个,1
尺度,1
般,1
亚胺,1
压扁,1
回升,1
手,1
手已,1
抓取,1
铅笔,1
锡酸,1
BaSnO3,1
价格昂贵,1
隙,1
卡巴迪,1
诺,1
巴尔,1
卡里亚,1
Kabardino,1
Balkarian,1
耐火,1
耐冻,1
高水平,1
惰性,1
外骨骼,1
太空服,1
机械工程,1
KIT,1
生物学,1
学界,1
铸模,1
PSI,1
记录,1
需少,1
永久性,1
数百年,1
千年,1
久,1
次地,1
读取,1
存放,1
特殊要求,1
定期,1
人工干预,1
体积小,1
存储量,1
气候,1
侵蚀性,1
化学试剂,1
电离辐射,1
静电荷,1
不利,1
极高,1
由铁,1
一周,1
溶于,1
弱酸,1
当中,1
无害,1
血压,1
血糖值,1
植入性,1
cnBeta5,1
以单,1
水分,1
隔开,1
氧化钨,1
活跃,1
粉状,1
伊利诺伊大学,1
机械故障,1
几率,1
印度尼西亚,1
国营,1
糖业,1
RNI,1
北塔,1
米纳,1
丰田公司,1
以象,1
草,1
NapierGrass,1
很少,1
粮食作物,1
印尼,1
作物,1
栽培,1
低产量,1
三次,1
电机,1
每克,1
毫瓦,1
数值,1
作,1
以致,1
电网,1
困难,1
今后,1
蓄电,1
打开,1
多出,1
据称,1
研磨成粉,1
备选,1
理事会,1
计量,1
一套,1
专业知识,1
原子力,1
曼光谱,1
能谱,1
热加工,1
石英玻璃,1
数十,1
光学设备,1
模块化,1
11.1,1
原本会,1
峰值,1
114%,1
产量,1
计算机科学,1
人工智能,1
精确性,1
运动鞋,1
有效性,1
走向,1
性及,1
可回收,1
空天,1
分院,1
贴于,1
窗格,1
窗体,1
SAEinternational,1
metalpowder4,1
挪威,1
首批,1
Dreamliner,1
这批,1
RPD,1
美国联邦,1
today4,1
协会,1
一揽子,1
资格,1
名,1
员工,1
多种多样,1
查询,1
提供商,1
包,1
支援,1
参展,1
迭代,1
Witting,1
环,1
戊烯,1
异构体,1
带段,1
介导,1
偶联,1
共享,1
闭环,1
Heusler,1
裁剪,1
种,1
以前,1
从未见过,1
新纪元,1
都柏林,1
三一学院,1
分离器,1
食品药品,1
标签,1
钞票,1
护照,1
使用量,1
尚需,1
时日,1
分辨,1
多组,1
元格型,1
伸长,1
横向,1
收缩,1
15%,1
沙特阿拉伯,1
极薄,1
脆弱性,1
嵌入,1
莱布尼兹,1
箔,1
银制,1
价格便宜,1
渥太华,1
美国洛斯阿拉莫斯国家实验室,1
新墨西哥,1
QD,1
工具,1
埃克塞特,1
内存,1
存取数据,1
闪存,1
新日,1
住友,1
钢制,1
罐由免,1
焊接,1
无缝钢管,1
价格比,1
2025,1
至约,1
NIMS,1
逼近,1
东京大学,1
skin,1
浓度,1
心跳,1
生理,1
Eurekalert4,1
萨尔州,1
UweHartmann,1
特别之处,1
编制成,1
保鲜膜,1
根特,1
梭菌,1
污染性,1
数十年,1
布兰迪斯,1
ATP,1
腺苷,1
古杂,1
运输网络,1
机械设备,1
过,1
NEWATLAS3,1
充当,1
木质部,1
韧皮部,1
平衡,1
数天,1
运输,1
泵,1
液压,1
糖度,1
泵据,1
美军,1
佛蒙特州,1
RevisionMilitary,1
签订,1
9800,1
人民币,1
6.75,1
亿元,1
分子量,1
抵挡,1
手枪,1
弹片,1
袭击,1
缩减,1
DESY,1
15.6,1
吉帕,1
一片,1
c,1
Si3N4,1
略,1
次于,1
其比,1
达特茅斯,1
轮烷,1
空格,1
子结构,1
硬币,1
塞浦路斯,1
创新型,1
SMEs,1
NanoDiGree,1
明显降低,1
数字,1
广告牌,1
电子书,1
太空中心,1
完工,1
名叫,1
Synlight,1
149,1
盏,1
短弧,1
平方米,1
辐射量,1
当短,1
弧,1
集中,1
室,1
内其,1
波特兰,1
能源工业,1
燃煤,1
粉尘,1
颗粒状,1
炉渣,1
耐火性,1
专门,1
市政府,1
打算,1
劣势,1
检测器,1
场效应,1
小草,1
独立,1
可调,1
孔隙率,1
温度差,1
差为,1
镉,1
化物,1
水银,1
涉及,1
炊具,1
监测仪,1
IBM,1
液流,1
电脑芯片,1
耗散,1
流量,1
厚净,1
计算机芯片,1
除可为,1
供能,1
电子系统,1
NUSTMISiS,1
铁基非,1
晶,1
芯体,1
66%,1
更换,1
非晶,1
加州理工学院,1
选定,1
有用,1
NERSC,1
计算资源,1
数种,1
进步,1
LLNL,1
长且,1
控制部件,1
量子态,1
超流,1
超导磁体,1
高功率,1
氢离子,1
载流子,1
束缚,1
该类,1
波尔,1
冷却水,1
金属银,1
下面,1
轧制,1
屋顶,1
自动,1
回到,1
署,1
骨,1
外科,1
独特性,1
造孔,1
添加剂,1
这样,1
介质,1
共存,1
前所未有,1
现代医学,1
重新组合,1
命名,1
AA,1
X光,1
确认,1
AB型,1
单晶体,1
出像,1
莫斯科大学,1
远超,1
超轻型,1
以内,1
450,1
熔解,1
制造业,1
乙二醇,1
雾化,1
熔接,1
环形,1
螺旋状,1
转换器,1
UCSD,1
斗篷,1
光吸收,1
出仅,1
出厚,1
局限性,1
末梢神经,1
布状,1
千分之一,1
出具,1
维生素,1
B12,1
内使,1
坐骨神经,1
小白鼠,1
切断,1
病例,1
迪肯,1
高端装备,1
米兰,1
比克,1
卡,1
LSCsluminescentsolarconcentratorsLSCs,1
引导,1
塑料板,1
艾克斯,1
康,1
Exechon,1
阿布扎比,1
防务展,1
展出,1
首台,1
五轴,1
机床,1
难以接近,1
机翼,1
翼盒,1
拆卸,1
范式,1
质轻,1
调谐,1
阻隔,1
2200,1
光据,1
布里斯托,1
共同,1
成形,1
砖块,1
肿瘤,1
下属,1
电子仪器,1
躲避,1
树叶,1
电脉冲,1
起来,1
识别,1
热辐射,1
电磁辐射,1
碳素钢,1
耐磨损,1
韧带,1
肌腱,1
还细,1
鳞片,1
polyethylene,1
宽且,1
柔软性,1
采集,1
脑科学,1
神经细胞,1
CyfuseBiomedicalRegenova,1
机将,1
桥接,1
硅胶管,1
2.29,1
分为,1
其一,1
曼彻斯特大学,1
世界级,1
1.26,1
谢菲尔德,1
利兹,1
剑桥大学,1
牛津大学,1
帝国,1
其二,1
为罗瑟琳,1
富兰克林,1
1.03,1
生命科学,1
部长,1
格雷格,1
•,1
克拉克,1
放在,1
现代,1
生命,1
操作失误,1
一些,1
随即,1
质疑,1
样本,1
从未,1
造,1
出过,1
为了,1
疑虑,1
氢据,1
陕西省,1
出镁锂,1
合金材料,1
轻金属,1
金属镁,1
降噪,1
阻尼,1
性强,1
知识产权,1
型号,1
阿拉巴马州,1
羧甲基,1
2%,1
航空公司,1
美国国防部,1
赛峰,1
碳素,1
股权,1
半,1
干电池,1
克,1
周期,1
扩张,1
每年,1
1500,1
场景,1
东丽,1
开拓,1
爱媛县,1
新建,1
首座,1
部材,1
车体,1
阿肯色,1
光泵浦,1
法在,1
处理速度,1
RMIT,1
莫,1
纳什,1
英联邦,1
深度,1
就是,1
KAUST,1
多数,1
半导体技术,1
度时,1
元器件,1
触发,1
泛用,1
性极,1
极少,1
操作者,1
来说,1
购买,1
智慧,1
社区,1
银行,1
对冲,1
社会保障,1
20.1%,1
传统工艺,1
百分点,1
富士公司,1
号称,1
最快,1
发热,1
电路设计,1
拍摄,1
水准,1
美国宇航局,1
迈阿密,1
体型,1
2mm,1
CubeSats,1
彻底改变,1
操控,1
载荷,1
桁架,1
空间站,1
车架,1
桌面,1
充电器,1
房子,1
墙壁,1
补充,1
住户,1
高峰期,1
用电,1
合适,1
防撞,1
防潮,1
防燃,1
轻微,1
削弱,1
物件,1
轻盈,1
梅隆,1
热导,1
绝缘性,1
内嵌,1
中以,1
97%,1
导出,1
幅度,1
披萨,1
希伯来,1
可高达,1
1100%,1
市售,1
五倍,1
重复性,1
117ppi,1
1677,1
透光度,1
于车,1
商场,1
橱窗,1
教育领域,1
NTT,1
终端设备,1
钢筋,1
纯碳,1
美国化学会,1
空调设备,1
使因,1
驱散,1
机器设备,1
适于,1
尚佩恩,1
陶氏,1
胶体,1
光电效应,1
外部环境,1
手指,1
掠过,1
细微,1
差别,1
非触,1
碰,1
手势,1
屏,1
地用,1
红色,1
演示,1
正试图,1
红,1
蓝绿,1
三色,1
布,1
多能,1
该布,1
明胶,1
合成纤维,1
1mm,1
细胞培养,1
很小,1
品质,1
成员国,1
罗马尼亚,1
LANIR,1
红外光谱仪,1
70nm,1
组织细胞,1
演变,1
阿尔茨海默氏症,1
肺癌,1
深入研究,1
化铅,1
都灵,1
多壁,1
流变,1
超长,1
结构调整,1
中性,1
水来,1
存储系统,1
场合,1
公众,1
轻薄透明,1
2200nm,1
如为,1
波段,1
奥卢,1
晶体结构,1
矿物质,1
特质,1
城市,1
经受,1
受压,1
某些,1
吸引,1
排斥,1
多种形式,1
高热,1
存活,1
521,1
本质,1
钢,1
漂浮,1
减重,1
35%,1
警察,1
考虑,1
迎合,1
军方,1
NUSTMISIS,1
燃烧,1
蔓延,1
SHS,1
衰减,1
污染,1
蓄能,1
有害物质,1
骨组织,1
小鼠,1
头骨,1
周内,1
91%,1
食用油,1
豆油,1
1nm,1
剃刀,1
常温下,1
苛刻,1
碳膏,1
毡,1
高且,1
腐蚀,1
轻拍,1
果冻,1
晃动,1
非平衡态,1
冲击,1
维度,1
重现,1
布莱根,1
妇女,1
医院,1
胃酸,1
伏,1
自放电,1
安全隐患,1
燃气,1
多晶,1
13000,1
转,1
运转,1
缩短,1
开发成本,1
收购,1
Solutions,1
重大突破,1
电容量,1
短短,1
几十秒,1
两三年,1
电动,1
大巴,1
费用,1
产品价格,1
捷克,1
HE3DA,1
效能,1
高等,1
汽车行业,1
增大,1
布拉格,1
试生产,1
很快,1
卡尔维纳,1
蓝相,1
1500ppi,1
苹果,1
Retina,1
三倍,1
头戴,1
近距离,1
清晰,1
细腻,1
画面,1
早,1
出蓝相,1
液晶屏幕,1
未能,1
推向市场,1
装配,1
ceramicmatrixcomposite,1
第二阶段,1
一轮,1
累积,1
灰尘,1
起飞,1
着陆,1
上半年,1
CSEM,1
吞吐量,1
易碎,1
ITO,1
艾奇,1
伍德,1
美国防部,1
自然环境,1
大气,1
吸水,1
轻量级,1
穿着,1
战斗性能,1
单兵作战,1
作战,1
致命性,1
静态,1
精炼,1
说,1
植物油,1
可行,1
按照,1
过去,1
低据,1
顶,1
砧,1
容器,1
DAC,1
超高压,1
氢原子,1
常压,1
推进剂,1
爆,1
原子弹,1
引爆,1
氢弹,1
那,1
瓦拉,1
公立,1
瓦伦西亚,1
扩散系数,1
围绕,1
对光,1
负,1
除短,1
以外,1
不佳,1
光学材料,1
深远,1
隐形飞机,1
化工学院,1
胡炳成,1
首份,1
盐该,1
全氮类,1
TNT,1
爆轰,1
无污染,1
历史性,1
坚实基础,1
注射器,1
泵取,1
PH,1
信息化,1
部,1
改革,1
委,1
财政部,1
印发,1
阐述,1
现状,1
形势,1
总体,1
急需,1
布局,1
九大,1
五大,1
出台,1
科技成果,1
跨越式,1
马德里,1
卡洛斯,1
三世,1
天,1
复制,1
表皮层,1
植皮,1
cnBeta1,1
理,1
比较,1
法将,1
多肽,1
提炼,1
社会,1
内阁,1
府,1
革新,1
大分子,1
网络版,1
美国耶鲁大学,1
统一,1
近年来,1
高新,1
俄亥俄,1
喷射,1
更厚且,1
马萨诸塞,1
安姆,1
斯特,1
研究室,1
株,1
基因,1
低毒性,1
压电,1
叠加,1
每层,1
带电粒子,1
FENG,1
薄可有,1
走路,1
第四季度,1
财报,1
营业,1
同比,1
上涨,1
上游,1
note7,1
爆炸案,1
支柱,1
钳制,1
下游,1
竞争对手,1
终端,1
话语权,1
出于,1
压制,1
国产手机,1
断货,1
危机,1
达姆,1
施塔特,1
高岭土,1
出地,1
水泥地,1
抗压强度,1
哈尔滨,1
天顺,1
指标,1
贸易,1
封锁,1
国产,1
船舰,1
克里特,1
战斗机,1
切削,1
一小块,1
阻挡,1
卫星通信,1
RSCC,1
对此,1
感兴趣,1
建,1
先进制造,1
增材制造,1
专业,1
建模,1
NNSA,1
库存,1
能源安全,1
宇部,1
兴产,1
炭精,1
两家,1
美国通用电气,1
最新型,1
以来,1
镍合金,1
四种,1
改由,1
尖端,1
耗油量,1
客机,1
777X,1
接到,1
订单数,1
架飞机,1
核辐射,1
基合金,1
核燃料,1
保护层,1
核反应堆,1
核工业,1
材料价格,1
二钙,1
优于,1
发射装置,1
长春,1
应化,1
平面,1
高产,1
高碳,1
氧比,1
分散性,1
复合膜,1
三菱,1
接合,1
马达,1
变频器,1
200mm,1
迁移率,1
HEMT,1
远,1
蓝宝石,1
5G,1
数据网络,1
全功能,1
GaNHEMT,1
海波,1
前期,1
β,1
远高于,1
一个月,1
AFMRaman,1
EDS,1
蜕变,1
如此,1
后续,1
橡树,1
岭,1
ORNL,1
FEBID,1
别的,1
超高速,1
电缆,1
佐贺县,1
窑业,1
350MPa,1
1300,1
只是,1
气泡,1
破损,1
降低成本,1
子公司,1
SDI,1
筹备,1
行驶,1
599,1
最早,1
2021,1
动力系统,1
照明设备,1
远大于,1
去年,1
1240,1
年内,1
浙江大学,1
灵敏,1
遇到,1
发光强度,1
水质,1
延展,1
ATI,1
布里斯托尔,1
ACCIS,1
庞巴迪,1
施胶,1
完整性,1
做成,1
低碳钢,1
后者,1
说明,1
强而轻,1
4.0,1
发生器,1
反过来,1
轮船,1
TPiENG,1
单种,1
而言,1
北京,1
航材,1
对大,1
不断,1
填补,1
此项,1
空白,1
发达国家,1
Panasonic,1
合资,1
Gigafactory,1
圆柱形,1
2170,1
大众化,1
中航,1
迈特,1
获得成功,1
流动性,1
制约,1
送粉,1
铺,1
粉,1
格莱特,1
磷化,1
失败,1
阿联酋,1
沙迦,1
美国大学,1
以氢,1
动力源,1
旋翼,1
空中,1
两三个,1
续航,1
返航,1
有效载荷,1
出纯,1
两到,1
三年,1
喷涂,1
脆性,1
复杂性,1
美国匹兹堡大学,1
美国国家航空航天局,1
软件,1
Inconel718,1
大连,1
化物所,1
第一架,1
驾驶,1
试验机,1
东北,1
首飞,1
适应性,1
飞行技术,1
试飞,1
继,1
美德,1
第三个,1
TuftsUniversity,1
程序控制,1
programmable,1
一体式,1
五金产品,1
家居用品,1
